# Blender 4.4.1
# www.blender.org
mtllib Hair5.mtl
o Cube
v -0.464833 3.839156 0.489143
v -0.469067 4.826982 0.481057
v -0.480307 3.819117 -0.479570
v -0.432303 4.805717 -0.496951
v -0.544172 3.757837 -0.272449
v -0.571326 3.733517 0.003175
v -0.535719 3.768839 0.291500
v -0.535719 4.035215 0.560029
v -0.575561 4.344910 0.587550
v -0.539954 4.630923 0.551943
v -0.539953 4.897299 0.283413
v -0.571326 4.908938 0.003174
v -0.535719 4.873617 -0.285151
v -0.535719 4.607240 -0.542751
v -0.538856 4.304994 -0.581156
v -0.503249 4.018981 -0.556180
v -0.267190 4.873617 -0.553680
v 0.000000 4.894490 -0.576654
v -0.267190 3.768839 0.560029
v 0.000000 3.733517 0.595636
v -0.004234 4.932621 0.587550
v -0.271424 4.897299 0.551943
v -0.687397 4.016407 0.310459
v -0.738753 4.321228 0.326966
v -0.691631 4.649731 0.302373
v -0.738753 4.000032 0.003174
v -0.794812 4.321228 0.003174
v -0.738753 4.642423 0.003174
v -0.687397 4.016407 -0.304110
v -0.738753 4.321228 -0.320617
v -0.687397 4.626048 -0.304110
v -0.517281 3.776342 -0.370585
v 0.000000 4.000032 0.763063
v -0.004234 4.344910 0.811036
v -0.004234 4.666105 0.754977
v -0.286150 4.016407 0.711707
v -0.306890 4.344910 0.754977
v -0.290384 4.649731 0.703621
v -0.482443 3.710462 -0.275558
v -0.377713 3.599483 0.052966
v -0.286150 3.618377 0.310459
v 0.000000 3.567433 0.326966
v 0.000000 5.075022 -0.320617
v -0.286150 5.024078 -0.304111
v 0.000000 5.130631 0.003174
v -0.302656 5.075022 0.003174
v -0.004234 5.098705 0.318880
v -0.290384 5.047760 0.302373
v -0.557749 3.745677 -0.134637
v -0.553523 3.751178 0.147337
v -0.500276 3.803998 0.390321
v -0.500276 3.937186 0.524586
v -0.553523 4.178221 0.577833
v -0.557757 4.487917 0.569747
v -0.504510 4.728952 0.516500
v -0.504510 4.862141 0.382235
v -0.553523 4.891277 0.147337
v -0.553523 4.891277 -0.140988
v -0.500276 4.838458 -0.383973
v -0.500276 4.705270 -0.507308
v -0.537288 4.456117 -0.572734
v -0.521053 4.161988 -0.573984
v -0.496819 3.906914 -0.512450
v -0.391470 4.819784 -0.507542
v -0.133595 4.891277 -0.571484
v -0.366012 3.803998 0.524586
v -0.133595 3.751178 0.577833
v -0.137829 4.914960 0.569746
v -0.370246 4.862141 0.516500
v -0.713075 4.168818 0.318713
v -0.717309 4.497321 0.310627
v -0.713075 4.008220 0.156817
v -0.766783 4.321228 0.165070
v -0.713075 4.634235 0.156817
v -0.766783 4.160630 0.003174
v -0.766783 4.481825 0.003174
v -0.713075 4.008220 -0.150468
v -0.766783 4.321228 -0.158721
v -0.713075 4.634235 -0.150468
v -0.713075 4.168817 -0.312364
v -0.713075 4.473638 -0.312364
v -0.611558 4.025811 0.435244
v -0.659274 4.344910 0.453215
v -0.615792 4.640327 0.427158
v -0.615792 4.773515 0.292893
v -0.655040 4.775680 0.003174
v -0.611558 4.749832 -0.294631
v -0.611558 4.616644 -0.428895
v -0.638805 4.313111 -0.456202
v -0.595323 4.017694 -0.430145
v -0.615785 3.887122 -0.288280
v -0.655040 3.866775 0.003174
v -0.611558 3.892623 0.300979
v -0.004234 4.184313 0.783006
v -0.004234 4.505508 0.783006
v -0.143075 4.008220 0.737385
v -0.155562 4.344910 0.783006
v -0.147309 4.657918 0.729299
v -0.298637 4.192500 0.729299
v -0.298637 4.497321 0.729299
v -0.004234 4.799363 0.671263
v -0.280904 4.773515 0.627782
v -0.415169 4.640327 0.627782
v -0.441225 4.344910 0.671264
v -0.410934 4.025811 0.635868
v -0.276670 3.892623 0.635868
v 0.000000 3.866775 0.679350
v -0.430078 3.660228 -0.110108
v -0.331931 3.608930 0.181713
v -0.143075 3.592905 0.318713
v 0.000000 3.650475 0.461301
v -0.276670 3.693608 0.435244
v -0.410934 3.693608 0.300980
v -0.474520 3.666500 0.028070
v -0.513308 3.735549 -0.273023
v -0.143075 5.049550 -0.312364
v 0.000000 5.102827 -0.158722
v -0.294403 5.049550 -0.150468
v -0.151328 5.102827 0.003174
v -0.004234 5.126510 0.156984
v -0.294403 5.049550 0.156817
v -0.147309 5.073233 0.310627
v 0.000000 4.991980 -0.454952
v -0.276670 4.948847 -0.428895
v -0.410935 4.948847 -0.294631
v -0.436991 4.991980 0.003174
v -0.415169 4.972530 0.292893
v -0.280904 4.972530 0.427158
v -0.004234 5.015663 0.453215
v -0.486417 3.754055 -0.371159
v -0.188857 3.583458 0.189966
v -0.142569 4.994096 0.440187
v -0.392707 4.917336 0.404697
v -0.428197 4.994096 0.143991
v -0.423963 4.970414 -0.145728
v -0.388473 4.893652 -0.406434
v -0.138335 4.970414 -0.441924
v -0.151436 5.099871 0.152857
v -0.147201 5.076189 -0.154595
v -0.493914 3.701025 -0.122476
v -0.442727 3.680054 0.164525
v -0.388473 3.748803 0.412783
v -0.138335 3.672041 0.448273
v -0.138335 3.879699 0.657609
v -0.388473 3.914904 0.580227
v -0.423963 4.173519 0.657609
v -0.428197 4.492619 0.649523
v -0.392707 4.751234 0.572141
v -0.142569 4.786439 0.649523
v -0.151436 4.501414 0.756153
v -0.151436 4.188406 0.756153
v -0.633299 3.879699 0.152077
v -0.635412 3.876948 -0.142553
v -0.556302 3.897018 -0.400365
v -0.617064 4.165402 -0.443174
v -0.625181 4.464878 -0.442549
v -0.555917 4.727551 -0.406434
v -0.633299 4.762756 -0.145728
v -0.633299 4.762756 0.152077
v -0.560151 4.751234 0.404697
v -0.637533 4.492619 0.440187
v -0.633299 4.173519 0.448273
v -0.555917 3.914904 0.412783
v -0.739929 4.477731 -0.154595
v -0.739929 4.164723 -0.154595
v -0.739929 4.477732 0.160944
v -0.739929 4.164724 0.160944
v -0.041630 4.777950 -0.623734
v -0.306150 4.733371 -0.612904
v -0.385969 4.657623 -0.580456
v -0.437207 4.624818 -0.618510
v -0.451824 4.504671 -0.650237
v -0.418913 4.308438 -0.629895
v -0.392633 4.189472 -0.631791
v -0.425859 4.174829 -0.603163
v -0.413104 4.011114 -0.600456
v -0.413215 3.905450 -0.614611
v -0.521934 3.636646 -0.247993
v -0.472437 3.541043 -0.042301
v -0.307822 3.530310 0.075751
v -0.021764 3.522635 0.221391
v -0.364448 3.958239 0.401285
v -0.364448 4.702548 0.401285
v -0.376394 3.942769 -0.346551
v -0.339335 4.704414 -0.359970
v -0.425697 3.895461 -0.186656
v -0.446660 3.876687 0.026122
v -0.419172 3.903954 0.248707
v -0.419172 4.109594 0.456009
v -0.446660 4.330393 0.483497
v -0.419172 4.551192 0.456009
v -0.419172 4.756832 0.248706
v -0.446660 4.784100 0.026122
v -0.419172 4.756832 -0.196462
v -0.419172 4.551192 -0.395327
v -0.421594 4.317861 -0.424975
v -0.394105 4.097062 -0.405694
v -0.211870 4.756832 -0.403764
v -0.005602 4.772946 -0.421499
v -0.211870 3.903954 0.456009
v -0.005602 3.876687 0.483497
v -0.005602 4.784100 0.483497
v -0.211870 4.756832 0.456009
v -0.536266 4.095075 0.263343
v -0.575912 4.330393 0.276086
v -0.536266 4.565711 0.263343
v -0.575912 4.082434 0.026122
v -0.619189 4.330393 0.026122
v -0.575912 4.578352 0.026122
v -0.536266 4.095075 -0.211099
v -0.575912 4.330393 -0.223842
v -0.536266 4.565711 -0.211099
v -0.404938 3.909747 -0.262416
v -0.005602 4.082434 0.612749
v -0.005602 4.330393 0.656026
v -0.005602 4.578352 0.612749
v -0.226506 4.095075 0.573103
v -0.239249 4.330393 0.612749
v -0.226506 4.565712 0.573102
v -0.378043 3.858888 -0.189057
v -0.297193 3.773214 0.064561
v -0.226506 3.787800 0.263343
v -0.005602 3.748471 0.276086
v -0.005602 4.912315 -0.223842
v -0.226506 4.872987 -0.211099
v -0.005602 4.955245 0.026122
v -0.239249 4.912315 0.026122
v -0.005602 4.912315 0.276086
v -0.226506 4.872987 0.263343
v -0.436179 3.886074 -0.080267
v -0.432916 3.890320 0.137415
v -0.391810 3.931097 0.324996
v -0.391810 4.033916 0.428647
v -0.432916 4.219994 0.469753
v -0.432916 4.440793 0.469753
v -0.391810 4.626870 0.428647
v -0.391810 4.729690 0.324996
v -0.432916 4.770466 0.137414
v -0.432916 4.770466 -0.085170
v -0.391810 4.729690 -0.272751
v -0.391810 4.626870 -0.367965
v -0.420383 4.434527 -0.418473
v -0.407849 4.207462 -0.419438
v -0.389141 4.010547 -0.371935
v -0.307812 4.715274 -0.368146
v -0.108736 4.770466 -0.417508
v -0.288159 3.931097 0.428647
v -0.108736 3.890320 0.469753
v -0.108736 4.770466 0.469753
v -0.288159 4.729690 0.428647
v -0.556089 4.212734 0.269715
v -0.556089 4.448052 0.269715
v -0.556089 4.088754 0.144733
v -0.597550 4.330393 0.151104
v -0.556089 4.572032 0.144733
v -0.597550 4.206413 0.026122
v -0.597550 4.454373 0.026122
v -0.556089 4.088754 -0.092488
v -0.597550 4.330393 -0.098860
v -0.556089 4.572032 -0.092488
v -0.556089 4.212734 -0.217470
v -0.556089 4.448052 -0.217470
v -0.477719 4.102334 0.359676
v -0.511286 4.330393 0.379792
v -0.477719 4.558452 0.359676
v -0.477719 4.661272 0.256025
v -0.511286 4.681226 0.026122
v -0.477719 4.661272 -0.203780
v -0.477719 4.558452 -0.307431
v -0.498753 4.324127 -0.328512
v -0.465185 4.096068 -0.308396
v -0.480981 3.995268 -0.198877
v -0.511286 3.979560 0.026122
v -0.477719 3.999515 0.256025
v -0.005602 4.206414 0.634387
v -0.005602 4.454373 0.634387
v -0.116054 4.088754 0.592926
v -0.122426 4.330393 0.634387
v -0.116054 4.572032 0.592926
v -0.232878 4.212734 0.592926
v -0.232878 4.448052 0.592926
v -0.005602 4.681226 0.548123
v -0.219188 4.661272 0.514556
v -0.322839 4.558452 0.514556
v -0.342955 4.330393 0.548123
v -0.322839 4.102334 0.514556
v -0.219188 3.999515 0.514556
v -0.005602 3.979560 0.548123
v -0.337618 3.820108 -0.061330
v -0.261849 3.780507 0.163952
v -0.116054 3.768136 0.269715
v -0.005602 3.812579 0.379792
v -0.219188 3.845877 0.359676
v -0.322839 3.845877 0.256025
v -0.371926 3.824950 0.045342
v -0.401870 3.878255 -0.187099
v -0.116054 4.892651 -0.217470
v -0.005602 4.933780 -0.098860
v -0.232878 4.892651 -0.092488
v -0.122426 4.933780 0.026122
v -0.005602 4.933780 0.151104
v -0.232878 4.892651 0.144733
v -0.116054 4.892651 0.269715
v -0.005602 4.848207 -0.327547
v -0.219188 4.814909 -0.307431
v -0.322839 4.814909 -0.203780
v -0.342955 4.848207 0.026122
v -0.322839 4.814909 0.256025
v -0.219188 4.814909 0.359676
v -0.005602 4.848207 0.379792
v -0.381111 3.892541 -0.262859
v -0.151397 3.760842 0.170324
v -0.112395 4.831559 0.369734
v -0.305499 4.772300 0.342336
v -0.332897 4.831558 0.141074
v -0.332897 4.831558 -0.088829
v -0.305499 4.772300 -0.290091
v -0.112395 4.831558 -0.317489
v -0.119240 4.913216 0.147918
v -0.119240 4.913216 -0.095674
v -0.386898 3.851603 -0.070879
v -0.347383 3.835413 0.150683
v -0.305499 3.888487 0.342336
v -0.112395 3.829228 0.369734
v -0.112395 3.989537 0.531339
v -0.305499 4.016716 0.471601
v -0.332897 4.216364 0.531339
v -0.332897 4.444423 0.531339
v -0.305499 4.644071 0.471601
v -0.112395 4.671249 0.531339
v -0.119240 4.451213 0.613656
v -0.119240 4.209574 0.613656
v -0.494502 3.989537 0.141074
v -0.496134 3.987414 -0.086377
v -0.435061 4.002907 -0.285406
v -0.481969 4.210098 -0.318454
v -0.488236 4.441289 -0.317972
v -0.434764 4.644071 -0.290091
v -0.494502 4.671249 -0.088829
v -0.494502 4.671249 0.141074
v -0.434764 4.644071 0.342336
v -0.494502 4.444423 0.369734
v -0.494502 4.216364 0.369734
v -0.434764 4.016716 0.342336
v -0.576820 4.451212 -0.095674
v -0.576820 4.209574 -0.095674
v -0.576820 4.451213 0.147919
v -0.576820 4.209574 0.147919
v -0.037740 4.682979 -0.457845
v -0.241946 4.648564 -0.449484
v -0.303566 4.590087 -0.424435
v -0.343121 4.564762 -0.453812
v -0.354405 4.472010 -0.478305
v -0.328998 4.320520 -0.462601
v -0.308710 4.228679 -0.464064
v -0.334361 4.217375 -0.441964
v -0.324514 4.090989 -0.439875
v -0.324599 4.009417 -0.450802
v -0.408530 3.801903 -0.167776
v -0.370318 3.728098 -0.008984
v -0.243237 3.719813 0.082151
v -0.022403 3.713888 0.194584
v 0.464833 3.839156 0.489143
v 0.464833 4.803299 0.489143
v 0.480307 3.819117 -0.479570
v 0.432303 4.805717 -0.496951
v 0.544172 3.757837 -0.272449
v 0.571326 3.733517 0.003175
v 0.535719 3.768839 0.291500
v 0.535719 4.035215 0.560029
v 0.571326 4.321228 0.595636
v 0.535719 4.607241 0.560029
v 0.535719 4.873617 0.291499
v 0.537806 4.875796 0.111427
v 0.535719 4.873617 -0.285151
v 0.535719 4.607240 -0.542751
v 0.538856 4.304994 -0.581156
v 0.503249 4.018981 -0.556180
v 0.267190 4.873617 -0.553680
v 0.267190 3.768839 0.560029
v 0.267190 4.873617 0.560029
v 0.687397 4.016407 0.310459
v 0.738753 4.321228 0.326966
v 0.687397 4.626048 0.310459
v 0.738753 4.000032 0.003174
v 0.794812 4.321228 0.003174
v 0.738753 4.642423 0.003174
v 0.687397 4.016407 -0.304110
v 0.738753 4.321228 -0.320617
v 0.687397 4.626048 -0.304110
v 0.517281 3.776342 -0.370585
v 0.286150 4.016407 0.711707
v 0.302656 4.321228 0.763063
v 0.286150 4.626048 0.711707
v 0.482443 3.710462 -0.275558
v 0.377713 3.599483 0.052966
v 0.286150 3.618377 0.310459
v 0.286150 5.024078 -0.304111
v 0.302656 5.075022 0.003174
v 0.286150 5.024078 0.310459
v 0.557749 3.745677 -0.134637
v 0.553523 3.751178 0.147337
v 0.500276 3.803998 0.390321
v 0.500276 3.937186 0.524586
v 0.553523 4.178221 0.577833
v 0.553523 4.464234 0.577833
v 0.500276 4.705270 0.524586
v 0.500276 4.838458 0.390321
v 0.539055 4.877213 0.138404
v 0.539345 4.876925 -0.132056
v 0.500276 4.838458 -0.383973
v 0.500276 4.705270 -0.507308
v 0.537288 4.456117 -0.572734
v 0.521053 4.161988 -0.573984
v 0.496819 3.906914 -0.512450
v 0.391470 4.819784 -0.507542
v 0.133595 4.891277 -0.571484
v 0.366012 3.803998 0.524586
v 0.133595 3.751178 0.577833
v 0.133595 4.891277 0.577833
v 0.366012 4.838458 0.524586
v 0.713075 4.168818 0.318713
v 0.713075 4.473638 0.318713
v 0.713075 4.008220 0.156817
v 0.766783 4.321228 0.165070
v 0.713075 4.634235 0.156817
v 0.766783 4.160630 0.003174
v 0.766783 4.481825 0.003174
v 0.713075 4.008220 -0.150468
v 0.766783 4.321228 -0.158721
v 0.713075 4.634235 -0.150468
v 0.713075 4.168817 -0.312364
v 0.713075 4.473638 -0.312364
v 0.611558 4.025811 0.435244
v 0.655040 4.321228 0.461301
v 0.611558 4.616644 0.435244
v 0.611558 4.749833 0.300979
v 0.635217 4.781844 0.003378
v 0.611558 4.749832 -0.294631
v 0.611558 4.616644 -0.428895
v 0.638805 4.313111 -0.456202
v 0.595323 4.017694 -0.430145
v 0.615785 3.887122 -0.288280
v 0.655040 3.866775 0.003174
v 0.611558 3.892623 0.300979
v 0.143075 4.008220 0.737385
v 0.151328 4.321228 0.791092
v 0.143075 4.634235 0.737385
v 0.294403 4.168818 0.737385
v 0.294403 4.473638 0.737385
v 0.276670 4.749833 0.635868
v 0.410935 4.616644 0.635868
v 0.436991 4.321228 0.679350
v 0.410934 4.025811 0.635868
v 0.276670 3.892623 0.635868
v 0.430078 3.660228 -0.110108
v 0.331931 3.608930 0.181713
v 0.143075 3.592905 0.318713
v 0.276670 3.693608 0.435244
v 0.410934 3.693608 0.300980
v 0.474520 3.666500 0.028070
v 0.513308 3.735549 -0.273023
v 0.143075 5.049550 -0.312364
v 0.294403 5.049550 -0.150468
v 0.151328 5.102827 0.003174
v 0.294403 5.049550 0.156817
v 0.143075 5.049550 0.318713
v 0.276670 4.948847 -0.428895
v 0.410935 4.948847 -0.294631
v 0.443183 4.972295 0.002970
v 0.410934 4.948847 0.300979
v 0.276670 4.948847 0.435244
v 0.486417 3.754055 -0.371159
v 0.188857 3.583458 0.189966
v 0.138335 4.970414 0.448273
v 0.388473 4.893652 0.412783
v 0.471203 4.944506 0.098652
v 0.471408 4.944302 -0.092592
v 0.388473 4.893652 -0.406434
v 0.138335 4.970414 -0.441924
v 0.147201 5.076189 0.160943
v 0.147201 5.076189 -0.154595
v 0.493914 3.701025 -0.122476
v 0.442727 3.680054 0.164525
v 0.388473 3.748803 0.412783
v 0.138335 3.672041 0.448273
v 0.138335 3.879699 0.657609
v 0.388473 3.914904 0.580227
v 0.423963 4.173519 0.657609
v 0.423963 4.468936 0.657609
v 0.388473 4.727551 0.580227
v 0.138335 4.762756 0.657609
v 0.147201 4.477732 0.764239
v 0.147201 4.164724 0.764239
v 0.633299 3.879699 0.152077
v 0.635412 3.876948 -0.142553
v 0.556302 3.897018 -0.400365
v 0.617064 4.165402 -0.443174
v 0.625181 4.464878 -0.442549
v 0.555917 4.727551 -0.406434
v 0.607197 4.809633 -0.092304
v 0.606992 4.809836 0.098941
v 0.555917 4.727551 0.412783
v 0.633299 4.468936 0.448273
v 0.633299 4.173519 0.448273
v 0.555917 3.914904 0.412783
v 0.739929 4.477731 -0.154595
v 0.739929 4.164723 -0.154595
v 0.739929 4.477732 0.160944
v 0.739929 4.164724 0.160944
v 0.041630 4.777950 -0.623734
v 0.306150 4.733371 -0.612904
v 0.385969 4.657623 -0.580456
v 0.437207 4.624818 -0.618510
v 0.451824 4.504671 -0.650237
v 0.418913 4.308438 -0.629895
v 0.392633 4.189472 -0.631791
v 0.425859 4.174829 -0.603163
v 0.413104 4.011114 -0.600456
v 0.413215 3.905450 -0.614611
v 0.521934 3.636646 -0.247993
v 0.472437 3.541043 -0.042301
v 0.307822 3.530310 0.075751
v 0.021764 3.522635 0.221391
v 0.364448 3.958239 0.401285
v 0.364448 4.702548 0.401285
v 0.376394 3.942769 -0.346551
v 0.339335 4.704414 -0.359970
v 0.425697 3.895461 -0.186656
v 0.446660 3.876687 0.026122
v 0.419172 3.903954 0.248707
v 0.419172 4.109594 0.456009
v 0.446660 4.330393 0.483497
v 0.419172 4.551192 0.456009
v 0.419172 4.756832 0.248706
v 0.446660 4.784100 0.026122
v 0.419172 4.756832 -0.196462
v 0.419172 4.551192 -0.395327
v 0.421594 4.317861 -0.424975
v 0.394105 4.097062 -0.405694
v 0.211870 4.756832 -0.403764
v 0.005602 4.772946 -0.421499
v 0.211870 3.903954 0.456009
v 0.005602 3.876687 0.483497
v 0.005602 4.784100 0.483497
v 0.211870 4.756832 0.456009
v 0.536266 4.095075 0.263343
v 0.575912 4.330393 0.276086
v 0.536266 4.565711 0.263343
v 0.575912 4.082434 0.026122
v 0.619189 4.330393 0.026122
v 0.575912 4.578352 0.026122
v 0.536266 4.095075 -0.211099
v 0.575912 4.330393 -0.223842
v 0.536266 4.565711 -0.211099
v 0.404938 3.909747 -0.262416
v 0.005602 4.082434 0.612749
v 0.005602 4.330393 0.656026
v 0.005602 4.578352 0.612749
v 0.226506 4.095075 0.573103
v 0.239249 4.330393 0.612749
v 0.226506 4.565712 0.573102
v 0.378043 3.858888 -0.189057
v 0.297193 3.773214 0.064561
v 0.226506 3.787800 0.263343
v 0.005602 3.748471 0.276086
v 0.005602 4.912315 -0.223842
v 0.226506 4.872987 -0.211099
v 0.005602 4.955245 0.026122
v 0.239249 4.912315 0.026122
v 0.005602 4.912315 0.276086
v 0.226506 4.872987 0.263343
v 0.436179 3.886074 -0.080267
v 0.432916 3.890320 0.137415
v 0.391810 3.931097 0.324996
v 0.391810 4.033916 0.428647
v 0.432916 4.219994 0.469753
v 0.432916 4.440793 0.469753
v 0.391810 4.626870 0.428647
v 0.391810 4.729690 0.324996
v 0.432916 4.770466 0.137414
v 0.432916 4.770466 -0.085170
v 0.391810 4.729690 -0.272751
v 0.391810 4.626870 -0.367965
v 0.420383 4.434527 -0.418473
v 0.407849 4.207462 -0.419438
v 0.389141 4.010547 -0.371935
v 0.307812 4.715274 -0.368146
v 0.108736 4.770466 -0.417508
v 0.288159 3.931097 0.428647
v 0.108736 3.890320 0.469753
v 0.108736 4.770466 0.469753
v 0.288159 4.729690 0.428647
v 0.556089 4.212734 0.269715
v 0.556089 4.448052 0.269715
v 0.556089 4.088754 0.144733
v 0.597550 4.330393 0.151104
v 0.556089 4.572032 0.144733
v 0.597550 4.206413 0.026122
v 0.597550 4.454373 0.026122
v 0.556089 4.088754 -0.092488
v 0.597550 4.330393 -0.098860
v 0.556089 4.572032 -0.092488
v 0.556089 4.212734 -0.217470
v 0.556089 4.448052 -0.217470
v 0.477719 4.102334 0.359676
v 0.511286 4.330393 0.379792
v 0.477719 4.558452 0.359676
v 0.477719 4.661272 0.256025
v 0.511286 4.681226 0.026122
v 0.477719 4.661272 -0.203780
v 0.477719 4.558452 -0.307431
v 0.498753 4.324127 -0.328512
v 0.465185 4.096068 -0.308396
v 0.480981 3.995268 -0.198877
v 0.511286 3.979560 0.026122
v 0.477719 3.999515 0.256025
v 0.005602 4.206414 0.634387
v 0.005602 4.454373 0.634387
v 0.116054 4.088754 0.592926
v 0.122426 4.330393 0.634387
v 0.116054 4.572032 0.592926
v 0.232878 4.212734 0.592926
v 0.232878 4.448052 0.592926
v 0.005602 4.681226 0.548123
v 0.219188 4.661272 0.514556
v 0.322839 4.558452 0.514556
v 0.342955 4.330393 0.548123
v 0.322839 4.102334 0.514556
v 0.219188 3.999515 0.514556
v 0.005602 3.979560 0.548123
v 0.337618 3.820108 -0.061330
v 0.261849 3.780507 0.163952
v 0.116054 3.768136 0.269715
v 0.005602 3.812579 0.379792
v 0.219188 3.845877 0.359676
v 0.322839 3.845877 0.256025
v 0.371926 3.824950 0.045342
v 0.401870 3.878255 -0.187099
v 0.116054 4.892651 -0.217470
v 0.005602 4.933780 -0.098860
v 0.232878 4.892651 -0.092488
v 0.122426 4.933780 0.026122
v 0.005602 4.933780 0.151104
v 0.232878 4.892651 0.144733
v 0.116054 4.892651 0.269715
v 0.005602 4.848207 -0.327547
v 0.219188 4.814909 -0.307431
v 0.322839 4.814909 -0.203780
v 0.342955 4.848207 0.026122
v 0.322839 4.814909 0.256025
v 0.219188 4.814909 0.359676
v 0.005602 4.848207 0.379792
v 0.381111 3.892541 -0.262859
v 0.151397 3.760842 0.170324
v 0.112395 4.831559 0.369734
v 0.305499 4.772300 0.342336
v 0.332897 4.831558 0.141074
v 0.332897 4.831558 -0.088829
v 0.305499 4.772300 -0.290091
v 0.112395 4.831558 -0.317489
v 0.119240 4.913216 0.147918
v 0.119240 4.913216 -0.095674
v 0.386898 3.851603 -0.070879
v 0.347383 3.835413 0.150683
v 0.305499 3.888487 0.342336
v 0.112395 3.829228 0.369734
v 0.112395 3.989537 0.531339
v 0.305499 4.016716 0.471601
v 0.332897 4.216364 0.531339
v 0.332897 4.444423 0.531339
v 0.305499 4.644071 0.471601
v 0.112395 4.671249 0.531339
v 0.119240 4.451213 0.613656
v 0.119240 4.209574 0.613656
v 0.494502 3.989537 0.141074
v 0.496134 3.987414 -0.086377
v 0.435061 4.002907 -0.285406
v 0.481969 4.210098 -0.318454
v 0.488236 4.441289 -0.317972
v 0.434764 4.644071 -0.290091
v 0.494502 4.671249 -0.088829
v 0.494502 4.671249 0.141074
v 0.434764 4.644071 0.342336
v 0.494502 4.444423 0.369734
v 0.494502 4.216364 0.369734
v 0.434764 4.016716 0.342336
v 0.576820 4.451212 -0.095674
v 0.576820 4.209574 -0.095674
v 0.576820 4.451213 0.147919
v 0.576820 4.209574 0.147919
v 0.037740 4.682979 -0.457845
v 0.241946 4.648564 -0.449484
v 0.303566 4.590087 -0.424435
v 0.343121 4.564762 -0.453812
v 0.354405 4.472010 -0.478305
v 0.328998 4.320520 -0.462601
v 0.308710 4.228679 -0.464064
v 0.334361 4.217375 -0.441964
v 0.324514 4.090989 -0.439875
v 0.324599 4.009417 -0.450802
v 0.408530 3.801903 -0.167776
v 0.370318 3.728098 -0.008984
v 0.243237 3.719813 0.082151
v 0.022403 3.713888 0.194584
v 0.538039 4.875565 -0.106266
v 0.615207 4.799034 0.002745
v 0.460639 4.952327 0.002416
v 0.483192 4.929959 0.079430
v 0.483357 4.929796 -0.074502
v 0.592653 4.821402 -0.074269
v 0.592488 4.821565 0.079662
v 0.558305 4.898075 0.117318
v 0.558530 4.897851 -0.093101
v 0.633119 4.823878 0.012267
v 0.483716 4.972049 0.011949
v 0.505516 4.950428 0.086390
v 0.505675 4.950271 -0.062398
v 0.611319 4.845498 -0.062174
v 0.611160 4.845656 0.086615
v 0.578030 4.918018 0.144013
v 0.578310 4.917740 -0.117733
v 0.671093 4.825723 0.013337
v 0.485246 5.010036 0.012943
v 0.512364 4.983142 0.105541
v 0.512562 4.982946 -0.079541
v 0.643976 4.852616 -0.079261
v 0.643777 4.852813 0.105821
v 0.629424 4.971946 0.190367
v 0.629808 4.971568 -0.166427
v 0.756722 4.846579 0.012239
v 0.502510 5.096935 0.011701
v 0.539603 5.060405 0.137925
v 0.539875 5.060138 -0.114366
v 0.719629 4.883109 -0.113985
v 0.719358 4.883376 0.138306
v 0.728060 5.075005 0.231414
v 0.728516 5.074555 -0.192934
v 0.879460 4.925901 0.019560
v 0.577116 5.223659 0.018920
v 0.621232 5.180212 0.169044
v 0.621555 5.179894 -0.131016
v 0.835343 4.969347 -0.130563
v 0.835021 4.969666 0.169496
v 0.804936 5.165364 0.210767
v 0.805352 5.164955 -0.175959
v 0.942913 5.029480 0.017696
v 0.667375 5.300839 0.017113
v 0.707580 5.261244 0.153926
v 0.707874 5.260955 -0.119530
v 0.902708 5.069075 -0.119118
v 0.902415 5.069364 0.154339
v 0.855708 5.223526 0.163451
v 0.856024 5.223214 -0.130905
v 0.960729 5.120097 0.016495
v 0.751003 5.326643 0.016051
v 0.781605 5.296504 0.120187
v 0.781829 5.296285 -0.087955
v 0.930127 5.150235 -0.087641
v 0.929903 5.150455 0.120501
v 0.906498 5.278598 0.092013
v 0.906663 5.278435 -0.061387
v 0.961229 5.224698 0.015429
v 0.851933 5.332336 0.015197
v 0.867880 5.316630 0.069466
v 0.867997 5.316515 -0.039004
v 0.945281 5.240403 -0.038840
v 0.945164 5.240518 0.069630
v 0.967973 5.340249 0.007561
vn 0.9706 0.1710 -0.1696
vn 0.9707 0.1702 -0.1696
vn 0.9708 0.1702 -0.1689
vn 0.9707 0.1710 -0.1688
vn 0.9707 -0.1702 -0.1696
vn 0.9706 -0.1702 -0.1704
vn 0.9706 0.1710 0.1696
vn 0.9704 0.1718 0.1696
vn 0.9706 0.1718 0.1688
vn 0.9707 0.1710 0.1688
vn 0.9706 -0.1710 0.1696
vn 0.9704 -0.1718 0.1696
vn 0.9703 -0.1718 0.1705
vn 0.9704 -0.1710 0.1704
vn 0.7388 0.4785 -0.4746
vn 0.8310 0.1543 -0.5345
vn 0.8365 -0.1691 -0.5212
vn 0.7489 -0.4815 -0.4552
vn 0.8348 -0.5244 -0.1674
vn 0.8349 -0.5244 0.1674
vn 0.6951 -0.4885 0.5275
vn 0.8200 -0.1217 0.5592
vn 0.7882 0.1487 0.5972
vn 0.7927 0.3189 0.5195
vn 0.8503 0.5016 0.1594
vn 0.8349 0.5244 -0.1674
vn 0.8348 0.5244 -0.1674
vn 0.1812 0.9740 -0.1359
vn 0.1804 0.1710 -0.9686
vn 0.1804 0.1719 -0.9685
vn 0.1814 -0.1710 -0.9684
vn 0.1814 -0.1719 -0.9683
vn 0.1825 -0.1719 -0.9681
vn 0.1825 -0.1709 -0.9682
vn 0.1798 -0.5236 -0.8328
vn 0.1798 -0.5237 -0.8327
vn 0.1800 -0.5237 -0.8327
vn 0.1800 -0.5236 -0.8328
vn 0.4551 -0.4588 -0.7631
vn 0.5212 -0.1691 -0.8365
vn 0.5244 0.1192 -0.8431
vn 0.4778 0.4590 -0.7491
vn 0.1798 0.5236 -0.8328
vn 0.1798 0.5237 -0.8327
vn 0.1796 0.5237 -0.8327
vn 0.1796 0.5236 -0.8328
vn 0.1792 0.8367 -0.5176
vn 0.1794 0.8366 -0.5176
vn 0.1794 0.8367 -0.5174
vn 0.1792 0.8367 -0.5174
vn 0.4540 0.7530 -0.4764
vn 0.5324 0.8157 -0.2265
vn 0.5309 0.8370 0.1328
vn 0.1801 -0.9691 0.1684
vn 0.1791 -0.9693 0.1684
vn 0.1791 -0.9692 0.1693
vn 0.1801 -0.9690 0.1693
vn 0.2552 -0.9620 -0.0970
vn 0.2563 -0.9617 -0.0970
vn 0.1791 -0.8366 0.5176
vn 0.1790 -0.8367 0.5176
vn 0.1790 -0.8366 0.5178
vn 0.1792 -0.8366 0.5177
vn 0.4764 -0.7530 0.4540
vn 0.5184 -0.8387 0.1668
vn 0.5786 -0.8097 -0.0982
vn 0.5787 -0.8096 -0.0982
vn 0.4538 -0.7670 -0.4538
vn 0.1792 -0.8367 -0.5176
vn 0.1794 -0.8366 -0.5176
vn 0.1794 -0.8365 -0.5177
vn 0.1792 -0.8366 -0.5177
vn 0.5622 0.7709 0.2994
vn 0.6156 0.7264 0.3056
vn 0.5256 0.7161 0.4594
vn 0.1792 -0.8367 -0.5174
vn 0.1794 -0.8367 -0.5174
vn 0.1790 -0.8368 -0.5175
vn 0.1790 -0.8367 -0.5176
vn 0.1790 -0.8366 -0.5178
vn 0.4540 -0.7530 -0.4764
vn 0.4734 -0.7428 -0.4734
vn 0.4764 -0.7530 -0.4540
vn 0.4603 -0.8825 -0.0966
vn 0.4556 -0.8849 -0.0966
vn 0.4557 -0.8849 -0.0966
vn 0.4604 -0.8824 -0.0966
vn 0.5784 -0.8098 -0.0982
vn 0.5184 -0.8387 0.1669
vn 0.4734 -0.7428 0.4734
vn 0.4787 -0.7264 0.4932
vn 0.4450 -0.7404 0.5038
vn 0.1790 -0.8368 0.5175
vn 0.1123 -0.8119 0.5729
vn 0.1794 -0.8365 0.5177
vn 0.1811 -0.9691 -0.1674
vn 0.1796 -0.9835 -0.0204
vn 0.2542 -0.9623 -0.0970
vn 0.1801 -0.9693 0.1674
vn 0.1791 -0.9695 0.1674
vn 0.1811 -0.9691 0.1674
vn 0.1811 -0.9689 0.1683
vn 0.1811 -0.9688 0.1693
vn 0.5472 0.8279 0.1230
vn 0.5631 0.8175 0.1210
vn 0.5621 0.8218 0.0928
vn 0.5336 0.8250 -0.1861
vn 0.5703 0.7992 -0.1897
vn 0.5710 0.7865 -0.2352
vn 0.4538 0.7670 -0.4538
vn 0.4764 0.7530 -0.4540
vn 0.4734 0.7428 -0.4734
vn 0.1792 0.8366 -0.5177
vn 0.1794 0.8365 -0.5177
vn 0.1790 0.8366 -0.5178
vn 0.1790 0.8367 -0.5176
vn 0.1790 0.8368 -0.5175
vn 0.1800 0.5236 -0.8328
vn 0.1800 0.5237 -0.8327
vn 0.1800 0.5234 -0.8329
vn 0.1798 0.5234 -0.8329
vn 0.1796 0.5234 -0.8329
vn 0.4551 0.4588 -0.7631
vn 0.4552 0.4815 -0.7489
vn 0.4746 0.4785 -0.7388
vn 0.5212 0.1691 -0.8365
vn 0.4988 0.1431 -0.8548
vn 0.4996 0.1431 -0.8544
vn 0.4997 0.1431 -0.8543
vn 0.5005 0.1432 -0.8538
vn 0.4778 -0.4590 -0.7491
vn 0.4746 -0.4785 -0.7388
vn 0.4552 -0.4815 -0.7489
vn 0.1796 -0.5236 -0.8328
vn 0.1796 -0.5237 -0.8327
vn 0.1796 -0.5234 -0.8329
vn 0.1798 -0.5234 -0.8329
vn 0.1800 -0.5234 -0.8329
vn 0.1804 -0.1710 -0.9686
vn 0.1804 -0.1719 -0.9685
vn 0.1804 -0.1700 -0.9688
vn 0.1814 -0.1700 -0.9686
vn 0.1824 -0.1700 -0.9684
vn 0.1815 0.1102 -0.9772
vn 0.1815 0.1103 -0.9772
vn 0.1815 0.1101 -0.9772
vn 0.1804 0.1700 -0.9688
vn 0.8537 0.5018 0.1395
vn 0.8435 0.5187 0.1396
vn 0.8407 0.5176 0.1590
vn 0.8239 0.3528 0.4435
vn 0.8126 0.4312 0.3921
vn 0.7544 0.4252 0.5001
vn 0.7959 0.1685 0.5815
vn 0.7957 0.1699 0.5813
vn 0.7965 0.1680 0.5808
vn 0.7961 0.1670 0.5816
vn 0.7969 0.1671 0.5805
vn 0.7976 0.1671 0.5795
vn 0.7998 -0.0834 0.5944
vn 0.8036 -0.1454 0.5772
vn 0.8277 -0.1460 0.5419
vn 0.7262 -0.4585 0.5123
vn 0.7388 -0.4785 0.4746
vn 0.7489 -0.4815 0.4552
vn 0.8348 -0.5244 0.1674
vn 0.8475 -0.5265 -0.0670
vn 0.8478 -0.5265 -0.0634
vn 0.8477 -0.5265 -0.0650
vn 0.8478 -0.5265 -0.0632
vn 0.7388 -0.4785 -0.4746
vn 0.7491 -0.4590 -0.4778
vn 0.7631 -0.4588 -0.4551
vn 0.8434 -0.1590 -0.5132
vn 0.8365 0.1691 -0.5212
vn 0.8403 0.1420 -0.5231
vn 0.7489 0.4815 -0.4552
vn 0.7631 0.4588 -0.4551
vn 0.7491 0.4590 -0.4778
vn 0.9707 -0.1710 0.1688
vn 0.9706 -0.1718 0.1688
vn 0.9708 -0.1702 0.1689
vn 0.9707 -0.1702 0.1696
vn 0.9706 -0.1702 0.1704
vn 0.9704 0.1710 0.1704
vn 0.9703 0.1718 0.1705
vn 0.9706 0.1702 0.1704
vn 0.9707 0.1702 0.1696
vn 0.9708 0.1702 0.1689
vn 0.9708 -0.1702 -0.1689
vn 0.9772 -0.1511 -0.1493
vn 0.9772 -0.1712 -0.1255
vn 0.9704 0.1710 -0.1704
vn 0.9706 0.1702 -0.1704
vn 0.9703 0.1718 -0.1705
vn 0.9704 0.1718 -0.1696
vn 0.9706 0.1718 -0.1688
vn 0.0450 -0.3880 0.9206
vn 0.1745 -0.4238 0.8888
vn 0.4560 -0.3521 0.8174
vn 0.5837 -0.4637 0.6665
vn 0.4509 -0.4432 0.7748
vn 0.2221 -0.1920 0.9559
vn 0.2867 -0.0563 0.9564
vn 0.2818 0.0830 0.9559
vn 0.4464 0.1651 0.8795
vn 0.7451 0.2791 0.6058
vn 0.7383 -0.5439 -0.3988
vn 0.7459 -0.5093 -0.4292
vn 0.5723 0.3311 -0.7502
vn 0.3791 0.8211 -0.4266
vn -0.9706 -0.1710 0.1696
vn -0.9707 -0.1710 0.1688
vn -0.9708 -0.1702 0.1689
vn -0.9707 -0.1702 0.1696
vn -0.9706 0.1710 0.1696
vn -0.9704 0.1710 0.1704
vn -0.9706 0.1702 0.1704
vn -0.9707 0.1702 0.1696
vn -0.9706 -0.1710 -0.1696
vn -0.9707 -0.1710 -0.1688
vn -0.9706 -0.1718 -0.1688
vn -0.9704 -0.1718 -0.1696
vn -0.9706 0.1710 -0.1696
vn -0.9704 0.1710 -0.1704
vn -0.9703 0.1718 -0.1705
vn -0.9704 0.1718 -0.1696
vn -0.7388 -0.4785 0.4746
vn -0.8365 -0.1691 0.5212
vn -0.8365 0.1691 0.5212
vn -0.7489 0.4815 0.4552
vn -0.8349 0.5244 0.1674
vn -0.8348 0.5244 0.1674
vn -0.8349 0.5244 -0.1674
vn -0.6951 0.4885 -0.5275
vn -0.8200 0.1217 -0.5592
vn -0.7882 -0.1487 -0.5972
vn -0.7927 -0.3189 -0.5195
vn -0.8503 -0.5016 -0.1594
vn -0.8349 -0.5244 0.1674
vn -0.8348 -0.5244 0.1674
vn -0.1812 -0.9740 0.1359
vn -0.1814 -0.1710 0.9684
vn -0.1804 -0.1710 0.9686
vn -0.1804 -0.1719 0.9685
vn -0.1814 -0.1719 0.9683
vn -0.1814 0.1710 0.9684
vn -0.1825 0.1709 0.9682
vn -0.1825 0.1719 0.9681
vn -0.1814 0.1719 0.9683
vn -0.1798 0.5236 0.8328
vn -0.1800 0.5236 0.8328
vn -0.1800 0.5237 0.8327
vn -0.1798 0.5237 0.8327
vn -0.4551 0.4588 0.7631
vn -0.5212 0.1691 0.8365
vn -0.5212 -0.1691 0.8365
vn -0.4778 -0.4590 0.7491
vn -0.1798 -0.5236 0.8328
vn -0.1796 -0.5236 0.8328
vn -0.1796 -0.5237 0.8327
vn -0.1798 -0.5237 0.8327
vn -0.1792 -0.8367 0.5176
vn -0.1792 -0.8367 0.5174
vn -0.1794 -0.8367 0.5174
vn -0.1794 -0.8366 0.5176
vn -0.4540 -0.7530 0.4764
vn -0.5324 -0.8157 0.2265
vn -0.5309 -0.8370 -0.1328
vn -0.1801 0.9691 -0.1684
vn -0.1801 0.9690 -0.1693
vn -0.1791 0.9692 -0.1693
vn -0.1791 0.9693 -0.1684
vn -0.1801 0.9691 0.1684
vn -0.1801 0.9690 0.1693
vn -0.1811 0.9688 0.1693
vn -0.1811 0.9689 0.1683
vn -0.1791 0.8366 -0.5176
vn -0.1792 0.8366 -0.5177
vn -0.1790 0.8366 -0.5178
vn -0.1790 0.8367 -0.5176
vn -0.4764 0.7530 -0.4540
vn -0.5184 0.8387 -0.1668
vn -0.5184 0.8387 0.1668
vn -0.4538 0.7670 0.4538
vn -0.1792 0.8367 0.5176
vn -0.1792 0.8366 0.5177
vn -0.1794 0.8365 0.5177
vn -0.1794 0.8366 0.5176
vn -0.5622 -0.7709 -0.2994
vn -0.6156 -0.7264 -0.3056
vn -0.5256 -0.7161 -0.4594
vn -0.1792 0.8367 0.5174
vn -0.1794 0.8367 0.5174
vn -0.1790 0.8368 0.5175
vn -0.1790 0.8367 0.5176
vn -0.1790 0.8366 0.5178
vn -0.4540 0.7530 0.4764
vn -0.4734 0.7428 0.4734
vn -0.4764 0.7530 0.4540
vn -0.5184 0.8387 0.1669
vn -0.5184 0.8387 -0.1669
vn -0.4734 0.7428 -0.4734
vn -0.4787 0.7264 -0.4932
vn -0.4450 0.7404 -0.5038
vn -0.1790 0.8368 -0.5175
vn -0.1123 0.8119 -0.5729
vn -0.1794 0.8365 -0.5177
vn -0.1801 0.9693 0.1674
vn -0.1811 0.9691 0.1674
vn -0.1791 0.9695 0.1674
vn -0.1791 0.9693 0.1684
vn -0.1791 0.9692 0.1693
vn -0.1801 0.9693 -0.1674
vn -0.1791 0.9695 -0.1674
vn -0.1811 0.9691 -0.1674
vn -0.1811 0.9689 -0.1683
vn -0.1811 0.9688 -0.1693
vn -0.5472 -0.8279 -0.1230
vn -0.5631 -0.8175 -0.1210
vn -0.5621 -0.8218 -0.0928
vn -0.5336 -0.8250 0.1861
vn -0.5703 -0.7992 0.1897
vn -0.5710 -0.7865 0.2352
vn -0.4538 -0.7670 0.4538
vn -0.4764 -0.7530 0.4540
vn -0.4734 -0.7428 0.4734
vn -0.1792 -0.8366 0.5177
vn -0.1794 -0.8365 0.5177
vn -0.1790 -0.8366 0.5178
vn -0.1790 -0.8367 0.5176
vn -0.1790 -0.8368 0.5175
vn -0.1800 -0.5236 0.8328
vn -0.1800 -0.5237 0.8327
vn -0.1800 -0.5234 0.8329
vn -0.1798 -0.5234 0.8329
vn -0.1796 -0.5234 0.8329
vn -0.4551 -0.4588 0.7631
vn -0.4552 -0.4815 0.7489
vn -0.4746 -0.4785 0.7388
vn -0.4778 0.4590 0.7491
vn -0.4746 0.4785 0.7388
vn -0.4552 0.4815 0.7489
vn -0.1796 0.5236 0.8328
vn -0.1796 0.5237 0.8327
vn -0.1796 0.5234 0.8329
vn -0.1798 0.5234 0.8329
vn -0.1800 0.5234 0.8329
vn -0.1804 0.1710 0.9686
vn -0.1804 0.1719 0.9685
vn -0.1804 0.1700 0.9688
vn -0.1814 0.1700 0.9686
vn -0.1824 0.1700 0.9684
vn -0.1825 -0.1709 0.9682
vn -0.1825 -0.1719 0.9681
vn -0.1824 -0.1700 0.9684
vn -0.1814 -0.1700 0.9686
vn -0.1804 -0.1700 0.9688
vn -0.8537 -0.5018 -0.1395
vn -0.8435 -0.5187 -0.1396
vn -0.8407 -0.5176 -0.1590
vn -0.8239 -0.3528 -0.4435
vn -0.8126 -0.4312 -0.3921
vn -0.7544 -0.4252 -0.5001
vn -0.7959 -0.1685 -0.5815
vn -0.7965 -0.1680 -0.5808
vn -0.7957 -0.1699 -0.5813
vn -0.7961 -0.1670 -0.5816
vn -0.7969 -0.1671 -0.5805
vn -0.7976 -0.1671 -0.5795
vn -0.7998 0.0834 -0.5944
vn -0.8036 0.1454 -0.5772
vn -0.8277 0.1460 -0.5419
vn -0.7262 0.4585 -0.5123
vn -0.7388 0.4785 -0.4746
vn -0.7489 0.4815 -0.4552
vn -0.8348 0.5244 -0.1674
vn -0.7388 0.4785 0.4746
vn -0.7491 0.4590 0.4778
vn -0.7631 0.4588 0.4551
vn -0.7489 -0.4815 0.4552
vn -0.7631 -0.4588 0.4551
vn -0.7491 -0.4590 0.4778
vn -0.9707 0.1710 -0.1688
vn -0.9706 0.1718 -0.1688
vn -0.9708 0.1702 -0.1689
vn -0.9707 0.1702 -0.1696
vn -0.9706 0.1702 -0.1704
vn -0.9704 -0.1710 -0.1704
vn -0.9703 -0.1718 -0.1705
vn -0.9706 -0.1702 -0.1704
vn -0.9707 -0.1702 -0.1696
vn -0.9708 -0.1702 -0.1689
vn -0.9707 0.1710 0.1688
vn -0.9708 0.1702 0.1689
vn -0.9706 0.1718 0.1688
vn -0.9704 0.1718 0.1696
vn -0.9703 0.1718 0.1705
vn -0.9704 -0.1710 0.1704
vn -0.9706 -0.1702 0.1704
vn -0.9703 -0.1718 0.1705
vn -0.9704 -0.1718 0.1696
vn -0.9706 -0.1718 0.1688
vn -0.0450 0.3880 -0.9206
vn -0.1745 0.4238 -0.8888
vn -0.4560 0.3521 -0.8174
vn -0.5837 0.4637 -0.6665
vn -0.4509 0.4432 -0.7748
vn -0.2221 0.1920 -0.9559
vn -0.2867 0.0563 -0.9564
vn -0.2818 -0.0830 -0.9559
vn -0.4464 -0.1651 -0.8795
vn -0.7451 -0.2791 -0.6058
vn -0.7383 0.5439 0.3988
vn -0.7459 0.5093 0.4292
vn -0.5723 -0.3311 0.7502
vn -0.3791 -0.8211 0.4266
vn -0.5997 -0.5337 0.5963
vn 0.9119 -0.0837 -0.4017
vn -0.9995 -0.0263 0.0163
vn -0.1128 0.9131 -0.3919
vn -0.7581 0.3485 0.5512
vn -0.4104 -0.6530 0.6365
vn -1.0000 0.0017 0.0085
vn -1.0000 0.0044 0.0069
vn -1.0000 0.0042 0.0070
vn 0.8994 0.2043 -0.3866
vn -0.8141 0.0631 0.5773
vn -0.3915 0.8579 -0.3327
vn -0.8771 -0.2513 0.4094
vn -1.0000 0.0064 0.0040
vn -1.0000 0.0065 0.0038
vn -1.0000 0.0070 0.0013
vn -0.8476 0.5092 0.1493
vn -1.0000 0.0044 0.0068
vn -1.0000 0.0063 0.0041
vn 0.6851 0.7168 -0.1300
vn -0.8125 0.3215 0.4863
vn -0.9995 0.0312 -0.0054
vn -0.8076 -0.4590 0.3704
vn -0.8719 0.4364 0.2224
vn -0.8531 0.4671 0.2323
vn 0.6320 0.7441 -0.2167
vn -0.9995 0.0309 -0.0060
vn -0.9996 0.0254 -0.0151
vn -0.8544 0.4584 0.2446
vn -0.7626 0.3158 0.5645
vn -0.0995 0.7665 0.6344
vn -0.7792 -0.4359 0.4503
vn -0.2592 0.0558 0.9642
vn -1.0000 0.0071 0.0012
vn 0.6384 0.6630 -0.3910
vn -0.9995 -0.0174 0.0277
vn -0.9997 -0.0162 0.0183
vn -0.9995 -0.0174 0.0273
vn -1.0000 -0.0016 0.0090
vn -1.0000 -0.0015 0.0090
vn -1.0000 -0.0001 0.0088
vn -0.7252 0.2252 0.6506
vn -0.7232 -0.4983 0.4783
vn -0.9997 0.0183 -0.0135
vn -1.0000 0.0015 0.0087
vn -0.1347 0.1371 0.9814
vn 0.4701 0.7779 -0.4171
vn -0.9997 -0.0161 0.0177
vn -0.9474 0.2676 0.1754
vn -0.9811 0.0237 0.1922
vn -0.9996 0.0239 -0.0170
vn -0.9996 0.0241 -0.0168
vn -0.6070 -0.6126 0.5062
vn 0.8045 0.5234 0.2808
vn -0.1786 0.9716 -0.1551
vn -0.9996 0.0228 -0.0182
vn -0.6359 0.5540 0.5373
vn -0.8365 0.1691 -0.5212
vn -0.8365 -0.1691 -0.5212
vn -0.7489 -0.4815 -0.4552
vn -0.6804 -0.7292 -0.0729
vn -0.8028 -0.5874 0.1026
vn -0.6951 -0.4885 0.5275
vn -0.8200 -0.1217 0.5592
vn -0.7882 0.1487 0.5972
vn -0.7927 0.3189 0.5195
vn -0.8503 0.5016 0.1594
vn -0.1812 0.9740 -0.1359
vn -0.1814 0.1719 -0.9683
vn -0.1804 0.1719 -0.9685
vn -0.1814 -0.1719 -0.9683
vn -0.1825 -0.1719 -0.9681
vn -0.1798 -0.5237 -0.8327
vn -0.1800 -0.5237 -0.8327
vn -0.4551 -0.4588 -0.7631
vn -0.5212 -0.1691 -0.8365
vn -0.5212 0.1691 -0.8365
vn -0.4778 0.4590 -0.7491
vn -0.1798 0.5236 -0.8328
vn -0.1796 0.5236 -0.8328
vn -0.1796 0.5237 -0.8327
vn -0.1798 0.5237 -0.8327
vn -0.1792 0.8367 -0.5176
vn -0.1792 0.8367 -0.5174
vn -0.1794 0.8367 -0.5174
vn -0.1794 0.8366 -0.5176
vn -0.4540 0.7530 -0.4764
vn -0.5324 0.8157 -0.2265
vn -0.5309 0.8370 0.1328
vn -0.1801 -0.9691 0.1684
vn -0.1801 -0.9690 0.1693
vn -0.1791 -0.9692 0.1693
vn -0.1791 -0.9693 0.1684
vn -0.1801 -0.9690 -0.1693
vn -0.1811 -0.9688 -0.1693
vn -0.1791 -0.8366 0.5176
vn -0.6817 -0.7283 0.0698
vn -0.5812 -0.8073 -0.1023
vn -0.4538 -0.7670 -0.4538
vn -0.1792 -0.8366 -0.5177
vn -0.1794 -0.8365 -0.5177
vn -0.5622 0.7709 0.2994
vn -0.6156 0.7264 0.3056
vn -0.5256 0.7161 0.4594
vn -0.2783 -0.8161 -0.5065
vn -0.2751 -0.8169 -0.5070
vn -0.2785 -0.8160 -0.5065
vn -0.2750 -0.8169 -0.5070
vn -0.1790 -0.8366 -0.5178
vn -0.4540 -0.7530 -0.4764
vn -0.4734 -0.7428 -0.4734
vn -0.4764 -0.7530 -0.4540
vn -0.5320 -0.8330 -0.1519
vn -0.5598 -0.8183 -0.1304
vn -0.6508 -0.7587 -0.0298
vn -0.5597 -0.8183 0.1307
vn -0.5320 -0.8330 0.1518
vn -0.5814 -0.8072 0.1021
vn -0.4787 -0.7264 0.4932
vn -0.4450 -0.7404 0.5038
vn -0.1123 -0.8119 0.5729
vn -0.3098 -0.9366 -0.1635
vn -0.2473 -0.9636 -0.1018
vn -0.1791 -0.9692 -0.1693
vn -0.1801 -0.9693 0.1674
vn -0.1791 -0.9695 0.1674
vn -0.1811 -0.9691 0.1674
vn -0.1811 -0.9689 0.1683
vn -0.1811 -0.9688 0.1693
vn -0.5472 0.8279 0.1230
vn -0.5631 0.8175 0.1210
vn -0.5621 0.8218 0.0928
vn -0.5336 0.8250 -0.1861
vn -0.5703 0.7992 -0.1897
vn -0.5710 0.7865 -0.2352
vn -0.4538 0.7670 -0.4538
vn -0.1800 0.5236 -0.8328
vn -0.1800 0.5237 -0.8327
vn -0.1800 0.5234 -0.8329
vn -0.1798 0.5234 -0.8329
vn -0.1796 0.5234 -0.8329
vn -0.4551 0.4588 -0.7631
vn -0.4552 0.4815 -0.7489
vn -0.4746 0.4785 -0.7388
vn -0.4778 -0.4590 -0.7491
vn -0.4746 -0.4785 -0.7388
vn -0.4552 -0.4815 -0.7489
vn -0.1796 -0.5237 -0.8327
vn -0.2121 -0.5204 -0.8271
vn -0.2129 -0.5203 -0.8270
vn -0.2127 -0.5204 -0.8270
vn -0.2136 -0.5203 -0.8269
vn -0.1804 -0.1719 -0.9685
vn -0.1514 -0.1705 -0.9737
vn -0.1520 -0.1705 -0.9736
vn -0.1519 -0.1705 -0.9736
vn -0.1525 -0.1705 -0.9735
vn -0.1825 0.1719 -0.9681
vn -0.1428 0.1346 -0.9806
vn -0.0995 0.1710 -0.9802
vn -0.8537 0.5018 0.1395
vn -0.8435 0.5187 0.1396
vn -0.8407 0.5176 0.1590
vn -0.8239 0.3528 0.4435
vn -0.8126 0.4312 0.3921
vn -0.7544 0.4252 0.5001
vn -0.7959 0.1685 0.5815
vn -0.7965 0.1680 0.5808
vn -0.7957 0.1699 0.5813
vn -0.7961 0.1670 0.5816
vn -0.7969 0.1671 0.5805
vn -0.7976 0.1671 0.5795
vn -0.7998 -0.0834 0.5944
vn -0.8036 -0.1454 0.5772
vn -0.8277 -0.1460 0.5419
vn -0.7262 -0.4585 0.5123
vn -0.8291 -0.5380 0.1524
vn -0.8141 -0.5658 0.1309
vn -0.7530 -0.6574 -0.0298
vn -0.8141 -0.5657 -0.1311
vn -0.8290 -0.5380 -0.1524
vn -0.8026 -0.5876 -0.1025
vn -0.7388 -0.4785 -0.4746
vn -0.7491 -0.4590 -0.4778
vn -0.7631 -0.4588 -0.4551
vn -0.7631 0.4588 -0.4551
vn -0.7491 0.4590 -0.4778
vn -0.9703 -0.1718 -0.1704
vn -0.0450 -0.3880 0.9206
vn -0.1745 -0.4238 0.8888
vn -0.4560 -0.3521 0.8174
vn -0.5837 -0.4637 0.6665
vn -0.4509 -0.4432 0.7748
vn -0.2221 -0.1920 0.9559
vn -0.2867 -0.0563 0.9564
vn -0.2818 0.0830 0.9559
vn -0.4464 0.1651 0.8795
vn -0.7451 0.2791 0.6058
vn -0.7383 -0.5439 -0.3988
vn -0.7459 -0.5093 -0.4292
vn -0.5723 0.3311 -0.7502
vn -0.3791 0.8211 -0.4266
vn 0.9706 -0.1710 -0.1696
vn 0.9704 -0.1718 -0.1696
vn 0.9706 -0.1718 -0.1688
vn 0.9707 -0.1710 -0.1688
vn 0.8365 -0.1691 0.5212
vn 0.8365 0.1691 0.5212
vn 0.7489 0.4815 0.4552
vn 0.8349 0.5244 0.1674
vn 0.8348 0.5244 0.1674
vn 0.6951 0.4885 -0.5275
vn 0.8200 0.1217 -0.5592
vn 0.7882 -0.1487 -0.5972
vn 0.7927 -0.3189 -0.5195
vn 0.8503 -0.5016 -0.1594
vn 0.1812 -0.9740 0.1359
vn 0.1814 -0.1710 0.9684
vn 0.1814 -0.1719 0.9683
vn 0.1804 -0.1719 0.9685
vn 0.1804 -0.1710 0.9686
vn 0.1814 0.1710 0.9684
vn 0.1814 0.1719 0.9683
vn 0.1825 0.1719 0.9681
vn 0.1825 0.1709 0.9682
vn 0.1798 0.5236 0.8328
vn 0.1798 0.5237 0.8327
vn 0.1800 0.5237 0.8327
vn 0.1800 0.5236 0.8328
vn 0.4551 0.4588 0.7631
vn 0.5212 0.1691 0.8365
vn 0.5212 -0.1691 0.8365
vn 0.4778 -0.4590 0.7491
vn 0.1798 -0.5236 0.8328
vn 0.1798 -0.5237 0.8327
vn 0.1796 -0.5237 0.8327
vn 0.1796 -0.5236 0.8328
vn 0.1792 -0.8367 0.5176
vn 0.1794 -0.8366 0.5176
vn 0.1794 -0.8367 0.5174
vn 0.1792 -0.8367 0.5174
vn 0.4540 -0.7530 0.4764
vn 0.5324 -0.8157 0.2265
vn 0.5309 -0.8370 -0.1328
vn 0.1801 0.9691 -0.1684
vn 0.1791 0.9693 -0.1684
vn 0.1791 0.9692 -0.1693
vn 0.1801 0.9690 -0.1693
vn 0.1801 0.9691 0.1684
vn 0.1811 0.9689 0.1683
vn 0.1811 0.9688 0.1693
vn 0.1801 0.9690 0.1693
vn 0.1791 0.8366 -0.5176
vn 0.5184 0.8387 -0.1668
vn 0.5184 0.8387 0.1668
vn 0.4538 0.7670 0.4538
vn 0.1792 0.8367 0.5176
vn 0.1794 0.8366 0.5176
vn 0.1794 0.8365 0.5177
vn 0.1792 0.8366 0.5177
vn 0.5622 -0.7709 -0.2994
vn 0.6156 -0.7264 -0.3056
vn 0.5256 -0.7161 -0.4594
vn 0.1792 0.8367 0.5174
vn 0.1794 0.8367 0.5174
vn 0.1790 0.8368 0.5175
vn 0.1790 0.8367 0.5176
vn 0.1790 0.8366 0.5178
vn 0.4540 0.7530 0.4764
vn 0.4734 0.7428 0.4734
vn 0.4764 0.7530 0.4540
vn 0.5184 0.8387 0.1669
vn 0.5184 0.8387 -0.1669
vn 0.4787 0.7264 -0.4932
vn 0.4450 0.7404 -0.5038
vn 0.1123 0.8119 -0.5729
vn 0.1801 0.9693 0.1674
vn 0.1811 0.9691 0.1674
vn 0.1791 0.9695 0.1674
vn 0.1791 0.9693 0.1684
vn 0.1791 0.9692 0.1693
vn 0.1801 0.9693 -0.1674
vn 0.1791 0.9695 -0.1674
vn 0.1811 0.9691 -0.1674
vn 0.1811 0.9689 -0.1683
vn 0.1811 0.9688 -0.1693
vn 0.5472 -0.8279 -0.1230
vn 0.5631 -0.8175 -0.1210
vn 0.5621 -0.8218 -0.0928
vn 0.5336 -0.8250 0.1861
vn 0.5703 -0.7992 0.1897
vn 0.5710 -0.7865 0.2352
vn 0.4538 -0.7670 0.4538
vn 0.1800 -0.5236 0.8328
vn 0.1800 -0.5237 0.8327
vn 0.1800 -0.5234 0.8329
vn 0.1798 -0.5234 0.8329
vn 0.1796 -0.5234 0.8329
vn 0.4551 -0.4588 0.7631
vn 0.4552 -0.4815 0.7489
vn 0.4746 -0.4785 0.7388
vn 0.4778 0.4590 0.7491
vn 0.4746 0.4785 0.7388
vn 0.4552 0.4815 0.7489
vn 0.1796 0.5236 0.8328
vn 0.1796 0.5237 0.8327
vn 0.1796 0.5234 0.8329
vn 0.1798 0.5234 0.8329
vn 0.1800 0.5234 0.8329
vn 0.1804 0.1710 0.9686
vn 0.1804 0.1719 0.9685
vn 0.1804 0.1700 0.9688
vn 0.1814 0.1700 0.9686
vn 0.1824 0.1700 0.9684
vn 0.1825 -0.1709 0.9682
vn 0.1825 -0.1719 0.9681
vn 0.1824 -0.1700 0.9684
vn 0.1814 -0.1700 0.9686
vn 0.1804 -0.1700 0.9688
vn 0.8537 -0.5018 -0.1395
vn 0.8435 -0.5187 -0.1396
vn 0.8407 -0.5176 -0.1590
vn 0.8239 -0.3528 -0.4435
vn 0.8126 -0.4312 -0.3921
vn 0.7544 -0.4252 -0.5001
vn 0.7959 -0.1685 -0.5815
vn 0.7957 -0.1699 -0.5813
vn 0.7965 -0.1680 -0.5808
vn 0.7961 -0.1670 -0.5816
vn 0.7969 -0.1671 -0.5805
vn 0.7976 -0.1671 -0.5795
vn 0.7998 0.0834 -0.5944
vn 0.8036 0.1454 -0.5772
vn 0.8277 0.1460 -0.5419
vn 0.7262 0.4585 -0.5123
vn 0.7388 0.4785 0.4746
vn 0.7491 0.4590 0.4778
vn 0.7631 0.4588 0.4551
vn 0.7631 -0.4588 0.4551
vn 0.7491 -0.4590 0.4778
vn 0.9704 -0.1710 -0.1704
vn 0.9703 -0.1718 -0.1704
vn 0.0450 0.3880 -0.9206
vn 0.1745 0.4238 -0.8888
vn 0.4560 0.3521 -0.8174
vn 0.5837 0.4637 -0.6665
vn 0.4509 0.4432 -0.7748
vn 0.2221 0.1920 -0.9559
vn 0.2867 0.0563 -0.9564
vn 0.2818 -0.0830 -0.9559
vn 0.4464 -0.1651 -0.8795
vn 0.7451 -0.2791 -0.6058
vn 0.7383 0.5439 0.3988
vn 0.7459 0.5093 0.4292
vn 0.5723 -0.3311 0.7502
vn 0.3791 -0.8211 0.4266
vn 0.5997 -0.5337 0.5963
vn -0.9119 -0.0837 -0.4017
vn 0.9995 -0.0263 0.0163
vn 0.1128 0.9131 -0.3919
vn 0.7581 0.3485 0.5512
vn 0.4104 -0.6530 0.6365
vn 0.9983 0.0313 0.0498
vn -0.8994 0.2043 -0.3866
vn 0.8141 0.0631 0.5773
vn 0.3915 0.8579 -0.3327
vn 0.8771 -0.2513 0.4094
vn 0.9985 0.0461 0.0285
vn 0.8476 0.5092 0.1493
vn -0.6851 0.7168 -0.1300
vn 0.8125 0.3215 0.4863
vn 0.9995 0.0312 -0.0054
vn 0.8076 -0.4590 0.3704
vn 0.8719 0.4364 0.2224
vn 0.8531 0.4671 0.2323
vn -0.6320 0.7441 -0.2167
vn 0.9996 0.0254 -0.0151
vn 0.9995 0.0309 -0.0060
vn 0.8544 0.4584 0.2446
vn 0.7626 0.3158 0.5645
vn 0.0995 0.7665 0.6344
vn 0.7792 -0.4359 0.4503
vn 0.2592 0.0558 0.9642
vn 0.9987 0.0507 0.0087
vn 0.9989 0.0431 0.0187
vn 0.9987 0.0505 0.0089
vn -0.6384 0.6630 -0.3910
vn 0.9995 -0.0174 0.0277
vn 0.9979 -0.0112 0.0644
vn 0.7252 0.2252 0.6506
vn 0.7232 -0.4983 0.4783
vn 0.9989 0.0428 0.0191
vn 0.9980 0.0109 0.0623
vn 0.1347 0.1371 0.9814
vn -0.4701 0.7779 -0.4171
vn 0.9985 0.0065 0.0538
vn 0.9474 0.2676 0.1754
vn 0.9811 0.0237 0.1922
vn 0.9996 0.0241 -0.0168
vn 0.9996 0.0239 -0.0170
vn 0.6070 -0.6126 0.5062
vn -0.8045 0.5234 0.2808
vn 0.1786 0.9716 -0.1551
vn 0.9996 0.0228 -0.0182
vn 0.6359 0.5540 0.5373
vn -0.7233 -0.6867 -0.0729
vn -0.7227 -0.6876 0.0696
vn -0.6519 -0.7578 0.0294
vn -0.7522 -0.6583 0.0291
vn 0.4019 -0.1302 -0.9064
vn -0.1520 0.3810 -0.9120
vn -0.5224 -0.0232 0.8524
vn 0.5069 -0.7753 0.3768
vn 0.6866 -0.6193 -0.3809
vn -0.6729 0.6323 -0.3840
vn -0.8153 0.4466 0.3685
vn -0.0022 -0.5071 0.8619
vn -0.0546 0.9545 0.2932
vn 0.6698 0.2657 -0.6934
vn 0.6539 0.2388 0.7179
vn 0.2617 0.6705 -0.6943
vn 0.2319 0.6574 0.7170
vn 0.9568 -0.0310 -0.2892
vn 0.9543 -0.0462 0.2954
vn -0.0382 0.9559 -0.2913
vn -0.2266 0.9147 -0.3345
vn -0.2189 0.9181 0.3304
vn 0.5900 0.1251 -0.7977
vn 0.5982 0.1428 0.7885
vn 0.1107 0.5840 -0.8042
vn 0.1250 0.5961 0.7931
vn 0.9261 -0.1891 -0.3266
vn 0.9276 -0.1801 0.3272
vn -0.1548 0.3828 0.9108
vn 0.8097 -0.4556 -0.3698
vn 0.7891 -0.4860 0.3757
vn -0.4874 0.7887 -0.3747
vn -0.5189 0.7683 0.3748
vn 0.4478 -0.0736 -0.8911
vn 0.3898 -0.1393 0.9103
vn -0.0859 0.4386 -0.8946
vn 0.1972 -0.3402 0.9194
vn -0.3973 0.1305 -0.9084
vn -0.3815 0.1531 0.9116
vn 0.5968 -0.7068 -0.3799
vn 0.6047 -0.6983 0.3830
vn -0.7934 0.4793 -0.3751
vn -0.7881 0.4895 0.3733
vn 0.1787 -0.3611 -0.9152
vn -0.9281 0.1781 -0.3271
vn -0.9267 0.1865 0.3263
vn -0.0948 -0.5771 -0.8111
vn -0.0808 -0.5648 0.8213
vn -0.5907 -0.1319 -0.7960
vn -0.5829 -0.1150 0.8044
vn 0.2732 -0.8996 -0.3407
vn 0.2808 -0.8958 0.3447
vn 0.0563 -0.9538 0.2951
vn -0.9586 0.0017 -0.2846
vn -0.9588 0.0075 0.2839
vn -0.2534 -0.6706 -0.6972
vn -0.2453 -0.6642 0.7062
vn -0.6703 -0.2756 -0.6890
vn -0.6672 -0.2647 0.6963
vn 0.0514 -0.9552 -0.2915
vn 0.0464 -0.9558 -0.2903
vn 0.0465 -0.9558 -0.2903
vn -0.6703 -0.2756 -0.6891
vn -0.6347 -0.2023 0.7458
vn 0.0461 -0.9559 -0.2902
vn 0.0846 -0.9495 0.3022
vn -0.9553 0.0358 -0.2936
vn -0.9505 0.0760 0.3013
vn -0.2652 -0.6766 -0.6870
vn -0.1959 -0.6371 0.7454
vt 0.217850 0.677420
vt 0.249447 0.667742
vt 0.259758 0.700112
vt 0.227845 0.708051
vt 0.236216 0.738922
vt 0.268558 0.732461
vt 0.274192 0.765109
vt 0.242973 0.769927
vt 0.281195 0.659589
vt 0.313971 0.652329
vt 0.325041 0.686308
vt 0.292503 0.692781
vt 0.300731 0.726740
vt 0.333579 0.721011
vt 0.338201 0.756561
vt 0.306295 0.761089
vt 0.139811 0.646200
vt 0.163749 0.633407
vt 0.177090 0.659480
vt 0.148801 0.669646
vt 0.157219 0.698171
vt 0.186931 0.688356
vt 0.196108 0.717122
vt 0.168783 0.730355
vt 0.177150 0.758262
vt 0.207015 0.749728
vt 0.214294 0.778477
vt 0.185677 0.786115
vt 0.191312 0.809857
vt 0.217265 0.806072
vt 0.219574 0.833849
vt 0.196884 0.833759
vt 0.246324 0.799931
vt 0.277908 0.796724
vt 0.278194 0.828208
vt 0.247807 0.830054
vt 0.309639 0.793517
vt 0.342510 0.790277
vt 0.341167 0.823692
vt 0.309338 0.826024
vt 0.370009 0.789034
vt 0.396073 0.787573
vt 0.396366 0.826293
vt 0.365733 0.822211
vt 0.366205 0.715503
vt 0.398532 0.707498
vt 0.398696 0.753090
vt 0.369584 0.755601
vt 0.345963 0.641129
vt 0.378111 0.628790
vt 0.390775 0.666676
vt 0.358368 0.676936
vt 0.312869 0.579836
vt 0.340782 0.572694
vt 0.360897 0.594896
vt 0.329920 0.607242
vt 0.253156 0.595345
vt 0.285603 0.587715
vt 0.299816 0.619466
vt 0.267732 0.626462
vt 0.192239 0.618291
vt 0.222363 0.605101
vt 0.236514 0.636080
vt 0.206346 0.646614
vt 0.070034 0.557870
vt 0.095040 0.536961
vt 0.127898 0.552434
vt 0.037794 0.735910
vt 0.068810 0.729328
vt 0.077408 0.761736
vt 0.046553 0.772717
vt 0.061447 0.807700
vt 0.089352 0.792963
vt 0.104687 0.822794
vt 0.080136 0.840967
vt 0.104184 0.868209
vt 0.124894 0.847233
vt 0.147590 0.869475
vt 0.131323 0.892437
vt 0.145215 0.830054
vt 0.165317 0.813393
vt 0.174266 0.832894
vt 0.160969 0.851018
vt 0.118476 0.779856
vt 0.147215 0.767109
vt 0.156998 0.793582
vt 0.130960 0.808193
vt 0.097106 0.716934
vt 0.127671 0.709128
vt 0.138467 0.740158
vt 0.107782 0.750858
vt 0.090098 0.659754
vt 0.116332 0.659860
vt 0.120910 0.681305
vt 0.091367 0.686182
vt 0.033866 0.657688
vt 0.063354 0.659841
vt 0.061461 0.691701
vt 0.031062 0.693404
vt 0.054276 0.589684
vt 0.040028 0.622616
vt 0.011670 0.616347
vt 0.025265 0.580251
vt 0.107222 0.610205
vt 0.090225 0.633041
vt 0.067828 0.628212
vt 0.083011 0.598969
vt 0.153604 0.569587
vt 0.125865 0.588007
vt 0.100088 0.571102
vt 0.224449 0.549189
vt 0.184690 0.555548
vt 0.161040 0.536153
vt 0.212533 0.534629
vt 0.304391 0.921653
vt 0.268868 0.924260
vt 0.272654 0.892336
vt 0.306795 0.890095
vt 0.234951 0.923885
vt 0.197961 0.919724
vt 0.207307 0.890769
vt 0.238890 0.892118
vt 0.372091 0.917386
vt 0.339121 0.918766
vt 0.340819 0.887998
vt 0.373579 0.885165
vt 0.372813 0.853772
vt 0.343898 0.856027
vt 0.309729 0.858071
vt 0.276660 0.860180
vt 0.246027 0.862712
vt 0.213677 0.862091
vt 0.187153 0.857527
vt 0.164087 0.908214
vt 0.177111 0.881757
vt 0.039649 0.546539
vt 0.268519 0.556397
vt 0.265484 0.547849
vt 0.294251 0.552996
vt 0.262156 0.538960
vt 0.293341 0.544496
vt 0.324880 0.553582
vt 0.151244 0.935905
vt 0.114965 0.916164
vt 0.189533 0.949357
vt 0.405531 0.887870
vt 0.401318 0.848226
vt 0.366787 0.946499
vt 0.336991 0.950616
vt 0.393961 0.953029
vt 0.404097 0.923446
vt 0.230176 0.955931
vt 0.266789 0.957109
vt 0.303303 0.953542
vt 0.235864 0.564435
vt 0.205331 0.575308
vt 0.176024 0.589917
vt 0.149360 0.607447
vt 0.130356 0.622483
vt 0.112197 0.638260
vt 0.003498 0.654810
vt 0.000204 0.694873
vt 0.055270 0.859184
vt 0.082867 0.890080
vt 0.015852 0.783504
vt 0.032637 0.822793
vt 0.005841 0.742102
vt 0.420843 0.957109
vt 0.438087 0.880247
vt 0.438321 0.838123
vt 0.427571 0.775246
vt 0.431158 0.724491
vt 0.425092 0.661551
vt 0.417621 0.628874
vt 0.398883 0.622175
vt 0.378451 0.581571
vt 0.366070 0.559129
vt 0.253824 0.520537
vt 0.186327 0.510852
vt 0.139094 0.521651
vt 0.053391 0.524730
vt 0.612624 0.331346
vt 0.615205 0.305165
vt 0.641229 0.304673
vt 0.638336 0.333115
vt 0.614729 0.279085
vt 0.611731 0.253154
vt 0.636803 0.247675
vt 0.641500 0.275895
vt 0.663678 0.335630
vt 0.668408 0.304818
vt 0.695238 0.306735
vt 0.689685 0.339637
vt 0.668070 0.273192
vt 0.663100 0.241446
vt 0.689987 0.236166
vt 0.696025 0.271723
vt 0.558572 0.371192
vt 0.561746 0.352027
vt 0.584415 0.353492
vt 0.578078 0.375730
vt 0.563180 0.329242
vt 0.564112 0.306637
vt 0.588853 0.305965
vt 0.587360 0.329682
vt 0.564075 0.284211
vt 0.563343 0.261791
vt 0.586836 0.258960
vt 0.588717 0.282336
vt 0.560414 0.243273
vt 0.556738 0.224818
vt 0.573090 0.216935
vt 0.580758 0.237677
vt 0.604639 0.229572
vt 0.594962 0.206862
vt 0.617234 0.196692
vt 0.629449 0.221066
vt 0.654243 0.212421
vt 0.640415 0.185677
vt 0.664347 0.173771
vt 0.680834 0.203088
vt 0.703332 0.192804
vt 0.682879 0.163526
vt 0.702591 0.140172
vt 0.726409 0.180593
vt 0.724813 0.271615
vt 0.716736 0.227564
vt 0.744965 0.220917
vt 0.755921 0.276255
vt 0.714569 0.351072
vt 0.723520 0.314499
vt 0.750446 0.330491
vt 0.737820 0.368181
vt 0.687083 0.406707
vt 0.702185 0.383534
vt 0.723901 0.401172
vt 0.703321 0.420724
vt 0.646371 0.392196
vt 0.656008 0.365148
vt 0.680295 0.370098
vt 0.669306 0.397407
vt 0.600687 0.381945
vt 0.608101 0.357471
vt 0.631800 0.360940
vt 0.623786 0.387432
vt 0.521241 0.448153
vt 0.562516 0.443376
vt 0.542219 0.459539
vt 0.466489 0.335183
vt 0.464426 0.308555
vt 0.489444 0.308211
vt 0.490375 0.332201
vt 0.466699 0.281990
vt 0.470443 0.255593
vt 0.493451 0.260430
vt 0.490644 0.284238
vt 0.479145 0.231713
vt 0.489083 0.208377
vt 0.508963 0.217585
vt 0.500590 0.238786
vt 0.520554 0.243841
vt 0.524954 0.225169
vt 0.540672 0.232845
vt 0.540340 0.248856
vt 0.515204 0.285157
vt 0.516790 0.262556
vt 0.540007 0.264908
vt 0.539603 0.286046
vt 0.514813 0.330446
vt 0.514334 0.307754
vt 0.539263 0.307282
vt 0.539049 0.328577
vt 0.519679 0.372177
vt 0.516098 0.353243
vt 0.538988 0.349963
vt 0.539128 0.366343
vt 0.478619 0.385622
vt 0.470071 0.361698
vt 0.492962 0.356153
vt 0.499945 0.377871
vt 0.504517 0.428899
vt 0.484890 0.441006
vt 0.468012 0.419454
vt 0.488434 0.408966
vt 0.539962 0.404105
vt 0.524005 0.416792
vt 0.508223 0.399204
vt 0.524020 0.391122
vt 0.578167 0.426047
vt 0.540555 0.433840
vt 0.556488 0.416862
vt 0.628050 0.431180
vt 0.620800 0.443159
vt 0.586093 0.451887
vt 0.600532 0.431895
vt 0.586493 0.118640
vt 0.606512 0.138077
vt 0.584210 0.153456
vt 0.564882 0.135122
vt 0.543667 0.152233
vt 0.562832 0.168351
vt 0.541627 0.183463
vt 0.522436 0.169285
vt 0.624776 0.080811
vt 0.650367 0.104879
vt 0.627951 0.121163
vt 0.606542 0.099894
vt 0.669856 0.133354
vt 0.648866 0.145338
vt 0.625324 0.160367
vt 0.602510 0.173609
vt 0.579850 0.186842
vt 0.557939 0.199781
vt 0.541129 0.212230
vt 0.505399 0.188390
vt 0.524918 0.200098
vt 0.501127 0.460823
vt 0.656745 0.423453
vt 0.672362 0.427369
vt 0.654882 0.430453
vt 0.670884 0.434359
vt 0.653205 0.437746
vt 0.690948 0.430407
vt 0.485866 0.176549
vt 0.468660 0.198625
vt 0.502782 0.154945
vt 0.671670 0.083411
vt 0.698002 0.128393
vt 0.598234 0.064694
vt 0.582630 0.081979
vt 0.607040 0.045047
vt 0.638302 0.055222
vt 0.524256 0.136732
vt 0.544141 0.118034
vt 0.565700 0.101629
vt 0.635084 0.418385
vt 0.613450 0.413364
vt 0.591751 0.406497
vt 0.570802 0.397968
vt 0.555025 0.390542
vt 0.539405 0.382791
vt 0.457083 0.393594
vt 0.446738 0.367316
vt 0.447020 0.250709
vt 0.457534 0.224482
vt 0.439369 0.308808
vt 0.442575 0.279710
vt 0.442392 0.338147
vt 0.622265 0.039156
vt 0.666907 0.059917
vt 0.700139 0.100586
vt 0.731290 0.156470
vt 0.756038 0.199591
vt 0.769954 0.256700
vt 0.770008 0.316265
vt 0.750538 0.359181
vt 0.738256 0.396115
vt 0.721814 0.425332
vt 0.646474 0.452281
vt 0.608120 0.464896
vt 0.571622 0.465380
vt 0.514946 0.472522
vt 0.783194 0.392282
vt 0.770716 0.423490
vt 0.692085 0.025262
vt 0.707509 0.047157
vt 0.457807 0.469251
vt 0.435838 0.443494
vt 0.760419 0.436619
vt 0.731911 0.078527
vt 0.745302 0.463154
vt 0.413945 0.236625
vt 0.426930 0.205934
vt 0.738382 0.106724
vt 0.719588 0.466725
vt 0.705340 0.475857
vt 0.741968 0.111699
vt 0.767244 0.133337
vt 0.457067 0.151056
vt 0.473774 0.125963
vt 0.664353 0.480321
vt 0.657804 0.497864
vt 0.436897 0.175968
vt 0.771248 0.156306
vt 0.630365 0.481652
vt 0.519221 0.089073
vt 0.540557 0.071705
vt 0.796374 0.185240
vt 0.620697 0.510443
vt 0.682928 0.478193
vt 0.796336 0.211256
vt 0.553562 0.048427
vt 0.596323 0.493714
vt 0.811099 0.255932
vt 0.580683 0.507974
vt 0.497723 0.105858
vt 0.806544 0.282620
vt 0.425158 0.412094
vt 0.412172 0.380824
vt 0.411161 0.341177
vt 0.405884 0.306296
vt 0.546736 0.499599
vt 0.810015 0.328969
vt 0.410606 0.270887
vt 0.504999 0.510443
vt 0.795940 0.354175
vt 0.595799 0.004790
vt 0.625554 0.000204
vt 0.481408 0.495857
vt 0.570412 0.026736
vt 0.783555 0.376295
vt 0.652567 0.009384
vt 0.656508 0.788581
vt 0.666856 0.758028
vt 0.698540 0.766234
vt 0.687954 0.798536
vt 0.675279 0.727213
vt 0.682255 0.696187
vt 0.713231 0.701315
vt 0.707473 0.733930
vt 0.719589 0.806926
vt 0.731128 0.773812
vt 0.763560 0.780535
vt 0.752271 0.814430
vt 0.739514 0.739894
vt 0.745214 0.705545
vt 0.776998 0.710443
vt 0.772260 0.745904
vt 0.578169 0.818994
vt 0.587430 0.795657
vt 0.615581 0.806149
vt 0.601963 0.832051
vt 0.596240 0.767195
vt 0.605021 0.739112
vt 0.635130 0.748721
vt 0.625695 0.777432
vt 0.613794 0.711180
vt 0.622679 0.683337
vt 0.651206 0.691306
vt 0.643484 0.719974
vt 0.628507 0.659575
vt 0.634149 0.635655
vt 0.656755 0.635772
vt 0.654506 0.663465
vt 0.747008 0.641139
vt 0.737754 0.660579
vt 0.734110 0.656151
vt 0.741196 0.640726
vt 0.779986 0.643941
vt 0.781332 0.676899
vt 0.808841 0.678338
vt 0.804613 0.645372
vt 0.835287 0.641345
vt 0.834904 0.679898
vt 0.804821 0.751639
vt 0.808348 0.711627
vt 0.837438 0.714291
vt 0.837096 0.759823
vt 0.784166 0.825854
vt 0.796793 0.790136
vt 0.829128 0.800592
vt 0.816226 0.838400
vt 0.750621 0.886908
vt 0.767882 0.859629
vt 0.798774 0.872181
vt 0.778496 0.894250
vt 0.691017 0.870929
vt 0.705863 0.839947
vt 0.737876 0.847187
vt 0.723408 0.878826
vt 0.630306 0.847441
vt 0.644694 0.819275
vt 0.674743 0.830069
vt 0.660308 0.860912
vt 0.507440 0.906509
vt 0.565278 0.912586
vt 0.532244 0.927692
vt 0.474681 0.732737
vt 0.483803 0.696044
vt 0.514425 0.707074
vt 0.505626 0.739394
vt 0.498511 0.661041
vt 0.517566 0.628026
vt 0.541962 0.646204
vt 0.526437 0.675879
vt 0.541522 0.600779
vt 0.568804 0.576797
vt 0.585064 0.599718
vt 0.562247 0.621823
vt 0.582505 0.639090
vt 0.598382 0.618199
vt 0.611570 0.636392
vt 0.602529 0.655859
vt 0.555461 0.689123
vt 0.568145 0.660880
vt 0.594080 0.675621
vt 0.584058 0.702006
vt 0.536495 0.747927
vt 0.544621 0.718074
vt 0.575040 0.728845
vt 0.566861 0.756097
vt 0.528576 0.804845
vt 0.530123 0.778438
vt 0.559675 0.783754
vt 0.554831 0.805092
vt 0.472295 0.806169
vt 0.469980 0.770374
vt 0.500375 0.772458
vt 0.501830 0.804396
vt 0.491994 0.874502
vt 0.462887 0.883632
vt 0.449647 0.847328
vt 0.478075 0.841369
vt 0.545174 0.854596
vt 0.520833 0.865545
vt 0.505947 0.836106
vt 0.528407 0.831559
vt 0.591173 0.895723
vt 0.537638 0.893609
vt 0.563599 0.877002
vt 0.661878 0.916818
vt 0.649819 0.931266
vt 0.598285 0.929232
vt 0.622145 0.910080
vt 0.743708 0.546343
vt 0.746137 0.577951
vt 0.712216 0.575827
vt 0.708289 0.543809
vt 0.672196 0.544884
vt 0.678675 0.575998
vt 0.644984 0.578462
vt 0.635329 0.549500
vt 0.811304 0.550439
vt 0.812743 0.582633
vt 0.780032 0.579818
vt 0.778372 0.549085
vt 0.811862 0.613947
vt 0.782993 0.611650
vt 0.697214 0.656588
vt 0.688748 0.636893
vt 0.694357 0.637242
vt 0.701296 0.653173
vt 0.696145 0.618142
vt 0.651248 0.607246
vt 0.624628 0.611763
vt 0.601542 0.560989
vt 0.614663 0.587475
vt 0.476942 0.917524
vt 0.706050 0.909998
vt 0.731777 0.913606
vt 0.702938 0.918519
vt 0.730798 0.922099
vt 0.699528 0.927379
vt 0.762433 0.913249
vt 0.592622 0.530191
vt 0.556378 0.548336
vt 0.630029 0.516680
vt 0.716262 0.611301
vt 0.717046 0.666181
vt 0.717552 0.660914
vt 0.737752 0.620530
vt 0.844678 0.579985
vt 0.840339 0.619556
vt 0.806035 0.521310
vt 0.776219 0.517250
vt 0.833259 0.514842
vt 0.843313 0.544444
vt 0.669739 0.510852
vt 0.706096 0.511008
vt 0.742562 0.514443
vt 0.673440 0.901679
vt 0.642989 0.890526
vt 0.613807 0.875636
vt 0.587306 0.857836
vt 0.568450 0.842592
vt 0.550449 0.826616
vt 0.441834 0.808643
vt 0.438729 0.768293
vt 0.495782 0.603700
vt 0.524447 0.573980
vt 0.454329 0.678838
vt 0.472562 0.639894
vt 0.443577 0.720495
vt 0.733957 0.624246
vt 0.716908 0.616708
vt 0.860163 0.510852
vt 0.877223 0.587675
vt 0.877311 0.629778
vt 0.866374 0.692240
vt 0.869825 0.742877
vt 0.863477 0.805809
vt 0.855781 0.838514
vt 0.836958 0.845139
vt 0.816239 0.885621
vt 0.803700 0.907981
vt 0.691028 0.945727
vt 0.623360 0.954784
vt 0.576169 0.943491
vt 0.490468 0.939482
vt 0.207004 0.179301
vt 0.232716 0.177533
vt 0.235608 0.205975
vt 0.209585 0.205482
vt 0.209108 0.231562
vt 0.235878 0.234753
vt 0.231181 0.262973
vt 0.206109 0.257493
vt 0.258058 0.175019
vt 0.284065 0.171012
vt 0.289617 0.203915
vt 0.262787 0.205831
vt 0.262449 0.237458
vt 0.290403 0.238927
vt 0.284364 0.274484
vt 0.257478 0.269203
vt 0.152953 0.139454
vt 0.172458 0.134917
vt 0.178795 0.157155
vt 0.156126 0.158619
vt 0.157561 0.181404
vt 0.181740 0.180965
vt 0.183233 0.204681
vt 0.158493 0.204009
vt 0.158455 0.226436
vt 0.183097 0.228311
vt 0.181215 0.251687
vt 0.157722 0.248856
vt 0.154793 0.267373
vt 0.175136 0.272970
vt 0.167467 0.293711
vt 0.151115 0.285828
vt 0.199016 0.281075
vt 0.223825 0.289583
vt 0.211609 0.313957
vt 0.189338 0.303785
vt 0.248619 0.298229
vt 0.275209 0.307562
vt 0.258721 0.336879
vt 0.234790 0.324972
vt 0.297707 0.317847
vt 0.320784 0.330058
vt 0.296963 0.370478
vt 0.277253 0.347124
vt 0.319190 0.239036
vt 0.350299 0.234396
vt 0.339341 0.289735
vt 0.311112 0.283087
vt 0.308949 0.159577
vt 0.332200 0.142470
vt 0.344826 0.180160
vt 0.317899 0.196152
vt 0.281464 0.103942
vt 0.297702 0.089925
vt 0.318282 0.109478
vt 0.296566 0.127115
vt 0.240751 0.118451
vt 0.263687 0.113241
vt 0.274676 0.140551
vt 0.250388 0.145500
vt 0.195067 0.128702
vt 0.218167 0.123215
vt 0.226181 0.149707
vt 0.202481 0.153176
vt 0.115621 0.062494
vt 0.136599 0.051107
vt 0.156896 0.067270
vt 0.060870 0.175463
vt 0.084757 0.178445
vt 0.083826 0.202434
vt 0.058809 0.202090
vt 0.061081 0.228654
vt 0.085026 0.226406
vt 0.087832 0.250214
vt 0.064825 0.255050
vt 0.073524 0.278929
vt 0.094970 0.271858
vt 0.103340 0.293058
vt 0.083460 0.302265
vt 0.114933 0.266804
vt 0.134720 0.261790
vt 0.135050 0.277800
vt 0.119332 0.285476
vt 0.109585 0.225488
vt 0.133984 0.224600
vt 0.134386 0.245738
vt 0.111170 0.248089
vt 0.109194 0.180199
vt 0.133430 0.182069
vt 0.133644 0.203363
vt 0.108715 0.202891
vt 0.114059 0.138469
vt 0.133508 0.144303
vt 0.133369 0.160683
vt 0.110479 0.157402
vt 0.072998 0.125025
vt 0.094325 0.132775
vt 0.087343 0.154493
vt 0.064451 0.148949
vt 0.098897 0.081748
vt 0.082814 0.101681
vt 0.062392 0.091193
vt 0.079270 0.069641
vt 0.134342 0.106541
vt 0.118400 0.119524
vt 0.102602 0.111443
vt 0.118385 0.093854
vt 0.172547 0.084599
vt 0.150868 0.093785
vt 0.134935 0.076806
vt 0.222430 0.079467
vt 0.194912 0.078751
vt 0.180474 0.058759
vt 0.215180 0.067488
vt 0.180863 0.392007
vt 0.159252 0.375524
vt 0.178582 0.357191
vt 0.200883 0.372571
vt 0.138038 0.358413
vt 0.116809 0.341359
vt 0.136002 0.327182
vt 0.157205 0.342295
vt 0.219145 0.429837
vt 0.200912 0.410753
vt 0.222322 0.389486
vt 0.244737 0.405771
vt 0.264228 0.377296
vt 0.243239 0.365312
vt 0.219697 0.350282
vt 0.196884 0.337039
vt 0.174224 0.323805
vt 0.152315 0.310865
vt 0.135506 0.298416
vt 0.099774 0.322253
vt 0.119294 0.310547
vt 0.095506 0.049824
vt 0.251126 0.087195
vt 0.249263 0.080195
vt 0.266742 0.083279
vt 0.247586 0.072901
vt 0.265265 0.076289
vt 0.285329 0.080241
vt 0.080239 0.334093
vt 0.063037 0.312015
vt 0.097153 0.355697
vt 0.266040 0.427239
vt 0.292374 0.382258
vt 0.192603 0.445953
vt 0.176999 0.428667
vt 0.201408 0.465600
vt 0.232671 0.455426
vt 0.118624 0.373914
vt 0.138509 0.392611
vt 0.160069 0.409017
vt 0.229465 0.092262
vt 0.207831 0.097283
vt 0.186132 0.104150
vt 0.165182 0.112678
vt 0.149405 0.120104
vt 0.133785 0.127855
vt 0.051462 0.117054
vt 0.041117 0.143333
vt 0.041402 0.259932
vt 0.051913 0.286159
vt 0.033754 0.201839
vt 0.036958 0.230934
vt 0.036773 0.172502
vt 0.216634 0.471492
vt 0.261276 0.450733
vt 0.294509 0.410065
vt 0.325664 0.354181
vt 0.350414 0.311061
vt 0.364332 0.253952
vt 0.364387 0.194387
vt 0.344918 0.151470
vt 0.332637 0.114536
vt 0.316195 0.085317
vt 0.240855 0.058366
vt 0.202500 0.045751
vt 0.166003 0.045266
vt 0.109325 0.038125
vt 0.377575 0.118369
vt 0.365097 0.087161
vt 0.286452 0.485389
vt 0.301878 0.463494
vt 0.052186 0.041397
vt 0.030217 0.067154
vt 0.354800 0.074032
vt 0.326281 0.432125
vt 0.339683 0.047495
vt 0.008267 0.274029
vt 0.021249 0.304724
vt 0.332753 0.403928
vt 0.313970 0.043925
vt 0.299722 0.034792
vt 0.336339 0.398953
vt 0.361616 0.377316
vt 0.051388 0.359613
vt 0.068100 0.384710
vt 0.258735 0.030327
vt 0.252185 0.012783
vt 0.031222 0.334694
vt 0.365621 0.354347
vt 0.224746 0.028995
vt 0.113590 0.421575
vt 0.134926 0.438941
vt 0.390749 0.325414
vt 0.215078 0.000204
vt 0.277310 0.032456
vt 0.390711 0.299397
vt 0.147931 0.462219
vt 0.190703 0.016932
vt 0.405476 0.254722
vt 0.175063 0.002673
vt 0.092048 0.404825
vt 0.400922 0.228033
vt 0.019537 0.098553
vt 0.006551 0.129823
vt 0.005474 0.169469
vt 0.000204 0.204352
vt 0.141115 0.011047
vt 0.404395 0.181684
vt 0.004923 0.239762
vt 0.099377 0.000204
vt 0.390320 0.156478
vt 0.190166 0.505857
vt 0.219920 0.510444
vt 0.075786 0.014790
vt 0.164780 0.483910
vt 0.377936 0.134357
vt 0.246934 0.501265
vt 0.700564 0.622137
vt 0.866616 0.205135
vt 0.866616 0.229112
vt 0.860779 0.225381
vt 0.860075 0.208239
vt 0.848516 0.189416
vt 0.847728 0.196358
vt 0.812656 0.229343
vt 0.811506 0.208255
vt 0.818736 0.209300
vt 0.819228 0.226676
vt 0.849888 0.245014
vt 0.827627 0.244448
vt 0.831883 0.238537
vt 0.849081 0.237921
vt 0.825741 0.191462
vt 0.830580 0.196794
vt 0.999796 0.133369
vt 0.945733 0.188029
vt 0.942222 0.181824
vt 0.993060 0.131368
vt 0.811506 0.136047
vt 0.811506 0.056030
vt 0.817770 0.059354
vt 0.818362 0.133137
vt 0.946808 0.000281
vt 0.999733 0.057326
vt 0.993574 0.059873
vt 0.943501 0.006423
vt 0.869485 0.189008
vt 0.871495 0.182153
vt 0.867017 0.000204
vt 0.868966 0.006968
vt 0.876913 0.169884
vt 0.938695 0.167587
vt 0.980533 0.123481
vt 0.831864 0.062477
vt 0.830629 0.125828
vt 0.979248 0.063482
vt 0.937649 0.020974
vt 0.876655 0.019251
vt 0.958291 0.118410
vt 0.959899 0.072154
vt 0.881311 0.041648
vt 0.851274 0.074740
vt 0.926282 0.040340
vt 0.882233 0.147384
vt 0.925795 0.148287
vt 0.853647 0.116571
vt 0.942286 0.077409
vt 0.919036 0.056546
vt 0.869197 0.108020
vt 0.889046 0.130130
vt 0.942638 0.109038
vt 0.889553 0.058469
vt 0.868966 0.078840
vt 0.920153 0.131457
vt 0.894610 0.118000
vt 0.915714 0.118943
vt 0.930765 0.103508
vt 0.881181 0.083266
vt 0.880989 0.102935
vt 0.930221 0.082262
vt 0.914757 0.068527
vt 0.895062 0.069847
vt 0.910335 0.081418
vt 0.900767 0.081984
vt 0.900587 0.105326
vt 0.910795 0.105762
vt 0.918050 0.098270
vt 0.894045 0.088550
vt 0.893879 0.098048
vt 0.917725 0.087999
vt 0.906623 0.093437
s 1
f 167/1/1 75/2/2 27/3/3 73/4/4
f 166/5/5 76/6/5 28/7/6 74/8/6
f 165/9/7 80/10/8 30/11/9 78/12/10
f 164/13/11 81/14/12 31/15/13 79/16/14
f 163/17/15 93/18/15 23/19/15 82/20/15
f 162/21/16 70/22/16 24/23/16 83/24/16
f 161/25/17 71/26/17 25/27/17 84/28/17
f 160/29/18 85/30/18 11/31/18 56/32/18
f 159/33/19 86/34/19 12/35/19 57/36/19
f 158/37/20 87/38/20 13/39/20 58/40/20
f 157/41/21 60/42/21 4/43/21 59/44/21
f 156/45/22 61/46/22 14/47/22 88/48/22
f 155/49/23 62/50/23 15/51/23 89/52/23
f 154/53/24 63/54/24 16/55/24 90/56/24
f 153/57/25 91/58/25 29/59/25 77/60/25
f 152/61/26 92/62/27 26/63/27 72/64/26
f 110/65/28 131/66/28 109/67/28
f 151/68/29 99/69/30 37/70/30 97/71/29
f 150/72/31 100/73/32 38/74/33 98/75/34
f 149/76/35 102/77/36 22/78/37 68/79/38
f 148/80/39 55/81/39 2/82/39 69/83/39
f 147/84/40 54/85/40 10/86/40 103/87/40
f 146/88/41 53/89/41 9/90/41 104/91/41
f 145/92/42 52/93/42 8/94/42 105/95/42
f 144/96/43 106/97/44 36/98/45 96/99/46
f 143/100/47 67/101/48 20/102/49 111/103/50
f 142/104/51 66/105/51 19/106/51 112/107/51
f 141/108/52 113/109/52 41/110/52 109/67/52
f 140/111/53 114/112/53 40/113/53 108/114/53
f 139/115/54 119/116/55 46/117/56 118/118/57
f 138/119/58 122/120/59 48/121/59 121/122/58
f 137/123/60 116/124/61 44/125/62 124/126/63
f 136/127/64 125/128/64 13/39/64 59/44/64
f 135/129/65 126/130/65 12/35/65 58/40/65
f 134/131/66 127/132/67 11/31/67 57/36/66
f 133/133/68 69/83/68 2/82/68 56/32/68
f 132/134/69 68/79/70 22/78/71 128/135/72
f 109/67/28 131/66/28 40/113/28
f 110/65/28 42/136/28 131/66/28
f 5/137/73 115/138/73 32/139/73
f 41/110/28 110/65/28 109/67/28
f 115/138/74 39/140/74 130/141/74
f 115/138/73 130/141/73 32/139/73
f 32/139/75 130/141/75 3/142/75
f 129/143/76 21/144/77 68/79/70 132/134/69
f 47/145/78 129/143/76 132/134/69 122/120/79
f 122/120/79 132/134/69 128/135/72 48/121/80
f 128/135/81 22/78/81 69/83/81 133/133/81
f 48/121/82 128/135/82 133/133/82 127/132/82
f 127/132/83 133/133/83 56/32/83 11/31/83
f 121/122/84 48/121/85 127/132/85 134/131/86
f 46/117/87 121/122/84 134/131/86 126/130/87
f 126/130/88 134/131/66 57/36/66 12/35/88
f 118/118/89 46/117/89 126/130/65 135/129/65
f 44/125/89 118/118/89 135/129/65 125/128/65
f 125/128/65 135/129/65 58/40/65 13/39/65
f 124/126/90 44/125/90 125/128/90 136/127/90
f 17/146/91 124/126/91 136/127/91 64/147/91
f 64/147/92 136/127/92 59/44/92 4/43/92
f 123/148/93 43/149/93 116/124/61 137/123/60
f 18/150/94 123/148/94 137/123/94 65/151/94
f 65/151/95 137/123/60 124/126/63 17/146/95
f 120/152/96 47/145/96 122/120/96 138/119/96
f 45/153/97 120/152/97 138/119/97 119/116/97
f 119/116/98 138/119/58 121/122/58 46/117/98
f 117/154/99 45/153/100 119/116/55 139/115/54
f 43/149/101 117/154/99 139/115/54 116/124/102
f 116/124/102 139/115/54 118/118/57 44/125/103
f 49/155/104 6/156/104 114/112/104 140/111/104
f 5/137/105 49/155/105 140/111/105 115/138/105
f 115/138/106 140/111/106 108/114/106 39/140/106
f 50/157/107 7/158/107 113/109/107 141/108/107
f 6/156/108 50/157/108 141/108/108 114/112/108
f 114/112/109 141/108/109 109/67/109 40/113/109
f 51/159/110 1/160/110 66/105/110 142/104/110
f 7/158/111 51/159/111 142/104/111 113/109/111
f 113/109/112 142/104/112 112/107/112 41/110/112
f 112/107/113 19/106/114 67/101/48 143/100/47
f 41/110/115 112/107/113 143/100/47 110/65/116
f 110/65/116 143/100/47 111/103/50 42/136/117
f 67/101/118 19/106/119 106/97/44 144/96/43
f 20/102/120 67/101/118 144/96/43 107/161/121
f 107/161/121 144/96/43 96/99/46 33/162/122
f 66/105/123 1/160/123 52/93/123 145/92/123
f 19/106/124 66/105/124 145/92/124 106/97/124
f 106/97/125 145/92/125 105/95/125 36/98/125
f 105/95/126 8/94/126 53/89/126 146/88/126
f 36/98/127 105/95/127 146/88/128 99/69/129
f 99/69/129 146/88/128 104/91/130 37/70/130
f 104/91/40 9/90/40 54/85/40 147/84/40
f 37/70/40 104/91/40 147/84/40 100/73/40
f 100/73/40 147/84/40 103/87/40 38/74/40
f 103/87/131 10/86/131 55/81/131 148/80/131
f 38/74/132 103/87/132 148/80/132 102/77/132
f 102/77/133 148/80/133 69/83/133 22/78/133
f 98/75/134 38/74/135 102/77/36 149/76/35
f 35/163/136 98/75/134 149/76/35 101/164/137
f 101/164/137 149/76/35 68/79/38 21/144/138
f 97/71/139 37/70/140 100/73/32 150/72/31
f 34/165/141 97/71/139 150/72/31 95/166/142
f 95/166/142 150/72/31 98/75/34 35/163/143
f 96/99/144 36/98/145 99/69/145 151/68/144
f 33/162/146 96/99/144 151/68/144 94/167/146
f 94/167/147 151/68/29 97/71/29 34/165/147
f 50/157/26 6/156/27 92/62/27 152/61/26
f 7/158/26 50/157/26 152/61/26 93/18/26
f 93/18/26 152/61/26 72/64/26 23/19/26
f 49/155/148 5/137/148 91/58/148 153/57/148
f 6/156/149 49/155/149 153/57/149 92/62/149
f 92/62/150 153/57/150 77/60/150 26/63/150
f 32/139/151 3/142/151 63/54/151 154/53/151
f 5/137/152 32/139/152 154/53/152 91/58/152
f 91/58/153 154/53/153 90/56/153 29/59/153
f 90/56/154 16/55/155 62/50/155 155/49/156
f 29/59/157 90/56/154 155/49/156 80/10/158
f 80/10/158 155/49/156 89/52/159 30/11/159
f 89/52/160 15/51/160 61/46/160 156/45/160
f 30/11/161 89/52/161 156/45/161 81/14/161
f 81/14/162 156/45/162 88/48/162 31/15/162
f 88/48/163 14/47/163 60/42/163 157/41/163
f 31/15/164 88/48/164 157/41/164 87/38/164
f 87/38/165 157/41/165 59/44/165 13/39/165
f 79/16/20 31/15/20 87/38/20 158/37/20
f 28/7/166 79/16/20 158/37/20 86/34/166
f 86/34/166 158/37/20 58/40/20 12/35/166
f 74/8/19 28/7/19 86/34/19 159/33/19
f 25/27/167 74/8/167 159/33/168 85/30/169
f 85/30/169 159/33/168 57/36/170 11/31/170
f 84/28/171 25/27/171 85/30/171 160/29/171
f 10/86/172 84/28/172 160/29/172 55/81/172
f 55/81/173 160/29/173 56/32/173 2/82/173
f 83/24/174 24/23/174 71/26/174 161/25/174
f 9/90/17 83/24/17 161/25/17 54/85/17
f 54/85/17 161/25/17 84/28/17 10/86/17
f 82/20/175 23/19/175 70/22/175 162/21/175
f 8/94/175 82/20/175 162/21/175 53/89/175
f 53/89/176 162/21/176 83/24/176 9/90/176
f 51/159/177 7/158/177 93/18/177 163/17/177
f 1/160/178 51/159/178 163/17/178 52/93/178
f 52/93/179 163/17/179 82/20/179 8/94/179
f 78/12/180 30/11/181 81/14/12 164/13/11
f 27/3/182 78/12/180 164/13/11 76/6/183
f 76/6/183 164/13/11 79/16/14 28/7/184
f 77/60/185 29/59/186 80/10/8 165/9/7
f 26/63/187 77/60/185 165/9/7 75/2/188
f 75/2/188 165/9/7 78/12/10 27/3/189
f 73/4/190 27/3/190 76/6/5 166/5/5
f 24/23/191 73/4/191 166/5/191 71/26/191
f 71/26/192 166/5/192 74/8/192 25/27/192
f 72/64/193 26/63/194 75/2/2 167/1/1
f 23/19/195 72/64/193 167/1/1 70/22/196
f 70/22/196 167/1/1 73/4/4 24/23/197
f 18/150/198 65/151/198 168/168/198
f 65/151/199 17/146/199 169/169/199
f 17/146/200 64/147/200 170/170/200
f 60/42/201 171/171/201 4/43/201
f 14/47/202 172/172/202 60/42/202
f 61/46/203 173/173/203 14/47/203
f 15/51/204 174/174/204 61/46/204
f 62/50/205 175/175/205 15/51/205
f 16/55/206 176/176/206 62/50/206
f 63/54/207 177/177/207 16/55/207
f 108/114/208 178/178/208 39/140/208
f 40/113/209 179/179/209 108/114/209
f 131/66/210 180/180/210 40/113/210
f 42/136/211 181/181/211 131/66/211
f 348/182/212 254/183/213 208/184/214 256/185/215
f 347/186/216 255/187/217 209/188/218 257/189/219
f 346/190/220 259/191/221 211/192/222 261/193/223
f 345/194/224 260/195/225 212/196/226 262/197/227
f 344/198/228 263/199/228 204/200/228 274/201/228
f 343/202/229 264/203/229 205/204/229 251/205/229
f 342/206/230 265/207/230 206/208/230 252/209/230
f 341/210/231 237/211/231 192/212/231 266/213/231
f 340/214/232 238/215/232 193/216/233 267/217/233
f 339/218/234 239/219/234 194/220/234 268/221/234
f 338/222/235 240/223/235 185/224/235 241/225/235
f 337/226/236 269/227/236 195/228/236 242/229/236
f 336/230/237 270/231/237 196/232/237 243/233/237
f 335/234/238 271/235/238 197/236/238 244/237/238
f 334/238/239 258/239/239 210/240/239 272/241/239
f 333/242/240 253/243/240 207/244/241 273/245/241
f 291/246/242 290/247/242 312/248/242
f 332/249/243 278/250/244 218/251/245 280/252/246
f 331/253/247 279/254/248 219/255/249 281/256/250
f 330/257/251 249/258/252 203/259/253 283/260/254
f 329/261/255 250/262/255 183/263/255 236/264/255
f 328/265/256 284/266/256 191/267/256 235/268/256
f 327/269/257 285/270/257 190/271/257 234/272/257
f 326/273/258 286/274/258 189/275/258 233/276/258
f 325/277/259 277/278/260 217/279/261 287/280/262
f 324/281/263 292/282/264 201/283/265 248/284/266
f 323/285/267 293/286/267 200/287/267 247/288/267
f 322/289/268 290/247/268 222/290/268 294/291/268
f 321/292/269 289/293/269 221/294/269 295/295/269
f 320/296/270 299/297/271 227/298/272 300/299/273
f 319/300/274 302/301/275 229/302/276 303/303/277
f 318/304/278 305/305/279 225/306/280 297/307/281
f 317/308/282 240/223/282 194/220/282 306/309/282
f 316/310/283 239/219/283 193/216/283 307/311/283
f 315/312/284 238/215/284 192/212/284 308/313/284
f 314/314/285 237/211/285 183/263/285 250/262/285
f 313/315/286 309/316/287 203/259/288 249/258/289
f 290/247/242 221/294/242 312/248/242
f 291/246/242 312/248/242 223/317/242
f 186/318/290 213/319/290 296/320/290
f 222/290/242 290/247/242 291/246/242
f 296/320/291 311/321/291 220/322/291
f 296/320/290 213/319/290 311/321/290
f 213/319/292 184/323/292 311/321/292
f 310/324/293 313/315/286 249/258/289 202/325/294
f 228/326/295 303/303/296 313/315/286 310/324/293
f 303/303/296 229/302/297 309/316/287 313/315/286
f 309/316/298 314/314/298 250/262/298 203/259/298
f 229/302/299 308/313/299 314/314/299 309/316/299
f 308/313/300 192/212/300 237/211/300 314/314/300
f 302/301/301 315/312/284 308/313/284 229/302/301
f 227/298/301 307/311/284 315/312/284 302/301/301
f 307/311/284 193/216/284 238/215/284 315/312/284
f 299/297/302 316/310/283 307/311/283 227/298/302
f 225/306/302 306/309/283 316/310/283 299/297/302
f 306/309/283 194/220/283 239/219/283 316/310/283
f 305/305/303 317/308/303 306/309/303 225/306/303
f 198/327/304 245/328/304 317/308/304 305/305/304
f 245/328/305 185/224/305 240/223/305 317/308/305
f 304/329/306 318/304/278 297/307/281 224/330/306
f 199/331/307 246/332/307 318/304/307 304/329/307
f 246/332/308 198/327/308 305/305/279 318/304/278
f 301/333/309 319/300/274 303/303/277 228/326/310
f 226/334/311 300/299/312 319/300/274 301/333/309
f 300/299/312 227/298/313 302/301/275 319/300/274
f 298/335/314 320/296/270 300/299/273 226/334/315
f 224/330/316 297/307/317 320/296/270 298/335/314
f 297/307/317 225/306/318 299/297/271 320/296/270
f 230/336/319 321/292/319 295/295/319 187/337/319
f 186/318/320 296/320/320 321/292/320 230/336/320
f 296/320/321 220/322/321 289/293/321 321/292/321
f 231/338/322 322/289/322 294/291/322 188/339/322
f 187/337/323 295/295/323 322/289/323 231/338/323
f 295/295/324 221/294/324 290/247/324 322/289/324
f 232/340/325 323/285/325 247/288/325 182/341/325
f 188/339/326 294/291/326 323/285/326 232/340/326
f 294/291/327 222/290/327 293/286/327 323/285/327
f 293/286/328 324/281/263 248/284/266 200/287/329
f 222/290/330 291/246/331 324/281/263 293/286/328
f 291/246/331 223/317/332 292/282/264 324/281/263
f 248/284/333 325/277/259 287/280/262 200/287/334
f 201/283/335 288/342/336 325/277/259 248/284/333
f 288/342/336 214/343/337 277/278/260 325/277/259
f 247/288/338 326/273/338 233/276/338 182/341/338
f 200/287/339 287/280/339 326/273/339 247/288/339
f 287/280/340 217/279/340 286/274/340 326/273/340
f 286/274/257 327/269/257 234/272/257 189/275/257
f 217/279/257 280/252/257 327/269/257 286/274/257
f 280/252/257 218/251/257 285/270/257 327/269/257
f 285/270/256 328/265/256 235/268/256 190/271/256
f 218/251/256 281/256/256 328/265/256 285/270/256
f 281/256/256 219/255/256 284/266/256 328/265/256
f 284/266/341 329/261/341 236/264/341 191/267/341
f 219/255/342 283/260/342 329/261/342 284/266/342
f 283/260/343 203/259/343 250/262/343 329/261/343
f 279/254/344 330/257/251 283/260/254 219/255/345
f 216/344/346 282/345/347 330/257/251 279/254/344
f 282/345/347 202/325/348 249/258/252 330/257/251
f 278/250/349 331/253/247 281/256/250 218/251/350
f 215/346/351 276/347/352 331/253/247 278/250/349
f 276/347/352 216/344/353 279/254/248 331/253/247
f 277/278/354 332/249/243 280/252/246 217/279/355
f 214/343/356 275/348/357 332/249/243 277/278/354
f 275/348/357 215/346/358 278/250/244 332/249/243
f 231/338/240 333/242/240 273/245/241 187/337/241
f 188/339/240 274/201/240 333/242/240 231/338/240
f 274/201/240 204/200/240 253/243/240 333/242/240
f 230/336/359 334/238/359 272/241/359 186/318/359
f 187/337/360 273/245/360 334/238/360 230/336/360
f 273/245/361 207/244/361 258/239/361 334/238/361
f 213/319/362 335/234/362 244/237/362 184/323/362
f 186/318/363 272/241/363 335/234/363 213/319/363
f 272/241/364 210/240/364 271/235/364 335/234/364
f 271/235/365 336/230/366 243/233/367 197/236/367
f 210/240/368 261/193/369 336/230/366 271/235/365
f 261/193/369 211/192/370 270/231/370 336/230/366
f 270/231/371 337/226/371 242/229/371 196/232/371
f 211/192/372 262/197/372 337/226/372 270/231/372
f 262/197/373 212/196/373 269/227/373 337/226/373
f 269/227/374 338/222/374 241/225/374 195/228/374
f 212/196/375 268/221/375 338/222/375 269/227/375
f 268/221/376 194/220/376 240/223/376 338/222/376
f 260/195/234 339/218/234 268/221/234 212/196/234
f 209/188/377 267/217/377 339/218/234 260/195/234
f 267/217/377 193/216/377 239/219/234 339/218/234
f 255/187/232 340/214/232 267/217/233 209/188/233
f 206/208/232 266/213/232 340/214/232 255/187/232
f 266/213/232 192/212/232 238/215/232 340/214/232
f 265/207/378 341/210/378 266/213/378 206/208/378
f 191/267/379 236/264/379 341/210/379 265/207/379
f 236/264/380 183/263/380 237/211/380 341/210/380
f 264/203/230 342/206/230 252/209/230 205/204/230
f 190/271/230 235/268/230 342/206/230 264/203/230
f 235/268/230 191/267/230 265/207/230 342/206/230
f 263/199/229 343/202/229 251/205/229 204/200/229
f 189/275/229 234/272/229 343/202/229 263/199/229
f 234/272/229 190/271/229 264/203/229 343/202/229
f 232/340/381 344/198/381 274/201/381 188/339/381
f 182/341/382 233/276/382 344/198/382 232/340/382
f 233/276/383 189/275/383 263/199/383 344/198/383
f 259/191/384 345/194/224 262/197/227 211/192/385
f 208/184/386 257/189/387 345/194/224 259/191/384
f 257/189/387 209/188/388 260/195/225 345/194/224
f 258/239/389 346/190/220 261/193/223 210/240/390
f 207/244/391 256/185/392 346/190/220 258/239/389
f 256/185/392 208/184/393 259/191/221 346/190/220
f 254/183/394 347/186/216 257/189/219 208/184/395
f 205/204/396 252/209/397 347/186/216 254/183/394
f 252/209/397 206/208/398 255/187/217 347/186/216
f 253/243/399 348/182/212 256/185/215 207/244/400
f 204/200/401 251/205/402 348/182/212 253/243/399
f 251/205/402 205/204/403 254/183/213 348/182/212
f 199/331/404 349/349/404 246/332/404
f 246/332/405 350/350/405 198/327/405
f 198/327/406 351/351/406 245/328/406
f 241/225/407 185/224/407 352/352/407
f 195/228/408 241/225/408 353/353/408
f 242/229/409 195/228/409 354/354/409
f 196/232/410 242/229/410 355/355/410
f 243/233/411 196/232/411 356/356/411
f 197/236/412 243/233/412 357/357/412
f 244/237/413 197/236/413 358/358/413
f 289/293/414 220/322/414 359/359/414
f 221/294/415 289/293/415 360/360/415
f 312/248/416 221/294/416 361/361/416
f 223/317/417 312/248/417 362/362/417
f 62/363/418 176/364/418 357/357/418 243/233/418
f 169/365/419 17/366/419 198/327/419 350/350/419
f 111/367/420 20/368/420 201/283/420 292/282/420
f 176/364/421 16/369/421 197/236/421 357/357/421
f 17/366/422 170/370/422 351/351/422 198/327/422
f 16/369/423 177/371/423 358/358/423 197/236/423
f 35/372/424 101/373/425 282/345/425 216/344/426
f 170/370/427 64/374/427 245/328/427 351/351/427
f 63/375/428 3/376/428 184/323/428 244/237/428
f 177/371/429 63/375/429 244/237/429 358/358/429
f 4/377/430 171/378/430 352/352/430 185/224/430
f 129/379/431 47/380/432 228/326/433 310/324/431
f 39/381/434 178/382/434 359/359/434 220/322/434
f 101/373/425 21/383/435 202/325/436 282/345/425
f 171/378/437 60/384/437 241/225/437 352/352/437
f 178/382/438 108/385/438 289/293/438 359/359/438
f 45/386/439 117/387/439 298/335/439 226/334/439
f 21/383/435 129/379/431 310/324/431 202/325/436
f 60/384/440 172/388/440 353/353/440 241/225/440
f 108/385/441 179/389/441 360/360/441 289/293/441
f 3/376/442 130/390/442 311/321/442 184/323/442
f 172/388/443 14/391/443 195/228/443 353/353/443
f 117/387/439 43/392/444 224/330/445 298/335/439
f 130/390/446 39/381/446 220/322/446 311/321/446
f 179/389/447 40/393/447 221/294/447 360/360/447
f 64/374/448 4/377/448 185/224/448 245/328/448
f 14/391/449 173/394/449 354/354/449 195/228/449
f 40/393/450 180/395/450 361/361/450 221/294/450
f 47/380/432 120/396/451 301/333/451 228/326/433
f 173/394/452 61/397/452 242/229/452 354/354/452
f 107/398/453 33/399/454 214/343/455 288/342/453
f 94/400/456 34/401/457 215/346/458 275/348/456
f 180/395/459 131/402/459 312/248/459 361/361/459
f 61/397/460 174/403/460 355/355/460 242/229/460
f 120/396/461 45/386/461 226/334/461 301/333/461
f 95/404/462 35/372/424 216/344/426 276/347/462
f 131/402/463 181/405/463 362/362/463 312/248/463
f 20/368/453 107/398/453 288/342/453 201/283/453
f 174/403/464 15/406/464 196/232/464 355/355/464
f 33/399/454 94/400/465 275/348/465 214/343/455
f 18/407/466 168/408/466 349/349/466 199/331/466
f 181/405/467 42/409/467 223/317/467 362/362/467
f 43/392/444 123/410/468 304/329/469 224/330/445
f 15/406/470 175/411/470 356/356/470 196/232/470
f 34/401/457 95/404/462 276/347/462 215/346/458
f 168/408/471 65/412/471 246/332/471 349/349/471
f 175/411/472 62/363/472 243/233/472 356/356/472
f 42/409/420 111/367/420 292/282/420 223/317/420
f 123/410/468 18/407/473 199/331/473 304/329/469
f 65/412/474 169/365/474 350/350/474 246/332/474
f 510/413/224 425/414/384 386/415/386 427/416/387
f 509/417/220 426/418/389 387/419/391 428/420/392
f 508/421/216 430/422/394 389/423/396 432/424/397
f 507/425/212 431/426/399 390/427/401 433/428/402
f 506/429/375 434/430/375 382/431/375 445/432/375
f 505/433/475 435/434/475 383/435/475 422/436/475
f 504/437/476 436/438/476 384/439/476 423/440/476
f 503/441/477 408/442/477 373/443/477 437/444/477
f 410/445/478 501/446/478 711/447/478 706/448/478
f 501/446/479 410/445/479 375/449/479 439/450/479
f 500/451/480 411/452/480 366/453/480 412/454/480
f 499/455/481 440/456/481 376/457/481 413/458/481
f 498/459/482 441/460/482 377/461/482 414/462/482
f 497/463/483 442/464/483 378/465/483 415/466/483
f 496/467/484 429/468/484 388/469/484 443/470/484
f 495/471/234 424/472/234 385/473/377 444/474/377
f 458/475/485 457/476/485 474/477/485
f 494/478/486 447/479/487 393/480/487 449/481/486
f 493/482/488 448/483/489 394/484/489 450/485/488
f 492/486/490 420/487/491 381/488/491 451/489/490
f 491/490/492 421/491/492 364/492/492 407/493/492
f 490/494/493 452/495/493 372/496/493 406/497/493
f 489/498/494 453/499/494 371/500/494 405/501/494
f 488/502/495 454/503/495 370/504/495 404/505/495
f 487/506/496 446/507/497 392/508/498 455/509/499
f 486/510/500 111/511/501 20/512/502 419/513/503
f 485/514/504 459/515/504 380/516/504 418/517/504
f 484/518/505 457/476/505 397/519/505 460/520/505
f 483/521/506 456/522/506 396/523/506 461/524/506
f 482/525/507 464/526/508 399/527/509 465/528/510
f 481/529/511 466/530/511 400/531/512 467/532/512
f 480/533/513 468/534/328 398/535/330 463/536/331
f 479/537/326 411/452/326 375/449/326 469/538/326
f 502/539/514 409/540/514 374/541/514 712/542/514
f 477/543/515 409/540/515 373/443/515 471/544/515
f 476/545/516 408/442/516 364/492/516 421/491/516
f 475/546/517 472/547/517 381/488/518 420/487/518
f 457/476/485 396/523/485 474/477/485
f 458/475/485 474/477/485 42/548/485
f 367/549/519 391/550/519 462/551/519
f 397/519/485 457/476/485 458/475/485
f 462/551/520 473/552/520 395/553/520
f 462/551/519 391/550/519 473/552/519
f 391/550/521 365/554/521 473/552/521
f 129/555/522 475/546/523 420/487/524 21/556/524
f 47/557/525 467/532/525 475/546/523 129/555/522
f 467/532/526 400/531/526 472/547/517 475/546/517
f 472/547/527 476/545/527 421/491/527 381/488/527
f 400/531/528 471/544/528 476/545/528 472/547/528
f 471/544/529 373/443/529 408/442/529 476/545/529
f 466/530/530 477/543/530 471/544/530 400/531/530
f 399/527/531 470/558/531 477/543/531 466/530/531
f 501/446/532 438/559/532 707/560/532 711/447/532
f 464/526/533 478/561/533 470/558/533 399/527/533
f 398/535/534 469/538/534 478/561/534 464/526/534
f 469/538/535 375/449/535 410/445/535 478/561/535
f 468/534/327 479/537/327 469/538/327 398/535/327
f 379/562/536 416/563/536 479/537/536 468/534/536
f 416/563/537 366/453/537 411/452/537 479/537/537
f 123/564/332 480/533/513 463/536/331 43/565/332
f 18/566/538 417/567/538 480/533/538 123/564/538
f 417/567/329 379/562/329 468/534/328 480/533/513
f 120/568/539 481/529/539 467/532/539 47/557/539
f 45/569/540 465/528/540 481/529/540 120/568/540
f 465/528/541 399/527/541 466/530/511 481/529/511
f 117/570/542 482/525/507 465/528/510 45/569/543
f 43/565/544 463/536/545 482/525/507 117/570/542
f 463/536/545 398/535/546 464/526/508 482/525/507
f 401/571/547 483/521/547 461/524/547 368/572/547
f 367/549/548 462/551/548 483/521/548 401/571/548
f 462/551/549 395/553/549 456/522/549 483/521/549
f 402/573/550 484/518/550 460/520/550 369/574/550
f 368/572/551 461/524/551 484/518/551 402/573/551
f 461/524/552 396/523/552 457/476/552 484/518/552
f 403/575/553 485/514/553 418/517/553 363/576/553
f 369/574/282 460/520/282 485/514/282 403/575/282
f 460/520/303 397/519/303 459/515/303 485/514/303
f 459/515/279 486/510/500 419/513/503 380/516/308
f 397/519/280 458/475/281 486/510/500 459/515/279
f 458/475/281 42/548/306 111/511/501 486/510/500
f 419/513/554 487/506/496 455/509/499 380/516/555
f 20/512/556 107/577/557 487/506/496 419/513/554
f 107/577/557 33/578/558 446/507/497 487/506/496
f 418/517/559 488/502/559 404/505/559 363/576/559
f 380/516/560 455/509/560 488/502/560 418/517/560
f 455/509/561 392/508/561 454/503/561 488/502/561
f 454/503/494 489/498/494 405/501/494 370/504/494
f 392/508/494 449/481/494 489/498/494 454/503/494
f 449/481/494 393/480/494 453/499/494 489/498/494
f 453/499/493 490/494/493 406/497/493 371/500/493
f 393/480/493 450/485/493 490/494/493 453/499/493
f 450/485/493 394/484/493 452/495/493 490/494/493
f 452/495/562 491/490/562 407/493/562 372/496/562
f 394/484/563 451/489/563 491/490/563 452/495/563
f 451/489/564 381/488/564 421/491/564 491/490/564
f 448/483/565 492/486/490 451/489/490 394/484/565
f 35/579/566 101/580/567 492/486/568 448/483/566
f 101/580/567 21/556/569 420/487/569 492/486/568
f 447/479/570 493/482/488 450/485/488 393/480/570
f 34/581/571 95/582/572 493/482/573 447/479/571
f 95/582/572 35/579/574 448/483/574 493/482/573
f 446/507/575 494/478/486 449/481/486 392/508/575
f 33/578/576 94/583/576 494/478/576 446/507/576
f 94/583/577 34/581/577 447/479/577 494/478/577
f 402/573/234 495/471/234 444/474/377 368/572/377
f 369/574/234 445/432/234 495/471/234 402/573/234
f 445/432/234 382/431/234 424/472/234 495/471/234
f 401/571/578 496/467/578 443/470/578 367/549/578
f 368/572/579 444/474/579 496/467/579 401/571/579
f 444/474/580 385/473/580 429/468/580 496/467/580
f 391/550/581 497/463/581 415/466/581 365/554/581
f 367/549/582 443/470/582 497/463/582 391/550/582
f 443/470/583 388/469/583 442/464/583 497/463/583
f 442/464/584 498/459/585 414/462/586 378/465/586
f 388/469/587 432/424/588 498/459/585 442/464/584
f 432/424/588 389/423/589 441/460/589 498/459/585
f 441/460/590 499/455/590 413/458/590 377/461/590
f 389/423/591 433/428/591 499/455/591 441/460/591
f 433/428/592 390/427/592 440/456/592 499/455/592
f 440/456/593 500/451/593 412/454/593 376/457/593
f 390/427/228 439/450/228 500/451/228 440/456/228
f 439/450/381 375/449/381 411/452/381 500/451/381
f 431/426/594 501/446/594 439/450/594 390/427/594
f 387/419/595 438/559/595 501/446/595 431/426/595
f 470/558/596 478/561/596 710/584/596 708/585/596
f 426/418/597 502/539/597 438/559/597 387/419/597
f 384/439/598 437/444/598 502/539/598 426/418/598
f 437/444/599 373/443/599 409/540/599 502/539/599
f 436/438/600 503/441/600 437/444/600 384/439/600
f 372/496/601 407/493/601 503/441/601 436/438/601
f 407/493/602 364/492/602 408/442/602 503/441/602
f 435/434/476 504/437/476 423/440/476 383/435/476
f 371/500/476 406/497/476 504/437/476 435/434/476
f 406/497/476 372/496/476 436/438/476 504/437/476
f 434/430/475 505/433/475 422/436/475 382/431/475
f 370/504/475 405/501/475 505/433/475 434/430/475
f 405/501/475 371/500/475 435/434/475 505/433/475
f 403/575/376 506/429/376 445/432/376 369/574/376
f 363/576/603 404/505/603 506/429/603 403/575/603
f 404/505/604 370/504/604 434/430/604 506/429/604
f 430/422/213 507/425/212 433/428/402 389/423/403
f 386/415/214 428/420/215 507/425/212 430/422/213
f 428/420/215 387/419/400 431/426/399 507/425/212
f 429/468/217 508/421/216 432/424/397 388/469/398
f 385/473/218 427/416/219 508/421/216 429/468/217
f 427/416/219 386/415/395 430/422/394 508/421/216
f 425/414/221 509/417/220 428/420/392 386/415/393
f 383/435/222 423/440/223 509/417/220 425/414/221
f 423/440/223 384/439/605 426/418/389 509/417/220
f 424/472/225 510/413/224 427/416/387 385/473/388
f 382/431/226 422/436/227 510/413/224 424/472/225
f 422/436/227 383/435/385 425/414/384 510/413/224
f 18/566/606 511/586/606 417/567/606
f 417/567/607 512/587/607 379/562/607
f 379/562/608 513/588/608 416/563/608
f 412/454/609 366/453/609 514/589/609
f 376/457/610 412/454/610 515/590/610
f 413/458/611 376/457/611 516/591/611
f 377/461/612 413/458/612 517/592/612
f 414/462/613 377/461/613 518/593/613
f 378/465/614 414/462/614 519/594/614
f 415/466/615 378/465/615 520/595/615
f 456/522/616 395/553/616 521/596/616
f 396/523/617 456/522/617 522/597/617
f 474/477/618 396/523/618 523/598/618
f 42/548/619 474/477/619 524/599/619
f 691/600/11 599/601/183 551/602/182 597/603/180
f 690/604/7 600/605/188 552/606/187 598/607/185
f 689/608/620 604/609/621 554/610/622 602/611/623
f 688/612/1 605/613/196 555/614/195 603/615/193
f 687/616/164 617/617/164 547/618/164 606/619/164
f 686/620/624 594/621/624 548/622/624 607/623/624
f 685/624/625 595/625/625 549/626/625 608/627/625
f 684/628/626 609/629/626 535/630/626 580/631/626
f 683/632/627 610/633/628 536/634/628 581/635/627
f 682/636/26 611/637/26 537/638/26 582/639/26
f 681/640/629 584/641/629 528/642/629 583/643/629
f 680/644/630 585/645/630 538/646/630 612/647/630
f 679/648/631 586/649/631 539/650/631 613/651/631
f 678/652/632 587/653/632 540/654/632 614/655/632
f 677/656/633 615/657/633 553/658/633 601/659/633
f 676/660/20 616/661/166 550/662/166 596/663/20
f 634/664/634 655/665/634 633/666/634
f 675/667/635 623/668/636 561/669/637 621/670/638
f 674/671/639 624/672/640 562/673/641 622/674/642
f 673/675/643 626/676/644 546/677/645 592/678/646
f 672/679/647 579/680/647 526/681/647 593/682/647
f 671/683/648 578/684/648 534/685/648 627/686/648
f 670/687/649 577/688/649 533/689/649 628/690/649
f 669/691/650 576/692/650 532/693/650 629/694/650
f 668/695/651 630/696/652 560/697/653 620/698/654
f 667/699/655 591/700/656 544/701/657 635/702/658
f 666/703/659 590/704/659 543/705/659 636/706/659
f 665/707/660 637/708/660 565/709/660 633/666/660
f 664/710/661 638/711/661 564/712/661 632/713/661
f 663/714/662 643/715/663 570/716/664 642/717/665
f 662/718/666 646/719/667 572/720/668 645/721/669
f 661/722/670 640/723/116 568/724/115 648/725/113
f 660/726/111 649/727/111 537/638/111 583/643/111
f 659/728/671 650/729/671 536/634/671 582/639/671
f 658/730/672 651/731/672 535/630/672 581/635/672
f 657/732/673 593/682/673 526/681/673 580/631/673
f 656/733/674 592/678/675 546/677/676 652/734/677
f 633/666/634 655/665/634 564/712/634
f 634/664/634 566/735/634 655/665/634
f 529/736/678 639/737/678 556/738/678
f 565/709/634 634/664/634 633/666/634
f 639/737/679 563/739/679 654/740/679
f 639/737/678 654/740/678 556/738/678
f 556/738/680 654/740/680 527/741/680
f 653/742/681 545/743/682 592/678/675 656/733/674
f 571/744/683 653/742/681 656/733/674 646/719/684
f 646/719/684 656/733/674 652/734/677 572/720/685
f 652/734/686 546/677/686 593/682/686 657/732/686
f 572/720/687 652/734/687 657/732/687 651/731/687
f 651/731/688 657/732/688 580/631/688 535/630/688
f 645/721/689 572/720/689 651/731/672 658/730/672
f 570/716/689 645/721/689 658/730/672 650/729/672
f 650/729/672 658/730/672 581/635/672 536/634/672
f 642/717/690 570/716/690 650/729/671 659/728/671
f 568/724/690 642/717/690 659/728/671 649/727/671
f 649/727/671 659/728/671 582/639/671 537/638/671
f 648/725/112 568/724/112 649/727/112 660/726/112
f 541/745/691 648/725/691 660/726/691 588/746/691
f 588/746/692 660/726/692 583/643/692 528/642/692
f 647/747/117 567/748/117 640/723/116 661/722/670
f 542/749/693 647/747/693 661/722/693 589/750/693
f 589/750/114 661/722/670 648/725/113 541/745/114
f 644/751/694 571/744/695 646/719/667 662/718/666
f 569/752/696 644/751/694 662/718/666 643/715/697
f 643/715/697 662/718/666 645/721/669 570/716/698
f 641/753/699 569/752/700 643/715/663 663/714/662
f 567/748/701 641/753/699 663/714/662 640/723/702
f 640/723/702 663/714/662 642/717/665 568/724/703
f 573/754/704 530/755/704 638/711/704 664/710/704
f 529/736/705 573/754/705 664/710/705 639/737/705
f 639/737/706 664/710/706 632/713/706 563/739/706
f 574/756/707 531/757/707 637/708/707 665/707/707
f 530/755/708 574/756/708 665/707/708 638/711/708
f 638/711/709 665/707/709 633/666/709 564/712/709
f 575/758/710 525/759/710 590/704/710 666/703/710
f 531/757/64 575/758/64 666/703/64 637/708/64
f 637/708/90 666/703/90 636/706/90 565/709/90
f 636/706/63 543/705/95 591/700/656 667/699/655
f 565/709/62 636/706/63 667/699/655 634/664/61
f 634/664/61 667/699/655 635/702/658 566/735/93
f 591/700/711 543/705/712 630/696/652 668/695/651
f 544/701/713 591/700/711 668/695/651 631/760/714
f 631/760/714 668/695/651 620/698/654 557/761/715
f 590/704/716 525/759/716 576/692/716 669/691/716
f 543/705/717 590/704/717 669/691/717 630/696/717
f 630/696/718 669/691/718 629/694/718 560/697/718
f 629/694/649 532/693/649 577/688/649 670/687/649
f 560/697/649 629/694/649 670/687/649 623/668/649
f 623/668/649 670/687/649 628/690/649 561/669/649
f 628/690/648 533/689/648 578/684/648 671/683/648
f 561/669/648 628/690/648 671/683/648 624/672/648
f 624/672/648 671/683/648 627/686/648 562/673/648
f 627/686/719 534/685/719 579/680/719 672/679/719
f 562/673/720 627/686/720 672/679/720 626/676/720
f 626/676/721 672/679/721 593/682/721 546/677/721
f 622/674/722 562/673/723 626/676/644 673/675/643
f 559/762/724 622/674/722 673/675/643 625/763/725
f 625/763/725 673/675/643 592/678/646 545/743/726
f 621/670/727 561/669/728 624/672/640 674/671/639
f 558/764/729 621/670/727 674/671/639 619/765/730
f 619/765/730 674/671/639 622/674/642 559/762/731
f 620/698/732 560/697/733 623/668/636 675/667/635
f 557/761/734 620/698/732 675/667/635 618/766/735
f 618/766/735 675/667/635 621/670/638 558/764/736
f 574/756/20 530/755/166 616/661/166 676/660/20
f 531/757/20 574/756/20 676/660/20 617/617/20
f 617/617/20 676/660/20 596/663/20 547/618/20
f 573/754/737 529/736/737 615/657/737 677/656/737
f 530/755/738 573/754/738 677/656/738 616/661/738
f 616/661/739 677/656/739 601/659/739 550/662/739
f 556/738/740 527/741/740 587/653/740 678/652/740
f 529/736/741 556/738/741 678/652/741 615/657/741
f 615/657/742 678/652/742 614/655/742 553/658/742
f 614/655/743 540/654/744 586/649/744 679/648/745
f 553/658/746 614/655/743 679/648/745 604/609/747
f 604/609/747 679/648/745 613/651/748 554/610/748
f 613/651/749 539/650/749 585/645/749 680/644/749
f 554/610/750 613/651/750 680/644/750 605/613/750
f 605/613/751 680/644/751 612/647/751 555/614/751
f 612/647/752 538/646/752 584/641/752 681/640/752
f 555/614/15 612/647/15 681/640/15 611/637/15
f 611/637/177 681/640/177 583/643/177 537/638/177
f 603/615/26 555/614/26 611/637/26 682/636/26
f 552/606/27 603/615/26 682/636/26 610/633/27
f 610/633/27 682/636/26 582/639/26 536/634/27
f 598/607/627 552/606/628 610/633/628 683/632/627
f 549/626/627 598/607/627 683/632/627 609/629/627
f 609/629/627 683/632/627 581/635/627 535/630/627
f 608/627/753 549/626/753 609/629/753 684/628/753
f 534/685/754 608/627/754 684/628/754 579/680/754
f 579/680/755 684/628/755 580/631/755 526/681/755
f 607/623/625 548/622/625 595/625/625 685/624/625
f 533/689/625 607/623/625 685/624/625 578/684/625
f 578/684/625 685/624/625 608/627/625 534/685/625
f 606/619/624 547/618/624 594/621/624 686/620/624
f 532/693/624 606/619/624 686/620/624 577/688/624
f 577/688/624 686/620/624 607/623/624 533/689/624
f 575/758/165 531/757/165 617/617/165 687/616/165
f 525/759/756 575/758/756 687/616/756 576/692/756
f 576/692/757 687/616/757 606/619/757 532/693/757
f 602/611/4 554/610/197 605/613/196 688/612/1
f 551/602/3 602/611/4 688/612/1 600/605/2
f 600/605/2 688/612/1 603/615/193 552/606/194
f 601/659/758 553/658/759 604/609/621 689/608/620
f 550/662/6 601/659/758 689/608/620 599/601/5
f 599/601/5 689/608/620 602/611/623 551/602/190
f 597/603/10 551/602/189 600/605/188 690/604/7
f 548/622/9 597/603/10 690/604/7 595/625/8
f 595/625/8 690/604/7 598/607/185 549/626/186
f 596/663/14 550/662/184 599/601/183 691/600/11
f 547/618/13 596/663/14 691/600/11 594/621/12
f 594/621/12 691/600/11 597/603/180 548/622/181
f 542/749/760 589/750/760 692/767/760
f 589/750/761 541/745/761 693/768/761
f 541/745/762 588/746/762 694/769/762
f 584/641/763 695/770/763 528/642/763
f 538/646/764 696/771/764 584/641/764
f 585/645/765 697/772/765 538/646/765
f 539/650/766 698/773/766 585/645/766
f 586/649/767 699/774/767 539/650/767
f 540/654/768 700/775/768 586/649/768
f 587/653/769 701/776/769 540/654/769
f 632/713/770 702/777/770 563/739/770
f 564/712/771 703/778/771 632/713/771
f 655/665/772 704/779/772 564/712/772
f 566/735/773 705/780/773 655/665/773
f 414/781/774 586/649/774 700/775/774 519/782/774
f 512/783/775 693/768/775 541/745/775 379/784/775
f 111/785/776 635/702/776 544/701/776 20/786/776
f 519/782/777 700/775/777 540/654/777 378/787/777
f 379/784/778 541/745/778 694/769/778 513/788/778
f 378/787/779 540/654/779 701/776/779 520/789/779
f 35/790/780 559/762/780 625/763/780 101/791/780
f 513/788/781 694/769/781 588/746/781 416/792/781
f 415/793/782 587/653/782 527/741/782 365/794/782
f 520/789/783 701/776/783 587/653/783 415/793/783
f 366/795/784 528/642/784 695/770/784 514/796/784
f 129/797/785 653/742/785 571/744/785 47/798/785
f 395/799/786 563/739/786 702/777/786 521/800/786
f 101/791/780 625/763/780 545/743/780 21/801/780
f 514/796/787 695/770/787 584/641/787 412/802/787
f 521/800/788 702/777/788 632/713/788 456/803/788
f 45/804/789 569/752/789 641/753/789 117/805/789
f 21/801/785 545/743/785 653/742/785 129/797/785
f 412/802/790 584/641/790 696/771/790 515/806/790
f 456/803/791 632/713/791 703/778/791 522/807/791
f 365/794/792 527/741/792 654/740/792 473/808/792
f 515/806/793 696/771/793 538/646/793 376/809/793
f 117/805/789 641/753/789 567/748/794 43/810/795
f 473/808/796 654/740/796 563/739/796 395/799/796
f 522/807/797 703/778/797 564/712/797 396/811/797
f 416/792/798 588/746/798 528/642/798 366/795/798
f 376/809/799 538/646/799 697/772/799 516/812/799
f 396/811/800 564/712/800 704/779/800 523/813/800
f 47/798/801 571/744/801 644/751/802 120/814/803
f 516/812/804 697/772/804 585/645/804 413/815/804
f 107/816/805 631/760/805 557/761/805 33/817/805
f 94/818/806 618/766/806 558/764/806 34/819/806
f 523/813/807 704/779/807 655/665/807 474/820/807
f 413/815/808 585/645/808 698/773/808 517/821/808
f 120/814/803 644/751/802 569/752/809 45/804/809
f 95/822/810 619/765/810 559/762/810 35/790/810
f 474/820/811 655/665/811 705/780/811 524/823/811
f 20/786/805 544/701/805 631/760/805 107/816/805
f 517/821/812 698/773/812 539/650/812 377/824/812
f 33/817/813 557/761/813 618/766/813 94/818/813
f 18/825/814 542/749/814 692/767/814 511/826/814
f 524/823/815 705/780/815 566/735/815 42/827/815
f 43/810/795 567/748/794 647/747/816 123/828/817
f 377/824/818 539/650/818 699/774/818 518/829/818
f 34/819/810 558/764/810 619/765/810 95/822/810
f 511/826/819 692/767/819 589/750/819 417/830/819
f 518/829/820 699/774/820 586/649/820 414/781/820
f 42/827/776 566/735/776 635/702/776 111/785/776
f 123/828/817 647/747/816 542/749/821 18/825/821
f 417/830/822 589/750/822 693/768/822 512/783/822
f 478/561/823 410/445/823 706/448/823 710/584/823
f 409/540/824 477/543/824 709/831/824 374/541/824
f 438/559/825 502/539/825 712/542/825 707/560/825
f 477/543/826 470/558/826 708/585/826 709/831/826
f 374/832/827 709/833/827 717/834/827 713/835/827
f 712/836/828 374/832/828 713/835/828 720/837/828
f 706/838/829 711/839/829 719/840/829 714/841/829
f 708/842/830 710/843/830 718/844/830 716/845/830
f 709/833/831 708/842/831 716/845/831 717/834/831
f 707/846/832 712/836/832 720/837/832 715/847/832
f 711/839/833 707/846/833 715/847/833 719/840/833
f 710/843/834 706/838/834 714/841/834 718/844/834
f 719/848/835 715/849/835 723/850/835 727/851/835
f 713/852/836 717/853/836 725/854/836 721/855/836
f 718/856/837 714/857/837 722/858/837 726/859/837
f 720/860/838 713/852/838 721/855/838 728/861/838
f 714/857/839 719/848/839 727/851/839 722/858/839
f 717/853/840 716/862/840 724/863/840 725/854/840
f 716/862/841 718/856/841 726/859/841 724/863/841
f 715/849/842 720/860/842 728/861/842 723/850/842
f 723/850/843 728/861/843 736/864/843 731/865/843
f 727/851/844 723/850/844 731/865/844 735/866/844
f 721/855/845 725/854/845 733/867/845 729/868/845
f 726/859/846 722/858/846 730/869/846 734/870/846
f 728/861/847 721/855/847 729/868/847 736/864/847
f 722/858/848 727/851/848 735/866/848 730/869/848
f 725/854/849 724/863/849 732/871/849 733/867/849
f 724/863/850 726/859/850 734/870/850 732/871/850
f 730/869/851 735/866/851 743/872/851 738/873/851
f 733/867/852 732/871/852 740/874/852 741/875/852
f 732/871/853 734/870/853 742/876/853 740/874/853
f 731/865/854 736/864/854 744/877/854 739/878/854
f 735/866/855 731/865/855 739/878/855 743/872/855
f 729/868/856 733/867/856 741/875/856 737/879/856
f 734/870/857 730/869/857 738/873/857 742/876/857
f 736/864/858 729/868/858 737/879/858 744/877/858
f 742/876/859 738/873/859 746/880/859 750/881/859
f 744/877/860 737/879/860 745/882/860 752/883/860
f 738/873/861 743/872/861 751/884/861 746/880/861
f 741/875/862 740/874/862 748/885/862 749/886/862
f 740/874/863 742/876/863 750/881/863 748/885/863
f 739/878/864 744/877/864 752/883/864 747/887/864
f 743/872/865 739/878/865 747/887/865 751/884/865
f 737/879/866 741/875/866 749/886/866 745/882/866
f 747/887/867 752/883/867 760/888/867 755/889/867
f 751/884/868 747/887/868 755/889/868 759/890/868
f 745/882/869 749/886/869 757/891/869 753/892/869
f 750/881/870 746/880/870 754/893/870 758/894/870
f 752/883/871 745/882/871 753/892/871 760/888/871
f 746/880/872 751/884/872 759/890/872 754/893/872
f 749/886/873 748/885/873 756/895/873 757/891/873
f 748/885/874 750/881/874 758/894/874 756/895/874
f 756/895/875 758/894/875 766/896/875 764/897/875
f 755/889/876 760/888/876 768/898/876 763/899/876
f 759/890/877 755/889/877 763/899/877 767/900/877
f 753/892/878 757/891/878 765/901/878 761/902/878
f 758/894/879 754/893/879 762/903/879 766/896/879
f 760/888/880 753/892/880 761/902/880 768/898/880
f 754/893/881 759/890/881 767/900/881 762/903/881
f 757/891/882 756/895/882 764/897/883 765/901/884
f 768/898/880 761/902/880 769/904/885
f 762/903/886 767/900/886 769/904/886
f 765/901/884 764/897/883 769/904/887
f 764/897/888 766/896/888 769/904/888
f 763/899/889 768/898/889 769/904/889
f 767/900/890 763/899/890 769/904/890
f 761/902/891 765/901/891 769/904/891
f 766/896/892 762/903/892 769/904/892
