# Blender 4.4.1
# www.blender.org
mtllib Hair1FixedFixed_.mtl
o hair_1
v -0.475426 4.808241 0.498224
v -0.475426 4.808241 -0.501776
v -0.584994 4.308241 0.607792
v -0.548359 4.604891 0.571157
v -0.548359 4.881174 0.294874
v -0.584994 4.917809 -0.001776
v -0.548359 4.881174 -0.298426
v -0.548359 4.604891 -0.574709
v -0.566879 4.308241 -0.609568
v -0.314764 4.881174 -0.574709
v 0.000000 4.917809 -0.609568
v 0.000000 4.917809 0.607792
v -0.314764 4.881174 0.571157
v -0.757255 4.308241 0.331364
v -0.704416 4.624398 0.314381
v -0.794505 4.302379 -0.004026
v -0.760333 4.614271 -0.002281
v -0.757255 4.308241 -0.334917
v -0.704416 4.624398 -0.317933
v -0.461645 4.260837 -0.618908
v -0.334271 4.624398 -0.683150
v 0.000000 4.643016 -0.731053
v 0.000000 4.308241 0.839506
v 0.000000 4.641381 0.781829
v -0.351255 4.308241 0.780053
v -0.334271 4.624398 0.727214
v 0.000000 5.090070 -0.333141
v -0.334271 5.037230 -0.317933
v 0.000000 5.147747 -0.000000
v -0.351255 5.090069 -0.001776
v 0.000000 5.090070 0.333140
v -0.334271 5.037230 0.314381
v -0.566879 4.012821 0.609568
v -0.589796 4.009958 -0.612158
v -0.739140 4.012820 0.333141
v -0.799308 4.004097 -0.004840
v -0.762057 4.009958 -0.335730
v -0.532458 4.010125 -0.619803
v 0.000000 4.012821 0.839506
v -0.333140 4.012821 0.781829
v -0.522349 3.693679 0.592901
v -0.538645 3.683166 -0.595018
v -0.711518 3.688541 0.323688
v -0.762692 3.683166 -0.001068
v -0.706493 3.683166 -0.325673
v -0.416559 3.683166 -0.649986
v -0.000000 3.691159 0.819447
v -0.292035 3.693679 0.760748
v -0.532322 3.536775 0.661374
v -0.548618 3.526262 -0.628518
v -0.739839 3.526262 0.354501
v -0.803865 3.526262 -0.015307
v -0.739839 3.526262 -0.385116
v -0.467338 3.526262 -0.665189
v -0.000000 3.536775 0.916622
v -0.225468 3.536775 0.852596
v -0.702623 3.430737 0.722415
v -0.702992 3.436148 -0.706042
v -0.904814 3.430737 0.397959
v -0.972881 3.428216 0.009436
v -0.905183 3.428216 -0.381586
v -0.417567 3.428216 -0.771443
v -0.000000 3.438729 0.994824
v -0.362240 3.438729 0.927125
v -0.444947 4.709839 0.465508
v -0.444947 4.709839 -0.456516
v -0.545971 4.248827 0.566533
v -0.512192 4.522346 0.532754
v -0.512192 4.777085 0.278015
v -0.545971 4.810863 0.004496
v -0.512192 4.777085 -0.269022
v -0.512192 4.522346 -0.523761
v -0.527857 4.248827 -0.555764
v -0.296813 4.777085 -0.523761
v 0.000000 4.810863 -0.555764
v 0.000000 4.810863 0.566533
v -0.296813 4.777085 0.532754
v -0.704800 4.248827 0.311660
v -0.656081 4.540332 0.296001
v -0.737553 4.242966 0.002246
v -0.707878 4.528881 0.003991
v -0.704800 4.248827 -0.302667
v -0.656081 4.540332 -0.287008
v -0.459870 4.242836 -0.592388
v -0.314799 4.540332 -0.667650
v 0.000000 4.618967 -0.667776
v 0.000000 4.248827 0.780318
v 0.000000 4.555991 0.727138
v -0.312344 4.248827 0.727138
v -0.314799 4.540332 0.676643
v 0.000000 4.969692 -0.300891
v -0.314799 4.920973 -0.287008
v 0.000000 5.022872 0.006273
v -0.330458 4.969692 0.004496
v 0.000000 4.969692 0.311660
v -0.314799 4.920973 0.296001
v -0.527857 3.976443 0.568309
v -0.550773 3.973580 -0.558354
v -0.709602 3.973580 0.310846
v -0.742355 3.967719 0.001433
v -0.709602 3.973580 -0.303481
v -0.483451 3.975673 -0.551231
v 0.000000 3.976443 0.780318
v -0.312344 3.976443 0.727138
v -0.486695 3.679804 0.555313
v -0.502622 3.671812 -0.542477
v -0.641454 3.679804 0.306971
v -0.709199 3.671812 0.005158
v -0.657381 3.671812 -0.294135
v -0.390056 3.671812 -0.593159
v -0.000000 3.679804 0.761890
v -0.274340 3.679804 0.710073
v -0.511448 3.529663 0.613429
v -0.511817 3.527142 -0.573365
v -0.688128 3.527143 0.333002
v -0.747161 3.527142 -0.007970
v -0.688128 3.527142 -0.348943
v -0.436875 3.527142 -0.607177
v -0.000000 3.537655 0.851292
v -0.212595 3.537655 0.792259
v -0.653785 3.439263 0.672032
v -0.654154 3.444674 -0.644844
v -0.840209 3.439263 0.372876
v -0.902998 3.436742 0.014844
v -0.840578 3.436742 -0.345688
v -0.390985 3.436742 -0.705146
v -0.000000 3.447255 0.923396
v -0.354629 3.439263 0.858457
v -0.188934 4.466848 -0.723882
v -0.204796 4.445943 -0.728324
v -0.321050 4.600444 -0.700709
v -0.226638 4.420857 -0.728328
v -0.365920 4.605801 -0.692901
v -0.283800 4.587793 -0.707624
v -0.254912 4.566821 -0.713573
v -0.208813 4.505555 -0.724522
v -0.232165 4.482317 -0.721823
v -0.278265 4.543582 -0.710873
v -0.302392 4.554393 -0.706528
v -0.251253 4.456166 -0.724151
v -0.323012 4.548776 -0.703094
v -0.185435 4.464009 -0.714764
v -0.200710 4.442627 -0.717676
v -0.316965 4.597128 -0.690063
v -0.222552 4.417542 -0.717683
v -0.361832 4.602485 -0.682254
v -0.279714 4.584476 -0.696976
v -0.250825 4.563504 -0.702925
v -0.204727 4.502239 -0.713876
v -0.228080 4.479001 -0.711177
v -0.274180 4.540267 -0.700227
v -0.298307 4.551077 -0.695882
v -0.247166 4.452852 -0.713506
v -0.318923 4.545460 -0.692445
v 0.475426 4.808241 0.498224
v 0.475426 4.808241 -0.501776
v 0.584994 4.308241 0.607792
v 0.548359 4.604891 0.571157
v 0.548359 4.881174 0.294874
v 0.584994 4.917809 -0.001776
v 0.548359 4.881174 -0.298426
v 0.548359 4.604891 -0.574709
v 0.566879 4.308241 -0.609568
v 0.314764 4.881174 -0.574709
v 0.314764 4.881174 0.571157
v 0.757255 4.308241 0.331364
v 0.704416 4.624398 0.314381
v 0.794505 4.302379 -0.004026
v 0.760333 4.614271 -0.002281
v 0.757255 4.308241 -0.334917
v 0.704416 4.624398 -0.317933
v 0.461645 4.260837 -0.618908
v 0.334271 4.624398 -0.683150
v 0.351255 4.308241 0.780053
v 0.334271 4.624398 0.727214
v 0.334271 5.037230 -0.317933
v 0.351255 5.090069 -0.001776
v 0.334271 5.037230 0.314381
v 0.566879 4.012821 0.609568
v 0.589796 4.009958 -0.612158
v 0.739140 4.012820 0.333141
v 0.799308 4.004097 -0.004840
v 0.762057 4.009958 -0.335730
v 0.532458 4.010125 -0.619803
v 0.333140 4.012821 0.781829
v 0.522349 3.693679 0.592901
v 0.538645 3.683166 -0.595018
v 0.711518 3.688541 0.323688
v 0.762692 3.683166 -0.001068
v 0.706493 3.683166 -0.325673
v 0.416559 3.683166 -0.649986
v 0.292035 3.693679 0.760748
v 0.532322 3.536775 0.661374
v 0.548618 3.526262 -0.628518
v 0.739839 3.526262 0.354501
v 0.803865 3.526262 -0.015307
v 0.739839 3.526262 -0.385116
v 0.467338 3.526262 -0.665189
v 0.225468 3.536775 0.852596
v 0.702623 3.430737 0.722415
v 0.702992 3.428216 -0.706042
v 0.904814 3.430737 0.397959
v 0.972881 3.428216 0.009436
v 0.905183 3.428216 -0.381586
v 0.417567 3.428216 -0.771443
v 0.362240 3.438729 0.927125
v 0.444947 4.709839 0.465508
v 0.444947 4.709839 -0.456516
v 0.545971 4.248827 0.566533
v 0.512192 4.522346 0.532754
v 0.512192 4.777085 0.278015
v 0.545971 4.810863 0.004496
v 0.512192 4.777085 -0.269022
v 0.512192 4.522346 -0.523761
v 0.527857 4.248827 -0.555764
v 0.296813 4.777085 -0.523761
v 0.296813 4.777085 0.532754
v 0.704800 4.248827 0.311660
v 0.656081 4.540332 0.296001
v 0.737553 4.242966 0.002246
v 0.707878 4.528881 0.003991
v 0.704800 4.248827 -0.302667
v 0.656081 4.540332 -0.287008
v 0.459870 4.242836 -0.592388
v 0.314799 4.540332 -0.667650
v 0.312344 4.248827 0.727138
v 0.314799 4.540332 0.676643
v 0.314799 4.920973 -0.287008
v 0.330458 4.969692 0.004496
v 0.314799 4.920973 0.296001
v 0.527857 3.976443 0.568309
v 0.550773 3.973580 -0.558354
v 0.709602 3.973580 0.310846
v 0.742355 3.967719 0.001433
v 0.709602 3.973580 -0.303481
v 0.483451 3.975673 -0.551231
v 0.312344 3.976443 0.727138
v 0.486695 3.679804 0.555313
v 0.502622 3.671812 -0.542477
v 0.641454 3.679804 0.306971
v 0.709199 3.671812 0.005158
v 0.657381 3.671812 -0.294135
v 0.390056 3.671812 -0.593159
v 0.274340 3.679804 0.710073
v 0.511448 3.529663 0.613429
v 0.511817 3.527142 -0.573365
v 0.688128 3.527143 0.333002
v 0.747161 3.527142 -0.007970
v 0.688128 3.527142 -0.348943
v 0.436875 3.527142 -0.607177
v 0.212595 3.537655 0.792259
v 0.653785 3.439263 0.672032
v 0.654154 3.436742 -0.644844
v 0.840209 3.439263 0.372876
v 0.902998 3.436742 0.014844
v 0.840578 3.436742 -0.345688
v 0.390985 3.436742 -0.705146
v 0.354629 3.439263 0.858457
v -0.268949 4.387227 -0.714635
v -0.251503 4.399468 -0.722928
v -0.367757 4.553968 -0.695313
v -0.362222 4.509758 -0.698562
v -0.348325 4.473869 -0.702778
v -0.302225 4.412603 -0.713727
v -0.278872 4.435841 -0.716426
v -0.324971 4.497106 -0.705475
v -0.330850 4.526074 -0.703238
v -0.265448 4.384389 -0.705517
v -0.247415 4.396153 -0.712280
v -0.363669 4.550655 -0.684667
v -0.358134 4.506444 -0.687916
v -0.344236 4.470554 -0.692130
v -0.298138 4.409289 -0.703081
v -0.274785 4.432528 -0.705780
v -0.320883 4.493793 -0.694829
v -0.326762 4.522760 -0.692592
v -0.566676 4.456566 0.589474
v -0.511892 4.706566 0.534690
v -0.511892 4.844707 0.396549
v -0.566676 4.899491 0.146549
v -0.566676 4.899491 -0.150101
v -0.511892 4.844707 -0.400101
v -0.511892 4.706566 -0.538243
v -0.557619 4.456566 -0.592138
v -0.395095 4.844707 -0.538243
v -0.157382 4.899491 -0.592138
v -0.157382 4.899491 0.589474
v -0.395095 4.844707 0.534690
v -0.730835 4.466320 0.322873
v -0.775880 4.305310 0.163669
v -0.732374 4.619335 0.156050
v -0.777419 4.458325 -0.003154
v -0.775880 4.305310 -0.169471
v -0.732374 4.619335 -0.160107
v -0.730835 4.466319 -0.326425
v -0.671124 4.308241 0.469578
v -0.626387 4.614645 0.442769
v -0.626387 4.752786 0.304627
v -0.672663 4.766040 -0.002029
v -0.626387 4.752786 -0.308180
v -0.626387 4.614644 -0.446321
v -0.662067 4.308241 -0.472242
v -0.397958 4.442617 -0.688973
v -0.167136 4.633707 -0.707102
v -0.230822 4.451927 -0.712924
v -0.514262 4.284539 -0.652181
v -0.441315 4.614644 -0.628930
v -0.324518 4.752786 -0.628930
v 0.000000 4.780412 -0.670311
v 0.000000 4.474811 0.810668
v -0.175627 4.308241 0.809779
v -0.167136 4.632890 0.754521
v -0.342763 4.466320 0.753633
v 0.000000 4.779595 0.694810
v -0.324518 4.752786 0.649185
v -0.441315 4.614645 0.649185
v -0.468124 4.308241 0.693922
v -0.167136 5.063650 -0.325537
v 0.000000 5.118908 -0.166570
v -0.342763 5.063650 -0.159855
v -0.175627 5.118908 -0.000888
v 0.000000 5.118908 0.166570
v -0.342763 5.063650 0.156302
v -0.167136 5.063650 0.323761
v 0.000000 5.003939 -0.471354
v -0.324518 4.959202 -0.446321
v -0.441315 4.959202 -0.308180
v -0.468124 5.003939 -0.001776
v -0.441315 4.959202 0.304627
v -0.324518 4.959202 0.442769
v 0.000000 5.003939 0.470466
v -0.769224 4.008459 0.164150
v -0.780682 4.007027 -0.170285
v -0.653010 4.012821 0.471354
v -0.675926 4.009958 -0.473944
v -0.561127 4.010041 -0.615980
v -0.166570 4.012821 0.810668
v -0.450010 4.012821 0.695698
v -0.796906 4.153238 -0.004433
v -0.748197 4.160531 0.332252
v -0.575937 4.160531 0.608680
v -0.342198 4.160531 0.780941
v -0.497051 4.135481 -0.628967
v -0.578338 4.159100 -0.610863
v -0.759656 4.159100 -0.335324
v 0.000000 4.160531 0.839506
v -0.737105 3.685854 0.161310
v -0.734592 3.683166 -0.163371
v -0.616934 3.691110 0.458294
v -0.622569 3.683166 -0.460345
v -0.477602 3.683166 -0.622502
v -0.146017 3.692419 0.790098
v -0.407192 3.693679 0.676825
v -0.468773 3.852963 -0.631662
v -0.559327 3.852884 -0.599512
v -0.719886 3.857032 0.325694
v -0.539999 3.859698 0.596537
v -0.774986 3.850103 -0.003174
v -0.309593 3.859698 0.765361
v -0.000000 3.858390 0.823185
v -0.728151 3.852884 -0.328600
v -0.771852 3.526262 0.169597
v -0.771852 3.526262 -0.200212
v -0.636081 3.531518 0.507938
v -0.644229 3.526262 -0.506817
v -0.507978 3.526262 -0.646853
v -0.112734 3.536775 0.884609
v -0.378895 3.536775 0.756985
v -0.783279 3.604714 -0.008188
v -0.725679 3.607402 0.339095
v -0.258752 3.615227 0.806672
v -0.000000 3.613966 0.868034
v -0.543632 3.604714 -0.611768
v -0.723166 3.604714 -0.355394
v -0.527335 3.615227 0.627138
v -0.441948 3.604714 -0.657587
v -0.938847 3.429477 0.203698
v -0.939032 3.428216 -0.186075
v -0.803718 3.430737 0.560187
v -0.804087 3.428216 -0.543814
v -0.560279 3.428216 -0.738742
v -0.181120 3.438729 0.960974
v -0.532432 3.434733 0.824770
v -0.293854 3.487752 0.889860
v -0.000000 3.487752 0.955723
v -0.625805 3.477239 -0.667280
v -0.822511 3.477239 -0.383351
v -0.888373 3.477239 -0.002935
v -0.617472 3.483756 0.691895
v -0.442452 3.477239 -0.718316
v -0.822326 3.478499 0.376230
v -0.529082 4.385587 0.549643
v -0.478570 4.616093 0.499131
v -0.478570 4.743462 0.371762
v -0.529082 4.793974 0.141256
v -0.529082 4.793974 -0.132263
v -0.478570 4.743462 -0.362769
v -0.478570 4.616093 -0.490139
v -0.520024 4.385586 -0.539762
v -0.370880 4.743462 -0.490139
v -0.148406 4.793974 -0.539763
v -0.148406 4.793974 0.549643
v -0.370880 4.743462 0.499131
v -0.680440 4.394579 0.303830
v -0.721176 4.245896 0.156953
v -0.681979 4.534606 0.149996
v -0.722715 4.385923 0.003119
v -0.721176 4.245896 -0.150210
v -0.681979 4.534606 -0.141508
v -0.680440 4.394579 -0.294838
v -0.625385 4.248827 0.439096
v -0.584137 4.531339 0.414378
v -0.584137 4.658709 0.287008
v -0.626924 4.669872 0.004244
v -0.584137 4.658709 -0.278015
v -0.584137 4.531339 -0.405385
v -0.616328 4.248827 -0.429215
v -0.387335 4.391583 -0.667963
v -0.157399 4.579649 -0.667713
v -0.229935 4.430901 -0.668026
v -0.493864 4.245831 -0.612019
v -0.413496 4.531339 -0.595706
v -0.305806 4.658708 -0.595706
v 0.000000 4.714915 -0.611770
v 0.000000 4.402409 0.753728
v -0.156172 4.248827 0.753728
v -0.157399 4.548162 0.701890
v -0.313571 4.394580 0.701890
v 0.000000 4.683427 0.646835
v -0.305806 4.658709 0.604698
v -0.413496 4.531339 0.604698
v -0.429157 4.248827 0.646835
v -0.157399 4.945333 -0.293950
v 0.000000 4.996282 -0.147309
v -0.322628 4.945333 -0.141256
v -0.165229 4.996282 0.005384
v 0.000000 4.996282 0.158966
v -0.322628 4.945333 0.150249
v -0.157399 4.945333 0.303830
v 0.000000 4.890278 -0.428327
v -0.305806 4.849029 -0.405385
v -0.413496 4.849029 -0.278015
v -0.438214 4.890278 0.004496
v -0.413496 4.849030 0.287008
v -0.305806 4.849030 0.414378
v 0.000000 4.890278 0.439096
v -0.725978 3.970649 0.156139
v -0.725978 3.970649 -0.151024
v -0.618729 3.975012 0.439578
v -0.630187 3.973580 -0.430917
v -0.517112 3.974627 -0.554792
v -0.156172 3.976443 0.753728
v -0.420100 3.976443 0.647723
v -0.739954 4.105342 0.001840
v -0.707201 4.111204 0.311253
v -0.536914 4.112635 0.567421
v -0.312344 4.112635 0.727138
v -0.471661 4.109254 -0.581421
v -0.539315 4.111204 -0.557059
v -0.707201 4.111204 -0.303074
v 0.000000 4.112635 0.780318
v -0.675326 3.675808 0.156065
v -0.683290 3.671812 -0.144488
v -0.564074 3.679804 0.431142
v -0.580002 3.671812 -0.418306
v -0.446339 3.671812 -0.567818
v -0.137170 3.679804 0.735981
v -0.380517 3.679804 0.632693
v -0.431770 3.830726 -0.569642
v -0.522121 3.829733 -0.546722
v -0.669516 3.833881 0.306442
v -0.502983 3.835239 0.557458
v -0.720208 3.826952 0.003033
v -0.290544 3.835239 0.713118
v -0.000000 3.835239 0.765237
v -0.677780 3.829733 -0.296935
v -0.717644 3.527142 0.162516
v -0.717644 3.527142 -0.178457
v -0.599788 3.528403 0.473215
v -0.599972 3.527142 -0.461154
v -0.474346 3.527142 -0.590271
v -0.106297 3.537655 0.821775
v -0.362021 3.533659 0.702843
v -0.728180 3.599477 -0.001406
v -0.664791 3.603473 0.319987
v -0.243467 3.608730 0.751166
v -0.000000 3.608730 0.806591
v -0.507220 3.599477 -0.557921
v -0.672754 3.599477 -0.321539
v -0.499072 3.604734 0.584371
v -0.413465 3.599477 -0.600168
v -0.871604 3.438002 0.193860
v -0.871788 3.436742 -0.165422
v -0.746997 3.439263 0.522454
v -0.747366 3.436742 -0.495266
v -0.522569 3.436742 -0.674995
v -0.177314 3.443259 0.890927
v -0.504207 3.439263 0.765245
v -0.283612 3.488459 0.825358
v -0.000000 3.492455 0.887344
v -0.582985 3.481942 -0.609105
v -0.764353 3.481942 -0.347316
v -0.825080 3.481942 0.003437
v -0.582616 3.484463 0.642730
v -0.413930 3.481942 -0.656161
v -0.764168 3.483202 0.352939
v -0.678204 3.435000 0.697224
v -0.872511 3.435000 0.385418
v -0.460758 4.251836 -0.605648
v 0.000000 4.630991 -0.699415
v -0.872880 3.432479 -0.363637
v -0.678573 3.440411 -0.675443
v -0.507955 3.992899 -0.585517
v -0.404276 3.432479 -0.738294
v -0.000000 3.442992 0.959110
v -0.358434 3.438996 0.892791
v -0.452106 3.526702 -0.636183
v -0.403308 3.677489 -0.621572
v -0.937940 3.432479 0.012140
v 0.566676 4.456566 0.589474
v 0.511892 4.706566 0.534690
v 0.511892 4.844707 0.396549
v 0.566676 4.899491 0.146549
v 0.566676 4.899491 -0.150101
v 0.511892 4.844707 -0.400101
v 0.511892 4.706566 -0.538243
v 0.557619 4.456566 -0.592138
v 0.395095 4.844707 -0.538243
v 0.157382 4.899491 -0.592138
v 0.157382 4.899491 0.589474
v 0.395095 4.844707 0.534690
v 0.730835 4.466320 0.322873
v 0.775880 4.305310 0.163669
v 0.732374 4.619335 0.156050
v 0.777419 4.458325 -0.003154
v 0.775880 4.305310 -0.169471
v 0.732374 4.619335 -0.160107
v 0.730835 4.466319 -0.326425
v 0.671124 4.308241 0.469578
v 0.626387 4.614645 0.442769
v 0.626387 4.752786 0.304627
v 0.672663 4.766040 -0.002029
v 0.626387 4.752786 -0.308180
v 0.626387 4.614644 -0.446321
v 0.662067 4.308241 -0.472242
v 0.397958 4.442617 -0.688973
v 0.167136 4.633707 -0.707102
v 0.230822 4.451927 -0.712924
v 0.514262 4.284539 -0.652181
v 0.441315 4.614644 -0.628930
v 0.324518 4.752786 -0.628930
v 0.175627 4.308241 0.809779
v 0.167136 4.632890 0.754521
v 0.342763 4.466320 0.753633
v 0.324518 4.752786 0.649185
v 0.441315 4.614645 0.649185
v 0.468124 4.308241 0.693922
v 0.167136 5.063650 -0.325537
v 0.342763 5.063650 -0.159855
v 0.175627 5.118908 -0.000888
v 0.342763 5.063650 0.156302
v 0.167136 5.063650 0.323761
v 0.324518 4.959202 -0.446321
v 0.441315 4.959202 -0.308180
v 0.468124 5.003939 -0.001776
v 0.441315 4.959202 0.304627
v 0.324518 4.959202 0.442769
v 0.769224 4.008459 0.164150
v 0.780682 4.007027 -0.170285
v 0.653010 4.012821 0.471354
v 0.675926 4.009958 -0.473944
v 0.561127 4.010041 -0.615980
v 0.166570 4.012821 0.810668
v 0.450010 4.012821 0.695698
v 0.796906 4.153238 -0.004433
v 0.748197 4.160531 0.332252
v 0.575937 4.160531 0.608680
v 0.342198 4.160531 0.780941
v 0.497051 4.135481 -0.628967
v 0.578338 4.159100 -0.610863
v 0.759656 4.159100 -0.335324
v 0.737105 3.685854 0.161310
v 0.734592 3.683166 -0.163371
v 0.616934 3.691110 0.458294
v 0.622569 3.683166 -0.460345
v 0.477602 3.683166 -0.622502
v 0.146017 3.692419 0.790098
v 0.407192 3.693679 0.676825
v 0.468773 3.852963 -0.631662
v 0.559327 3.852884 -0.599512
v 0.719886 3.857032 0.325694
v 0.539999 3.859698 0.596537
v 0.774986 3.850103 -0.003174
v 0.309593 3.859698 0.765361
v 0.728151 3.852884 -0.328600
v 0.771852 3.526262 0.169597
v 0.771852 3.526262 -0.200212
v 0.636081 3.531518 0.507938
v 0.644229 3.526262 -0.506817
v 0.507978 3.526262 -0.646853
v 0.112734 3.536775 0.884609
v 0.378895 3.536775 0.756985
v 0.783279 3.604714 -0.008188
v 0.725679 3.607402 0.339095
v 0.258752 3.615227 0.806672
v 0.543632 3.604714 -0.611768
v 0.723166 3.604714 -0.355394
v 0.527335 3.615227 0.627138
v 0.441948 3.604714 -0.657587
v 0.938847 3.429477 0.203698
v 0.939032 3.428216 -0.186075
v 0.803718 3.430737 0.560187
v 0.804087 3.428216 -0.543814
v 0.560279 3.428216 -0.738742
v 0.181120 3.438729 0.960974
v 0.532432 3.434733 0.824770
v 0.293854 3.487752 0.889860
v 0.625805 3.477239 -0.667280
v 0.822511 3.477239 -0.383351
v 0.888373 3.477239 -0.002935
v 0.617472 3.483756 0.691895
v 0.442452 3.477239 -0.718316
v 0.822326 3.478499 0.376230
v 0.529082 4.385587 0.549643
v 0.478570 4.616093 0.499131
v 0.478570 4.743462 0.371762
v 0.529082 4.793974 0.141256
v 0.529082 4.793974 -0.132263
v 0.478570 4.743462 -0.362769
v 0.478570 4.616093 -0.490139
v 0.520024 4.385586 -0.539762
v 0.370880 4.743462 -0.490139
v 0.148406 4.793974 -0.539763
v 0.148406 4.793974 0.549643
v 0.370880 4.743462 0.499131
v 0.680440 4.394579 0.303830
v 0.721176 4.245896 0.156953
v 0.681979 4.534606 0.149996
v 0.722715 4.385923 0.003119
v 0.721176 4.245896 -0.150210
v 0.681979 4.534606 -0.141508
v 0.680440 4.394579 -0.294838
v 0.625385 4.248827 0.439096
v 0.584137 4.531339 0.414378
v 0.584137 4.658709 0.287008
v 0.626924 4.669872 0.004244
v 0.584137 4.658709 -0.278015
v 0.584137 4.531339 -0.405385
v 0.616328 4.248827 -0.429215
v 0.387335 4.391583 -0.667963
v 0.157399 4.579649 -0.667713
v 0.229935 4.430901 -0.668026
v 0.493864 4.245831 -0.612019
v 0.413496 4.531339 -0.595706
v 0.305806 4.658708 -0.595706
v 0.156172 4.248827 0.753728
v 0.157399 4.548162 0.701890
v 0.313571 4.394580 0.701890
v 0.305806 4.658709 0.604698
v 0.413496 4.531339 0.604698
v 0.429157 4.248827 0.646835
v 0.157399 4.945333 -0.293950
v 0.322628 4.945333 -0.141256
v 0.165229 4.996282 0.005384
v 0.322628 4.945333 0.150249
v 0.157399 4.945333 0.303830
v 0.305806 4.849029 -0.405385
v 0.413496 4.849029 -0.278015
v 0.438214 4.890278 0.004496
v 0.413496 4.849030 0.287008
v 0.305806 4.849030 0.414378
v 0.725978 3.970649 0.156139
v 0.725978 3.970649 -0.151024
v 0.618729 3.975012 0.439578
v 0.630187 3.973580 -0.430917
v 0.517112 3.974627 -0.554792
v 0.156172 3.976443 0.753728
v 0.420100 3.976443 0.647723
v 0.739954 4.105342 0.001840
v 0.707201 4.111204 0.311253
v 0.536914 4.112635 0.567421
v 0.312344 4.112635 0.727138
v 0.471661 4.109254 -0.581421
v 0.539315 4.111204 -0.557059
v 0.707201 4.111204 -0.303074
v 0.675326 3.675808 0.156065
v 0.683290 3.671812 -0.144488
v 0.564074 3.679804 0.431142
v 0.580002 3.671812 -0.418306
v 0.446339 3.671812 -0.567818
v 0.137170 3.679804 0.735981
v 0.380517 3.679804 0.632693
v 0.431770 3.830726 -0.569642
v 0.522121 3.829733 -0.546722
v 0.669516 3.833881 0.306442
v 0.502983 3.835239 0.557458
v 0.720208 3.826952 0.003033
v 0.290544 3.835239 0.713118
v 0.677780 3.829733 -0.296935
v 0.717644 3.527142 0.162516
v 0.717644 3.527142 -0.178457
v 0.599788 3.528403 0.473215
v 0.599972 3.527142 -0.461154
v 0.474346 3.527142 -0.590271
v 0.106297 3.537655 0.821775
v 0.362021 3.533659 0.702843
v 0.728180 3.599477 -0.001406
v 0.664791 3.603473 0.319987
v 0.243467 3.608730 0.751166
v 0.507220 3.599477 -0.557921
v 0.672754 3.599477 -0.321539
v 0.499072 3.604734 0.584371
v 0.413465 3.599477 -0.600168
v 0.871604 3.438002 0.193860
v 0.871788 3.436742 -0.165422
v 0.746997 3.439263 0.522454
v 0.747366 3.436742 -0.495266
v 0.522569 3.436742 -0.674995
v 0.177314 3.443259 0.890927
v 0.504207 3.439263 0.765245
v 0.283612 3.488459 0.825358
v 0.582985 3.481942 -0.609105
v 0.764353 3.481942 -0.347316
v 0.825080 3.481942 0.003437
v 0.582616 3.484463 0.642730
v 0.413930 3.481942 -0.656161
v 0.764168 3.483202 0.352939
v 0.678204 3.435000 0.697224
v 0.872511 3.435000 0.385418
v 0.460758 4.251836 -0.605648
v 0.872880 3.432479 -0.363637
v 0.678573 3.432479 -0.675443
v 0.507955 3.992899 -0.585517
v 0.404276 3.432479 -0.738294
v 0.358434 3.438996 0.892791
v 0.452106 3.526702 -0.636183
v 0.403308 3.677489 -0.621572
v 0.937940 3.432479 0.012140
v 0.905410 3.432479 -0.175749
v 0.905226 3.433740 0.198779
v 0.450271 3.841845 -0.600652
v 0.427707 3.602096 -0.628878
v 0.518319 3.436998 0.795007
v 0.428191 3.479590 -0.687239
v 0.179217 3.440994 0.925950
v 0.541424 3.432479 -0.706869
v 0.484356 4.122367 -0.605194
v 0.775727 3.432479 -0.519540
v 0.230379 4.441414 -0.690475
v 0.775358 3.435000 0.541321
v 0.794624 3.482572 0.178188
v 0.673392 3.483833 0.497835
v 0.498458 3.481942 -0.632633
v 0.433114 3.486461 0.734044
v 0.794716 3.481942 -0.171939
v 0.673669 3.481942 -0.478210
v 0.141806 3.490457 0.856351
v 0.581931 3.604104 0.452179
v 0.460342 3.599477 -0.579045
v 0.371269 3.606732 0.667768
v 0.700467 3.599477 -0.161472
v 0.589987 3.599477 -0.439730
v 0.121734 3.608730 0.778878
v 0.696485 3.601475 0.159290
v 0.396764 3.835239 0.635288
v 0.698994 3.828343 -0.146951
v 0.599950 3.829733 -0.421828
v 0.145272 3.835239 0.739177
v 0.694862 3.830417 0.154737
v 0.586250 3.834560 0.431950
v 0.476945 3.830230 -0.558182
v 0.622057 4.111919 0.439337
v 0.156172 4.112635 0.753728
v 0.623258 4.111204 -0.430066
v 0.723577 4.108273 -0.150617
v 0.505488 4.110229 -0.583406
v 0.424629 4.112635 0.647279
v 0.723577 4.108273 0.156546
v 0.152903 4.869654 0.426737
v 0.392188 4.796246 0.393070
v 0.425855 4.869654 0.145752
v 0.425855 4.869654 -0.136759
v 0.392188 4.796246 -0.384077
v 0.152903 4.869654 -0.416856
v 0.161314 4.970808 0.154607
v 0.161314 4.970808 -0.144283
v 0.421326 4.390083 0.625767
v 0.392188 4.637401 0.551915
v 0.152903 4.671068 0.625767
v 0.156786 4.398494 0.727809
v 0.152903 4.686811 -0.603738
v 0.392188 4.637401 -0.542922
v 0.453680 4.388585 -0.603863
v 0.600232 4.390083 -0.417300
v 0.531353 4.637401 -0.384077
v 0.605530 4.664290 -0.136886
v 0.605531 4.664290 0.145626
v 0.531353 4.637401 0.393070
v 0.604761 4.390083 0.426737
v 0.701578 4.390251 -0.145859
v 0.701578 4.390251 0.153475
v 0.855350 3.477869 0.186647
v 0.719899 3.481128 0.534062
v 0.534128 3.477239 -0.692798
v 0.455663 3.485754 0.790877
v 0.855442 3.477239 -0.193143
v 0.724158 3.477239 -0.525315
v 0.146927 3.487752 0.922791
v 0.626507 3.611314 0.483116
v 0.492790 3.604714 -0.634678
v 0.393044 3.615227 0.716905
v 0.753222 3.604714 -0.181791
v 0.633399 3.604714 -0.483581
v 0.129376 3.614597 0.837353
v 0.754479 3.606058 0.165453
v 0.424796 3.859698 0.680949
v 0.751569 3.851494 -0.165887
v 0.643739 3.852884 -0.464056
v 0.154796 3.859044 0.794273
v 0.747436 3.853568 0.161260
v 0.629942 3.858365 0.461116
v 0.514050 3.852924 -0.615587
v 0.662067 4.160531 0.470466
v 0.171099 4.160531 0.810224
v 0.668997 4.159100 -0.473093
v 0.778281 4.156168 -0.169878
v 0.537695 4.147290 -0.634081
v 0.459067 4.160531 0.694810
v 0.772552 4.156884 0.163910
v 0.162259 4.981571 0.456617
v 0.418205 4.901955 0.419659
v 0.454720 4.981571 0.151425
v 0.454720 4.981571 -0.154978
v 0.418205 4.901955 -0.423211
v 0.162259 4.981571 -0.458838
v 0.171382 5.091279 0.161436
v 0.171382 5.091279 -0.163213
v 0.454720 4.461442 0.671554
v 0.418205 4.729676 0.591938
v 0.162259 4.766191 0.671998
v 0.171382 4.470565 0.782150
v 0.162259 4.766599 -0.649620
v 0.418205 4.729676 -0.583586
v 0.477789 4.449592 -0.640556
v 0.644227 4.461442 -0.459282
v 0.569140 4.729676 -0.423211
v 0.649525 4.759413 -0.155104
v 0.649525 4.759413 0.151299
v 0.569140 4.729676 0.419659
v 0.648756 4.461442 0.456173
v 0.754127 4.462322 -0.164789
v 0.754127 4.462322 0.159859
v -0.905410 3.432479 -0.175749
v -0.905226 3.433740 0.198779
v -0.450271 3.841845 -0.600652
v -0.427707 3.602096 -0.628878
v -0.518319 3.436998 0.795007
v -0.428191 3.479590 -0.687239
v -0.179217 3.440994 0.925950
v -0.541424 3.432479 -0.706869
v -0.484356 4.122367 -0.605194
v -0.775727 3.432479 -0.519540
v -0.230379 4.441414 -0.690475
v -0.775358 3.435000 0.541321
v -0.794624 3.482573 0.178188
v -0.673392 3.483833 0.497835
v -0.498457 3.481942 -0.632633
v -0.433114 3.486461 0.734044
v -0.794716 3.481942 -0.171939
v -0.673669 3.481942 -0.478210
v -0.141806 3.490457 0.856351
v -0.581931 3.604103 0.452179
v -0.460342 3.599477 -0.579045
v -0.371269 3.606732 0.667768
v -0.700467 3.599477 -0.161472
v -0.589987 3.599477 -0.439730
v -0.121734 3.608730 0.778878
v -0.696485 3.601475 0.159290
v -0.396764 3.835239 0.635288
v -0.698994 3.828343 -0.146951
v -0.599950 3.829733 -0.421828
v -0.145272 3.835239 0.739177
v -0.694862 3.830417 0.154737
v -0.586250 3.834560 0.431950
v -0.476945 3.830230 -0.558182
v -0.622057 4.111919 0.439337
v -0.156172 4.112635 0.753728
v -0.623258 4.111204 -0.430066
v -0.723577 4.108273 -0.150617
v -0.505488 4.110229 -0.583406
v -0.424629 4.112635 0.647279
v -0.723577 4.108273 0.156546
v -0.152903 4.869654 0.426737
v -0.392188 4.796246 0.393070
v -0.425855 4.869654 0.145752
v -0.425855 4.869654 -0.136759
v -0.392188 4.796246 -0.384077
v -0.152903 4.869654 -0.416856
v -0.161314 4.970808 0.154607
v -0.161314 4.970808 -0.144283
v -0.421326 4.390083 0.625767
v -0.392188 4.637401 0.551915
v -0.152903 4.671068 0.625767
v -0.156786 4.398494 0.727809
v -0.152903 4.686811 -0.603738
v -0.392188 4.637401 -0.542922
v -0.453680 4.388585 -0.603863
v -0.600232 4.390083 -0.417300
v -0.531353 4.637401 -0.384077
v -0.605531 4.664290 -0.136886
v -0.605531 4.664290 0.145626
v -0.531353 4.637401 0.393070
v -0.604761 4.390083 0.426737
v -0.701578 4.390251 -0.145859
v -0.701578 4.390252 0.153475
v -0.855350 3.477869 0.186647
v -0.719899 3.481128 0.534062
v -0.534128 3.477239 -0.692798
v -0.455663 3.485754 0.790877
v -0.855442 3.477239 -0.193143
v -0.724158 3.477239 -0.525315
v -0.146927 3.487752 0.922791
v -0.626507 3.611314 0.483116
v -0.492790 3.604714 -0.634678
v -0.393044 3.615227 0.716905
v -0.753222 3.604714 -0.181791
v -0.633399 3.604714 -0.483581
v -0.129376 3.614597 0.837353
v -0.754479 3.606058 0.165453
v -0.424796 3.859698 0.680949
v -0.751569 3.851494 -0.165887
v -0.643739 3.852884 -0.464056
v -0.154796 3.859044 0.794273
v -0.747436 3.853568 0.161260
v -0.629942 3.858365 0.461116
v -0.514050 3.852924 -0.615587
v -0.662067 4.160531 0.470466
v -0.171099 4.160531 0.810224
v -0.668997 4.159100 -0.473093
v -0.778281 4.156168 -0.169878
v -0.537695 4.147290 -0.634081
v -0.459067 4.160531 0.694810
v -0.772552 4.156884 0.163910
v -0.162259 4.981571 0.456617
v -0.418205 4.901955 0.419659
v -0.454720 4.981571 0.151425
v -0.454720 4.981571 -0.154978
v -0.418205 4.901955 -0.423211
v -0.162259 4.981571 -0.458838
v -0.171382 5.091279 0.161436
v -0.171382 5.091279 -0.163213
v -0.454720 4.461442 0.671554
v -0.418205 4.729676 0.591938
v -0.162259 4.766191 0.671998
v -0.171382 4.470565 0.782150
v -0.162259 4.766599 -0.649620
v -0.418205 4.729676 -0.583586
v -0.477789 4.449592 -0.640556
v -0.644227 4.461442 -0.459282
v -0.569140 4.729676 -0.423211
v -0.649525 4.759413 -0.155104
v -0.649525 4.759413 0.151299
v -0.569140 4.729676 0.419659
v -0.648756 4.461442 0.456173
v -0.754127 4.462322 -0.164789
v -0.754127 4.462322 0.159859
vn -0.9805 0.1231 0.1529
vn -0.9760 0.1556 -0.1522
vn -0.8367 0.1678 0.5213
vn -0.7503 0.4786 0.4560
vn -0.8515 0.4999 0.1584
vn -0.8431 0.5139 -0.1585
vn -0.7644 0.4559 -0.4559
vn -0.8357 0.1289 -0.5339
vn -0.1459 0.0827 -0.9858
vn -0.4755 0.1806 -0.8609
vn -0.4973 0.3851 -0.7774
vn -0.1493 0.3971 -0.9055
vn -0.1479 0.3973 -0.9057
vn -0.1480 0.3986 -0.9051
vn -0.1493 0.3985 -0.9049
vn -0.1659 0.1697 0.9714
vn -0.1666 0.1697 0.9713
vn -0.1666 0.1705 0.9712
vn -0.1658 0.1704 0.9713
vn -0.1609 0.5237 0.8366
vn -0.1597 0.5239 0.8367
vn -0.1596 0.5227 0.8374
vn -0.1609 0.5227 0.8372
vn -0.5425 0.4587 0.7037
vn -0.5390 0.4643 0.7028
vn -0.5379 0.4548 0.7098
vn -0.5484 0.4554 0.7013
vn -0.5877 0.1670 0.7916
vn -0.5891 0.1669 0.7906
vn -0.5890 0.1686 0.7903
vn -0.5875 0.1686 0.7914
vn -0.1601 0.9724 -0.1697
vn -0.1601 0.9723 -0.1704
vn -0.1594 0.9724 -0.1704
vn -0.1595 0.9725 -0.1697
vn -0.1618 0.9721 0.1697
vn -0.1618 0.9720 0.1704
vn -0.1625 0.9719 0.1704
vn -0.1625 0.9720 0.1697
vn -0.1559 0.8386 -0.5220
vn -0.1559 0.8387 -0.5218
vn -0.1561 0.8386 -0.5218
vn -0.1561 0.8385 -0.5220
vn -0.5374 0.7095 -0.4558
vn -0.5484 0.7013 -0.4554
vn -0.5478 0.7025 -0.4544
vn -0.5877 0.7916 -0.1670
vn -0.5875 0.7914 -0.1686
vn -0.5861 0.7925 -0.1686
vn -0.5863 0.7927 -0.1670
vn -0.5877 0.7916 0.1670
vn -0.5875 0.7914 0.1686
vn -0.5890 0.7903 0.1686
vn -0.5891 0.7906 0.1669
vn -0.5425 0.7037 0.4587
vn -0.5484 0.7013 0.4554
vn -0.5379 0.7098 0.4548
vn -0.5390 0.7028 0.4643
vn -0.1600 0.8371 0.5230
vn -0.1601 0.8376 0.5223
vn -0.1592 0.8377 0.5223
vn -0.1592 0.8373 0.5231
vn -0.9872 -0.0032 0.1594
vn -0.5930 -0.0315 0.8046
vn 0.0010 -0.1035 -0.9946
vn -0.9936 0.0163 -0.1116
vn -0.8407 0.0557 -0.5386
vn -0.1687 -0.0022 0.9857
vn -0.1687 -0.0033 0.9857
vn -0.1696 -0.0034 0.9855
vn -0.1696 -0.0022 0.9855
vn -0.8477 -0.0488 0.5283
vn -0.3789 -0.0302 -0.9249
vn -0.8237 -0.0606 0.5638
vn -0.9850 -0.0606 0.1613
vn -0.9847 -0.0655 0.1613
vn -0.9850 -0.0607 0.1613
vn -0.1902 -0.0412 0.9809
vn -0.1902 -0.0410 0.9809
vn -0.1902 -0.0280 0.9813
vn -0.8429 -0.1166 -0.5253
vn -0.9811 -0.1146 -0.1560
vn -0.5880 -0.0823 0.8047
vn -0.5881 -0.0812 0.8047
vn -0.5880 -0.0824 0.8047
vn -0.9609 0.2275 0.1575
vn -0.9604 0.2266 0.1623
vn -0.9603 0.2273 0.1620
vn -0.2233 0.4456 0.8669
vn -0.7822 0.2267 -0.5803
vn -0.9503 0.2643 -0.1645
vn -0.5085 0.3441 0.7893
vn -0.4012 0.2158 -0.8902
vn -0.4011 0.2159 -0.8902
vn -0.4013 0.2160 -0.8901
vn -0.4013 0.2158 -0.8901
vn -0.8031 0.2527 0.5396
vn -0.7997 0.2539 0.5441
vn -0.8027 0.2533 0.5398
vn -0.1437 0.6936 0.7059
vn -0.4125 0.8766 -0.2476
vn -0.5095 0.8560 -0.0882
vn -0.3156 0.8067 0.4996
vn -0.3185 0.8054 0.4999
vn -0.3181 0.8051 0.5006
vn -0.3187 0.8042 0.5017
vn -0.1718 0.7013 -0.6918
vn -0.4339 0.8604 0.2672
vn -0.4315 0.8615 0.2676
vn -0.4316 0.8616 0.2673
vn -0.4313 0.8617 0.2672
vn -0.4872 0.8695 0.0820
vn -0.4891 0.8683 0.0823
vn -0.4893 0.8683 0.0812
vn -0.4874 0.8695 0.0809
vn 0.9812 -0.1190 -0.1517
vn 0.9765 -0.1543 0.1507
vn 0.8367 -0.1678 -0.5213
vn 0.7503 -0.4786 -0.4560
vn 0.8526 -0.4982 -0.1576
vn 0.8436 -0.5133 0.1577
vn 0.7644 -0.4559 0.4559
vn 0.8355 -0.1256 0.5349
vn 0.0011 -0.0026 1.0000
vn 0.6250 -0.2630 0.7350
vn 0.5466 -0.4626 0.6980
vn 0.5466 -0.4614 0.6989
vn 0.5379 -0.4638 0.7039
vn 0.1316 -0.5062 0.8523
vn 0.1439 -0.5055 0.8507
vn 0.1434 -0.5057 0.8507
vn 0.1649 -0.1676 -0.9720
vn 0.1649 -0.1673 -0.9720
vn 0.1646 -0.1673 -0.9721
vn 0.1646 -0.1677 -0.9720
vn 0.1577 -0.5241 -0.8369
vn 0.1577 -0.5229 -0.8377
vn 0.1563 -0.5229 -0.8379
vn 0.1563 -0.5242 -0.8371
vn 0.5425 -0.4587 -0.7037
vn 0.5484 -0.4554 -0.7013
vn 0.5379 -0.4548 -0.7098
vn 0.5390 -0.4643 -0.7028
vn 0.5821 -0.1606 -0.7971
vn 0.1568 -0.9729 0.1697
vn 0.1563 -0.9730 0.1697
vn 0.1562 -0.9729 0.1703
vn 0.1568 -0.9728 0.1703
vn 0.1582 -0.9726 -0.1702
vn 0.1586 -0.9726 -0.1702
vn 0.1586 -0.9725 -0.1706
vn 0.1582 -0.9726 -0.1706
vn 0.1524 -0.8391 0.5222
vn 0.1526 -0.8390 0.5222
vn 0.1526 -0.8392 0.5220
vn 0.1524 -0.8392 0.5220
vn 0.5470 -0.6981 0.4621
vn 0.5459 -0.6989 0.4622
vn 0.5478 -0.7025 0.4544
vn 0.5877 -0.7916 0.1670
vn 0.5863 -0.7927 0.1670
vn 0.5861 -0.7925 0.1686
vn 0.5875 -0.7914 0.1686
vn 0.5877 -0.7916 -0.1670
vn 0.5891 -0.7906 -0.1669
vn 0.5890 -0.7903 -0.1686
vn 0.5875 -0.7914 -0.1686
vn 0.5425 -0.7037 -0.4587
vn 0.5390 -0.7028 -0.4643
vn 0.5379 -0.7098 -0.4548
vn 0.5484 -0.7013 -0.4554
vn 0.1553 -0.8386 -0.5221
vn 0.1551 -0.8387 -0.5221
vn 0.1551 -0.8388 -0.5219
vn 0.1553 -0.8388 -0.5219
vn 0.9943 -0.0170 -0.1049
vn 0.5862 0.0253 -0.8098
vn -0.0801 0.2194 0.9723
vn 0.9942 -0.0177 0.1065
vn 0.8400 -0.0603 0.5393
vn 0.1678 -0.0000 -0.9858
vn 0.8248 0.0031 -0.5654
vn 0.3410 -0.0205 0.9398
vn 0.8330 0.1360 -0.5363
vn 0.9766 0.0941 -0.1934
vn 0.1809 0.0340 -0.9829
vn 0.1809 0.0253 -0.9832
vn 0.1809 0.0339 -0.9829
vn 0.8427 0.1182 0.5252
vn 0.9812 0.1152 0.1548
vn 0.5883 0.0749 -0.8051
vn 0.5883 0.0750 -0.8051
vn 0.5884 0.0739 -0.8052
vn 0.9508 -0.2562 -0.1742
vn 0.2183 -0.4427 -0.8697
vn 0.7822 -0.2267 0.5803
vn 0.9503 -0.2643 0.1645
vn 0.5005 -0.3528 -0.7906
vn 0.4012 -0.2158 0.8902
vn 0.4013 -0.2158 0.8901
vn 0.4013 -0.2160 0.8901
vn 0.4011 -0.2159 0.8902
vn 0.8011 -0.3281 -0.5006
vn 0.8008 -0.3281 -0.5010
vn 0.8005 -0.3291 -0.5008
vn 0.8008 -0.3291 -0.5004
vn 0.1558 -0.6771 -0.7192
vn 0.4109 -0.8783 0.2445
vn 0.5095 -0.8560 0.0882
vn 0.3160 -0.8065 -0.4997
vn 0.3123 -0.8093 -0.4975
vn 0.3130 -0.8084 -0.4986
vn 0.3126 -0.8081 -0.4993
vn 0.1718 -0.7013 0.6918
vn 0.4322 -0.8613 -0.2670
vn 0.4302 -0.8623 -0.2670
vn 0.4304 -0.8622 -0.2671
vn 0.4304 -0.8621 -0.2673
vn 0.4869 -0.8696 -0.0817
vn 0.4871 -0.8696 -0.0805
vn 0.4892 -0.8684 -0.0809
vn 0.4890 -0.8684 -0.0821
vn 0.1054 -0.9923 -0.0657
vn 0.4633 -0.7704 -0.4380
vn 0.4754 -0.7645 -0.4355
vn 0.4775 -0.7636 -0.4347
vn 0.0974 -0.9934 0.0607
vn 0.7662 -0.2177 -0.6046
vn -0.0240 -0.9882 0.1513
vn -0.0237 -0.9882 0.1513
vn -0.0214 -0.9885 0.1495
vn 0.0339 -0.9953 -0.0906
vn 0.0335 -0.9953 -0.0909
vn 0.0218 -0.9956 -0.0910
vn 0.6335 0.6935 -0.3432
vn 0.0267 -0.9991 -0.0338
vn 0.0263 -0.9991 -0.0321
vn 0.0229 -0.9992 -0.0333
vn 0.0164 -0.9993 -0.0325
vn 0.8619 -0.2354 -0.4490
vn 0.8735 0.3049 -0.3796
vn 0.8752 0.2930 -0.3849
vn 0.8758 0.2921 -0.3843
vn 0.1236 -0.9922 -0.0150
vn 0.1236 -0.9922 -0.0148
vn 0.1243 -0.9921 -0.0150
vn 0.1243 -0.9921 -0.0151
vn 0.1195 -0.9926 0.0207
vn -0.1659 0.0491 -0.9849
vn -0.1614 0.0553 -0.9853
vn -0.1642 0.0487 -0.9852
vn -0.1687 0.0515 -0.9843
vn -0.1652 0.0553 -0.9847
vn -0.0674 0.0990 -0.9928
vn -0.0254 0.0619 -0.9978
vn -0.1653 0.0517 -0.9849
vn -0.1627 0.0548 -0.9852
vn -0.1627 0.0520 -0.9853
vn 0.1659 -0.0490 0.9849
vn 0.1641 -0.0487 0.9852
vn 0.1614 -0.0554 0.9853
vn 0.1652 -0.0553 0.9847
vn 0.1688 -0.0514 0.9843
vn 0.0673 -0.0990 0.9928
vn 0.0630 -0.0593 0.9963
vn 0.1652 -0.0517 0.9849
vn 0.1626 -0.0521 0.9853
vn 0.1626 -0.0548 0.9852
vn 0.1896 -0.9145 -0.3575
vn 0.5906 0.8066 0.0246
vn 0.8735 0.4454 -0.1965
vn 0.7845 0.6101 -0.1110
vn 0.7577 -0.4813 -0.4407
vn -0.7845 -0.6101 0.1110
vn 0.6762 -0.5887 -0.4429
vn -0.4236 -0.8982 -0.1172
vn 0.1560 0.9585 0.2386
vn -0.7429 0.5029 0.4417
vn 0.3436 0.9260 0.1566
vn 0.9805 0.1231 0.1529
vn 0.9760 0.1556 -0.1522
vn 0.8367 0.1678 0.5213
vn 0.7503 0.4786 0.4560
vn 0.8515 0.4999 0.1584
vn 0.8431 0.5139 -0.1585
vn 0.7644 0.4559 -0.4559
vn 0.8357 0.1289 -0.5339
vn 0.1459 0.0827 -0.9858
vn 0.4755 0.1806 -0.8609
vn 0.4973 0.3851 -0.7774
vn 0.1493 0.3971 -0.9055
vn 0.1493 0.3985 -0.9049
vn 0.1480 0.3986 -0.9051
vn 0.1479 0.3973 -0.9057
vn 0.1659 0.1697 0.9714
vn 0.1658 0.1704 0.9713
vn 0.1666 0.1705 0.9712
vn 0.1666 0.1697 0.9713
vn 0.1609 0.5237 0.8366
vn 0.1609 0.5227 0.8372
vn 0.1596 0.5227 0.8374
vn 0.1597 0.5239 0.8367
vn 0.5425 0.4587 0.7037
vn 0.5484 0.4554 0.7013
vn 0.5379 0.4548 0.7098
vn 0.5390 0.4643 0.7028
vn 0.5877 0.1670 0.7916
vn 0.5875 0.1686 0.7914
vn 0.5890 0.1686 0.7903
vn 0.5891 0.1669 0.7906
vn 0.1601 0.9724 -0.1697
vn 0.1595 0.9725 -0.1697
vn 0.1594 0.9724 -0.1704
vn 0.1601 0.9723 -0.1704
vn 0.1618 0.9721 0.1697
vn 0.1625 0.9720 0.1697
vn 0.1625 0.9719 0.1704
vn 0.1618 0.9720 0.1704
vn 0.1559 0.8386 -0.5220
vn 0.1561 0.8385 -0.5220
vn 0.1561 0.8386 -0.5218
vn 0.1559 0.8387 -0.5218
vn 0.5470 0.6980 -0.4621
vn 0.5459 0.6989 -0.4621
vn 0.5478 0.7025 -0.4544
vn 0.5877 0.7916 -0.1670
vn 0.5863 0.7927 -0.1670
vn 0.5861 0.7925 -0.1686
vn 0.5875 0.7914 -0.1686
vn 0.5877 0.7916 0.1670
vn 0.5891 0.7906 0.1669
vn 0.5890 0.7903 0.1686
vn 0.5875 0.7914 0.1686
vn 0.5425 0.7037 0.4587
vn 0.5390 0.7028 0.4643
vn 0.5379 0.7098 0.4548
vn 0.5484 0.7013 0.4554
vn 0.1600 0.8371 0.5230
vn 0.1592 0.8373 0.5231
vn 0.1592 0.8377 0.5223
vn 0.1601 0.8376 0.5223
vn 0.9872 -0.0032 0.1594
vn 0.5930 -0.0315 0.8046
vn -0.0010 -0.1035 -0.9946
vn 0.9936 0.0163 -0.1116
vn 0.8407 0.0557 -0.5386
vn 0.1687 -0.0022 0.9857
vn 0.1696 -0.0022 0.9855
vn 0.1696 -0.0034 0.9855
vn 0.1687 -0.0033 0.9857
vn 0.8477 -0.0488 0.5283
vn 0.3789 -0.0302 -0.9249
vn 0.8237 -0.0606 0.5638
vn 0.9850 -0.0606 0.1613
vn 0.9850 -0.0607 0.1613
vn 0.9847 -0.0655 0.1613
vn 0.1902 -0.0412 0.9809
vn 0.1902 -0.0280 0.9813
vn 0.1902 -0.0410 0.9809
vn 0.8429 -0.1166 -0.5253
vn 0.9811 -0.1146 -0.1560
vn 0.5880 -0.0823 0.8047
vn 0.5880 -0.0824 0.8047
vn 0.5881 -0.0812 0.8047
vn 0.9609 0.2275 0.1575
vn 0.9603 0.2273 0.1620
vn 0.9603 0.2266 0.1624
vn 0.2233 0.4456 0.8669
vn 0.7822 0.2267 -0.5803
vn 0.9503 0.2643 -0.1645
vn 0.5085 0.3441 0.7893
vn 0.4012 0.2158 -0.8902
vn 0.4013 0.2158 -0.8901
vn 0.4013 0.2160 -0.8901
vn 0.4011 0.2159 -0.8902
vn 0.8031 0.2527 0.5396
vn 0.8027 0.2533 0.5398
vn 0.7997 0.2539 0.5441
vn 0.1437 0.6936 0.7059
vn 0.4315 0.8566 -0.2829
vn 0.5095 0.8560 -0.0882
vn 0.3156 0.8067 0.4996
vn 0.3187 0.8042 0.5017
vn 0.3181 0.8051 0.5006
vn 0.3185 0.8054 0.4999
vn 0.1718 0.7013 -0.6918
vn 0.4339 0.8604 0.2672
vn 0.4312 0.8618 0.2672
vn 0.4316 0.8616 0.2673
vn 0.4315 0.8615 0.2676
vn 0.4872 0.8695 0.0820
vn 0.4874 0.8695 0.0809
vn 0.4893 0.8683 0.0812
vn 0.4891 0.8683 0.0823
vn -0.9812 -0.1190 -0.1517
vn -0.9765 -0.1543 0.1507
vn -0.8367 -0.1678 -0.5213
vn -0.7503 -0.4786 -0.4560
vn -0.8526 -0.4982 -0.1576
vn -0.8436 -0.5133 0.1577
vn -0.7644 -0.4559 0.4559
vn -0.8355 -0.1256 0.5349
vn -0.0011 -0.0026 1.0000
vn -0.6250 -0.2630 0.7350
vn -0.5388 -0.4543 0.7094
vn -0.5390 -0.4643 0.7028
vn -0.5379 -0.4638 0.7039
vn -0.1451 -0.5176 0.8432
vn -0.1439 -0.5054 0.8508
vn -0.1434 -0.5057 0.8507
vn -0.1649 -0.1676 -0.9720
vn -0.1646 -0.1677 -0.9720
vn -0.1646 -0.1673 -0.9721
vn -0.1649 -0.1673 -0.9720
vn -0.1577 -0.5241 -0.8369
vn -0.1563 -0.5242 -0.8371
vn -0.1563 -0.5229 -0.8379
vn -0.1577 -0.5229 -0.8377
vn -0.5425 -0.4587 -0.7037
vn -0.5390 -0.4643 -0.7028
vn -0.5379 -0.4548 -0.7098
vn -0.5484 -0.4554 -0.7013
vn -0.5821 -0.1606 -0.7971
vn -0.1568 -0.9729 0.1697
vn -0.1568 -0.9728 0.1703
vn -0.1562 -0.9729 0.1703
vn -0.1563 -0.9730 0.1697
vn -0.1582 -0.9726 -0.1702
vn -0.1582 -0.9726 -0.1706
vn -0.1586 -0.9725 -0.1706
vn -0.1586 -0.9726 -0.1702
vn -0.1524 -0.8391 0.5222
vn -0.1524 -0.8392 0.5220
vn -0.1526 -0.8392 0.5220
vn -0.1526 -0.8390 0.5222
vn -0.5374 -0.7095 0.4558
vn -0.5484 -0.7013 0.4554
vn -0.5478 -0.7025 0.4544
vn -0.5877 -0.7916 0.1670
vn -0.5875 -0.7914 0.1686
vn -0.5861 -0.7925 0.1686
vn -0.5863 -0.7927 0.1670
vn -0.5877 -0.7916 -0.1670
vn -0.5875 -0.7914 -0.1686
vn -0.5890 -0.7903 -0.1686
vn -0.5891 -0.7906 -0.1669
vn -0.5425 -0.7037 -0.4587
vn -0.5484 -0.7013 -0.4554
vn -0.5379 -0.7098 -0.4548
vn -0.5390 -0.7028 -0.4643
vn -0.1553 -0.8386 -0.5221
vn -0.1553 -0.8388 -0.5219
vn -0.1551 -0.8388 -0.5219
vn -0.1551 -0.8387 -0.5221
vn -0.9943 -0.0170 -0.1049
vn -0.5862 0.0253 -0.8098
vn 0.0801 0.2194 0.9723
vn -0.9942 -0.0177 0.1065
vn -0.8400 -0.0603 0.5393
vn -0.1678 -0.0000 -0.9858
vn -0.8248 0.0031 -0.5654
vn -0.3410 -0.0205 0.9398
vn -0.8330 0.1360 -0.5363
vn -0.9766 0.0941 -0.1934
vn -0.1809 0.0340 -0.9829
vn -0.1809 0.0339 -0.9829
vn -0.1809 0.0253 -0.9832
vn -0.8427 0.1182 0.5252
vn -0.9812 0.1152 0.1548
vn -0.5883 0.0749 -0.8051
vn -0.5884 0.0739 -0.8052
vn -0.5883 0.0750 -0.8051
vn -0.9508 -0.2562 -0.1742
vn -0.2183 -0.4427 -0.8697
vn -0.7822 -0.2267 0.5803
vn -0.9503 -0.2643 0.1645
vn -0.5005 -0.3528 -0.7906
vn -0.4012 -0.2158 0.8902
vn -0.4011 -0.2159 0.8902
vn -0.4013 -0.2160 0.8901
vn -0.4013 -0.2158 0.8901
vn -0.8011 -0.3281 -0.5006
vn -0.8008 -0.3291 -0.5004
vn -0.8005 -0.3291 -0.5008
vn -0.8008 -0.3281 -0.5010
vn -0.1558 -0.6771 -0.7192
vn -0.4315 -0.8566 0.2829
vn -0.5095 -0.8560 0.0882
vn -0.3160 -0.8065 -0.4997
vn -0.3126 -0.8081 -0.4993
vn -0.3130 -0.8084 -0.4986
vn -0.3123 -0.8093 -0.4975
vn -0.1718 -0.7013 0.6918
vn -0.4322 -0.8613 -0.2670
vn -0.4304 -0.8622 -0.2672
vn -0.4304 -0.8622 -0.2671
vn -0.4303 -0.8623 -0.2670
vn -0.4869 -0.8696 -0.0817
vn -0.4890 -0.8684 -0.0821
vn -0.4892 -0.8684 -0.0809
vn -0.4871 -0.8696 -0.0805
vn -0.1054 -0.9923 -0.0657
vn -0.4633 -0.7704 -0.4380
vn -0.4775 -0.7636 -0.4347
vn -0.4754 -0.7645 -0.4355
vn -0.0974 -0.9934 0.0607
vn -0.7662 -0.2177 -0.6046
vn -0.0268 -0.9928 0.1169
vn -0.0339 -0.9953 -0.0906
vn -0.0218 -0.9956 -0.0910
vn -0.0335 -0.9953 -0.0909
vn -0.6335 0.6935 -0.3432
vn -0.0267 -0.9991 -0.0337
vn -0.0377 -0.9988 -0.0307
vn -0.0263 -0.9991 -0.0321
vn -0.8619 -0.2354 -0.4490
vn -0.8735 0.3049 -0.3796
vn -0.8758 0.2922 -0.3843
vn -0.8752 0.2930 -0.3849
vn -0.1236 -0.9922 -0.0150
vn -0.1243 -0.9921 -0.0151
vn -0.1243 -0.9921 -0.0150
vn -0.1236 -0.9922 -0.0148
vn -0.1195 -0.9926 0.0207
vn -0.1624 0.0520 -0.9854
vn -0.1632 0.0511 -0.9853
vn -0.1675 0.0517 -0.9845
vn -0.2276 -0.0200 -0.9736
vn -0.1970 -0.0762 -0.9774
vn -0.1652 0.0517 -0.9849
vn -0.1636 0.0493 -0.9853
vn -0.1683 0.0499 -0.9845
vn 0.1623 -0.0520 0.9854
vn 0.1675 -0.0517 0.9845
vn 0.1633 -0.0512 0.9853
vn 0.2276 0.0200 0.9735
vn 0.1888 0.0420 0.9811
vn 0.1653 -0.0517 0.9849
vn 0.1684 -0.0499 0.9844
vn 0.1635 -0.0493 0.9853
vn 0.8582 -0.2937 -0.4209
vn -0.8985 -0.3748 0.2284
vn -0.6066 -0.7949 -0.0145
vn -0.7844 -0.6101 0.1113
vn 0.3874 -0.8275 -0.4063
vn 0.7844 0.6101 -0.1113
vn 0.5327 -0.7282 -0.4312
vn 0.9326 0.2118 -0.2922
vn -0.9317 0.0161 0.3628
vn -0.4588 0.7831 0.4199
vn -0.9381 -0.1407 0.3164
vn -0.1236 -0.9922 -0.0151
vn -0.1243 -0.9921 -0.0152
vn -0.1229 -0.9923 -0.0150
vn -0.1229 -0.9923 -0.0149
vn -0.1229 -0.9923 -0.0147
vn -0.8733 0.3039 -0.3808
vn -0.8422 0.3663 -0.3957
vn -0.8443 0.3557 -0.4008
vn -0.8422 0.3677 -0.3944
vn -0.8437 0.3572 -0.4007
vn -0.0360 -0.9989 -0.0294
vn -0.0630 -0.9953 -0.0741
vn -0.0639 -0.9951 -0.0753
vn -0.0625 -0.9954 -0.0726
vn -0.0554 -0.9953 -0.0794
vn -0.0225 -0.9956 -0.0913
vn -0.0121 -0.9993 -0.0355
vn -0.0116 -0.9993 -0.0352
vn -0.0234 -0.9991 -0.0342
vn -0.0232 -0.9991 -0.0346
vn -0.7538 -0.2436 -0.6103
vn -0.8807 -0.1875 -0.4350
vn -0.9000 -0.1390 -0.4131
vn -0.4653 -0.7694 -0.4378
vn -0.5934 -0.7412 -0.3137
vn -0.5996 -0.7370 -0.3119
vn -0.5929 -0.7416 -0.3138
vn -0.5990 -0.7374 -0.3122
vn -0.4867 -0.8696 -0.0830
vn -0.4887 -0.8684 -0.0833
vn -0.4845 -0.8709 -0.0826
vn -0.4848 -0.8708 -0.0813
vn -0.4850 -0.8708 -0.0801
vn -0.4343 -0.8603 -0.2671
vn -0.4312 -0.8624 -0.2651
vn -0.4341 -0.8604 -0.2670
vn -0.4337 -0.8603 -0.2678
vn -0.4333 -0.8602 -0.2689
vn -0.2266 -0.6937 0.6837
vn -0.2063 -0.7551 0.6223
vn -0.1628 -0.7377 0.6553
vn -0.3197 -0.8035 -0.5022
vn -0.3154 -0.8097 -0.4949
vn -0.3190 -0.8045 -0.5010
vn -0.3195 -0.8047 -0.5004
vn -0.3166 -0.8033 -0.5045
vn -0.4199 -0.8534 0.3089
vn -0.4601 -0.8208 0.3385
vn -0.4681 -0.8287 0.3069
vn -0.1770 -0.6890 -0.7028
vn -0.1868 -0.6409 -0.7446
vn -0.1617 -0.6378 -0.7530
vn -0.8014 -0.3281 -0.5001
vn -0.8011 -0.3290 -0.4999
vn -0.8017 -0.3270 -0.5003
vn -0.8014 -0.3271 -0.5008
vn -0.8011 -0.3272 -0.5012
vn -0.4010 -0.2158 0.8903
vn -0.4010 -0.2159 0.8903
vn -0.4010 -0.2157 0.8903
vn -0.4012 -0.2157 0.8902
vn -0.4013 -0.2157 0.8902
vn -0.5335 -0.3455 -0.7720
vn -0.5473 -0.2668 -0.7932
vn -0.5114 -0.2859 -0.8104
vn -0.8140 -0.2191 0.5379
vn -0.7917 -0.3154 0.5232
vn -0.7600 -0.3235 0.5638
vn -0.1805 -0.4561 -0.8714
vn -0.1753 -0.5026 -0.8465
vn -0.2114 -0.4960 -0.8422
vn -0.9472 -0.2548 -0.1944
vn -0.9356 -0.2969 -0.1912
vn -0.9396 -0.2960 -0.1719
vn -0.5839 0.1664 -0.7946
vn -0.5840 0.1652 -0.7947
vn -0.5839 0.1665 -0.7946
vn -0.5838 0.1677 -0.7944
vn -0.5883 0.0760 -0.8051
vn -0.9711 0.2042 0.1236
vn -0.9773 0.1721 0.1239
vn -0.9841 0.0866 0.1552
vn -0.8303 0.2072 0.5174
vn -0.1708 0.1189 -0.9781
vn -0.1708 0.1187 -0.9781
vn -0.1710 0.1092 -0.9792
vn -0.1710 0.1093 -0.9792
vn -0.1809 0.0254 -0.9832
vn -0.9733 0.1844 -0.1364
vn -0.9595 0.2469 -0.1358
vn -0.9698 0.1484 -0.1934
vn -0.8018 0.2313 -0.5511
vn -0.8074 0.2008 -0.5547
vn -0.8358 0.1088 -0.5381
vn -0.1004 -0.0430 0.9940
vn -0.0985 0.0519 0.9938
vn -0.3406 0.0379 0.9395
vn -0.8407 0.0032 -0.5414
vn -0.8402 0.0359 -0.5412
vn -0.8242 0.0350 -0.5652
vn -0.8254 -0.0595 0.5613
vn -0.8265 -0.0306 0.5621
vn -0.8411 -0.0310 0.5400
vn 0.2908 0.1639 0.9426
vn -0.7728 -0.0018 0.6346
vn -0.3191 0.0676 0.9453
vn -0.5728 0.0246 -0.8193
vn -0.5729 0.0082 -0.8196
vn -0.5863 0.0084 -0.8100
vn -0.1555 -0.8386 -0.5221
vn -0.1555 -0.8387 -0.5219
vn -0.1555 -0.8385 -0.5223
vn -0.1553 -0.8385 -0.5223
vn -0.1551 -0.8385 -0.5223
vn -0.5459 -0.6989 -0.4621
vn -0.5478 -0.7025 -0.4544
vn -0.5464 -0.6986 -0.4620
vn -0.5466 -0.6989 -0.4614
vn -0.5379 -0.7039 -0.4638
vn -0.5863 -0.7927 -0.1670
vn -0.5861 -0.7925 -0.1686
vn -0.5864 -0.7929 -0.1655
vn -0.5878 -0.7919 -0.1655
vn -0.5892 -0.7909 -0.1654
vn -0.5891 -0.7906 0.1669
vn -0.5890 -0.7903 0.1686
vn -0.5892 -0.7909 0.1654
vn -0.5878 -0.7919 0.1655
vn -0.5864 -0.7929 0.1655
vn -0.5379 -0.7098 0.4548
vn -0.5379 -0.7039 0.4638
vn -0.5466 -0.6980 0.4626
vn -0.5466 -0.6989 0.4614
vn -0.5464 -0.6986 0.4620
vn -0.1521 -0.8391 0.5223
vn -0.1521 -0.8393 0.5220
vn -0.1521 -0.8390 0.5225
vn -0.1524 -0.8389 0.5225
vn -0.1526 -0.8389 0.5225
vn -0.1578 -0.9727 -0.1702
vn -0.1578 -0.9726 -0.1706
vn -0.1578 -0.9728 -0.1698
vn -0.1582 -0.9727 -0.1698
vn -0.1586 -0.9726 -0.1698
vn -0.1574 -0.9728 0.1697
vn -0.1574 -0.9727 0.1703
vn -0.1574 -0.9730 0.1691
vn -0.1568 -0.9730 0.1691
vn -0.1563 -0.9731 0.1691
vn -0.5830 -0.1425 -0.7999
vn -0.5676 -0.1439 -0.8107
vn -0.5663 -0.1607 -0.8084
vn -0.5466 -0.4614 -0.6989
vn -0.5379 -0.4638 -0.7039
vn -0.5464 -0.4620 -0.6986
vn -0.5459 -0.4621 -0.6989
vn -0.5478 -0.4544 -0.7025
vn -0.1577 -0.5253 -0.8362
vn -0.1564 -0.5254 -0.8364
vn -0.1590 -0.5252 -0.8360
vn -0.1590 -0.5240 -0.8367
vn -0.1590 -0.5228 -0.8375
vn -0.1649 -0.1680 -0.9719
vn -0.1646 -0.1680 -0.9720
vn -0.1652 -0.1679 -0.9719
vn -0.1652 -0.1676 -0.9719
vn -0.1652 -0.1673 -0.9720
vn -0.1445 -0.5171 0.8437
vn -0.1345 -0.5174 0.8451
vn -0.1327 -0.5056 0.8525
vn -0.1352 -0.5182 0.8445
vn -0.1322 -0.5063 0.8522
vn -0.5379 -0.4548 0.7098
vn -0.5478 -0.4544 0.7025
vn -0.5470 -0.4621 0.6980
vn -0.5459 -0.4622 0.6989
vn -0.5464 -0.4620 0.6986
vn -0.6339 -0.1740 0.7536
vn -0.7550 -0.1841 0.6294
vn -0.4046 0.0547 0.9129
vn 0.1237 0.4968 0.8590
vn -0.8314 -0.1539 0.5339
vn -0.8168 -0.1534 0.5561
vn -0.8202 -0.1266 0.5579
vn -0.7503 -0.4786 0.4560
vn -0.7401 -0.4755 0.4755
vn -0.7503 -0.4560 0.4786
vn -0.8524 -0.4985 0.1577
vn -0.8547 -0.4996 0.1408
vn -0.8464 -0.5140 0.1394
vn -0.8437 -0.5132 -0.1576
vn -0.8465 -0.5139 -0.1390
vn -0.8550 -0.4993 -0.1404
vn -0.7644 -0.4559 -0.4559
vn -0.7503 -0.4560 -0.4786
vn -0.7401 -0.4755 -0.4755
vn -0.8367 -0.1677 -0.5213
vn -0.8367 -0.1677 -0.5214
vn -0.8367 -0.1678 -0.5214
vn -0.9809 -0.1203 0.1526
vn -0.9855 -0.1203 0.1198
vn -0.9810 -0.1536 0.1184
vn -0.9767 -0.1538 -0.1498
vn -0.9812 -0.1532 -0.1170
vn -0.9858 -0.1192 -0.1184
vn 0.4853 0.8706 0.0816
vn 0.4855 0.8705 0.0805
vn 0.4850 0.8706 0.0828
vn 0.4870 0.8695 0.0831
vn 0.4889 0.8683 0.0834
vn 0.4364 0.8592 0.2671
vn 0.4353 0.8590 0.2697
vn 0.4363 0.8592 0.2672
vn 0.4366 0.8590 0.2675
vn 0.4325 0.8619 0.2647
vn 0.1628 0.7377 -0.6553
vn 0.2063 0.7551 -0.6223
vn 0.2266 0.6937 -0.6837
vn 0.3124 0.8084 0.4989
vn 0.3151 0.8095 0.4954
vn 0.3128 0.8085 0.4985
vn 0.3122 0.8093 0.4975
vn 0.3161 0.8039 0.5038
vn 0.4681 0.8287 -0.3069
vn 0.4601 0.8208 -0.3385
vn 0.4199 0.8534 -0.3089
vn 0.1526 0.6441 0.7496
vn 0.1849 0.6473 0.7394
vn 0.1715 0.7072 0.6858
vn 0.7991 0.2728 0.5358
vn 0.7985 0.2736 0.5363
vn 0.7918 0.2756 0.5450
vn 0.7921 0.2760 0.5444
vn 0.7967 0.2545 0.5481
vn 0.4012 0.2157 -0.8902
vn 0.4013 0.2157 -0.8902
vn 0.4010 0.2157 -0.8903
vn 0.4010 0.2158 -0.8903
vn 0.4010 0.2159 -0.8903
vn 0.5192 0.2847 0.8058
vn 0.5507 0.2670 0.7909
vn 0.5384 0.3348 0.7733
vn 0.7600 0.3235 -0.5638
vn 0.7917 0.3154 -0.5232
vn 0.8140 0.2191 -0.5379
vn 0.2164 0.4965 0.8406
vn 0.1808 0.5031 0.8451
vn 0.1863 0.4586 0.8689
vn 0.9641 0.2094 0.1631
vn 0.9643 0.2087 0.1628
vn 0.9652 0.2083 0.1583
vn 0.9660 0.2080 0.1539
vn 0.9616 0.2278 0.1529
vn 0.5879 -0.0834 0.8046
vn 0.5832 -0.1737 0.7936
vn 0.5833 -0.1726 0.7937
vn 0.5833 -0.1724 0.7937
vn 0.5834 -0.1713 0.7939
vn 0.9838 -0.0880 -0.1563
vn 0.9770 -0.1712 -0.1274
vn 0.9714 -0.2005 -0.1271
vn 0.8310 -0.2029 -0.5179
vn 0.1902 -0.0283 0.9813
vn 0.1760 -0.1106 0.9782
vn 0.1757 -0.1248 0.9765
vn 0.9853 -0.0557 0.1613
vn 0.9759 -0.1346 0.1718
vn 0.9751 -0.1404 0.1718
vn 0.9751 -0.1403 0.1718
vn 0.9742 -0.1461 0.1718
vn 0.8220 -0.0865 0.5629
vn 0.8276 -0.1748 0.5334
vn 0.8319 -0.1440 0.5360
vn 0.3785 -0.0571 -0.9238
vn 0.2583 -0.1036 -0.9605
vn 0.2593 -0.0562 -0.9641
vn 0.1687 -0.0011 0.9857
vn 0.1696 -0.0011 0.9855
vn 0.1678 -0.0011 0.9858
vn 0.1678 -0.0022 0.9858
vn 0.1678 -0.0033 0.9858
vn 0.8417 0.0286 -0.5392
vn 0.8283 0.0283 -0.5596
vn 0.8274 0.0550 -0.5590
vn 0.3649 -0.0102 -0.9310
vn 0.5711 0.0214 -0.8206
vn -0.3439 -0.1056 -0.9331
vn 0.9863 -0.0406 0.1601
vn 0.9910 -0.0410 0.1276
vn 0.9919 -0.0032 0.1269
vn 0.1600 0.8367 0.5238
vn 0.1592 0.8368 0.5238
vn 0.1608 0.8366 0.5237
vn 0.1609 0.8370 0.5230
vn 0.1609 0.8375 0.5223
vn 0.5466 0.6988 0.4614
vn 0.5379 0.7039 0.4638
vn 0.5464 0.6986 0.4620
vn 0.5459 0.6989 0.4621
vn 0.5478 0.7025 0.4544
vn 0.5878 0.7919 0.1655
vn 0.5892 0.7909 0.1654
vn 0.5864 0.7929 0.1655
vn 0.5863 0.7927 0.1670
vn 0.5861 0.7925 0.1686
vn 0.5878 0.7919 -0.1655
vn 0.5864 0.7929 -0.1655
vn 0.5892 0.7909 -0.1654
vn 0.5891 0.7906 -0.1669
vn 0.5890 0.7903 -0.1686
vn 0.5464 0.6986 -0.4620
vn 0.5379 0.7039 -0.4638
vn 0.5388 0.7094 -0.4543
vn 0.5390 0.7028 -0.4643
vn 0.5379 0.7098 -0.4548
vn 0.1559 0.8384 -0.5222
vn 0.1561 0.8384 -0.5222
vn 0.1557 0.8385 -0.5222
vn 0.1557 0.8386 -0.5221
vn 0.1556 0.8387 -0.5219
vn 0.1618 0.9722 0.1690
vn 0.1625 0.9721 0.1690
vn 0.1612 0.9723 0.1690
vn 0.1612 0.9722 0.1697
vn 0.1611 0.9721 0.1704
vn 0.1601 0.9725 -0.1690
vn 0.1595 0.9726 -0.1690
vn 0.1607 0.9724 -0.1690
vn 0.1607 0.9723 -0.1697
vn 0.1607 0.9722 -0.1704
vn 0.5863 0.1670 0.7927
vn 0.5861 0.1686 0.7925
vn 0.5864 0.1655 0.7929
vn 0.5878 0.1655 0.7919
vn 0.5892 0.1654 0.7909
vn 0.5459 0.4621 0.6989
vn 0.5478 0.4544 0.7025
vn 0.5464 0.4620 0.6986
vn 0.5466 0.4614 0.6988
vn 0.5379 0.4638 0.7039
vn 0.1621 0.5237 0.8364
vn 0.1621 0.5226 0.8370
vn 0.1620 0.5247 0.8357
vn 0.1609 0.5248 0.8359
vn 0.1597 0.5249 0.8360
vn 0.1651 0.1697 0.9716
vn 0.1651 0.1704 0.9714
vn 0.1652 0.1690 0.9717
vn 0.1659 0.1689 0.9716
vn 0.1666 0.1689 0.9715
vn 0.1506 0.3971 -0.9054
vn 0.1506 0.3985 -0.9047
vn 0.1506 0.3957 -0.9059
vn 0.1493 0.3958 -0.9061
vn 0.1479 0.3958 -0.9064
vn 0.4597 0.3887 -0.7985
vn 0.4574 0.4214 -0.7831
vn 0.5001 0.4228 -0.7558
vn 0.1412 -0.1247 -0.9821
vn 0.5349 0.1551 -0.8306
vn 0.4777 0.1500 -0.8656
vn 0.1168 -0.3213 -0.9397
vn 0.8216 0.1298 -0.5551
vn 0.8184 0.1545 -0.5535
vn 0.8319 0.1550 -0.5329
vn 0.7503 0.4560 -0.4786
vn 0.7401 0.4755 -0.4755
vn 0.7503 0.4786 -0.4560
vn 0.8457 0.5146 -0.1416
vn 0.8535 0.5012 -0.1428
vn 0.8513 0.5002 -0.1585
vn 0.8537 0.5010 0.1425
vn 0.8458 0.5145 0.1412
vn 0.8432 0.5138 0.1584
vn 0.7401 0.4755 0.4755
vn 0.7503 0.4560 0.4786
vn 0.7644 0.4559 0.4559
vn 0.8367 0.1678 0.5214
vn 0.8367 0.1677 0.5214
vn 0.8367 0.1677 0.5213
vn 0.9803 0.1550 -0.1223
vn 0.9845 0.1244 -0.1235
vn 0.9803 0.1244 -0.1537
vn 0.9848 0.1234 0.1222
vn 0.9805 0.1546 0.1210
vn 0.9762 0.1552 0.1513
vn -0.1195 0.9926 -0.0207
vn 0.1229 -0.9923 -0.0149
vn 0.1229 -0.9923 -0.0147
vn 0.1229 -0.9923 -0.0150
vn 0.1236 -0.9922 -0.0151
vn 0.1243 -0.9921 -0.0152
vn 0.8422 0.3677 -0.3943
vn 0.8437 0.3572 -0.4007
vn 0.8443 0.3557 -0.4008
vn 0.8422 0.3663 -0.3957
vn 0.8733 0.3039 -0.3808
vn 0.0625 -0.9954 -0.0726
vn 0.0554 -0.9953 -0.0794
vn 0.0639 -0.9951 -0.0753
vn 0.0630 -0.9953 -0.0741
vn 0.0360 -0.9989 -0.0294
vn 0.0232 -0.9991 -0.0346
vn 0.0116 -0.9993 -0.0352
vn 0.0121 -0.9993 -0.0355
vn 0.0225 -0.9956 -0.0913
vn 0.0268 -0.9928 0.1169
vn -0.0217 -0.9885 0.1499
vn 0.9000 -0.1390 -0.4131
vn 0.8807 -0.1875 -0.4350
vn 0.7538 -0.2436 -0.6103
vn 0.1281 -0.9913 0.0306
vn 0.1296 -0.9911 0.0293
vn 0.1291 -0.9912 0.0299
vn 0.1284 -0.9913 0.0306
vn 0.5929 -0.7416 -0.3138
vn 0.5990 -0.7374 -0.3122
vn 0.5996 -0.7370 -0.3119
vn 0.5934 -0.7412 -0.3137
vn 0.4653 -0.7694 -0.4378
vn 0.4848 -0.8708 -0.0813
vn 0.4850 -0.8708 -0.0801
vn 0.4845 -0.8709 -0.0826
vn 0.4867 -0.8696 -0.0830
vn 0.4887 -0.8684 -0.0833
vn 0.4337 -0.8603 -0.2678
vn 0.4333 -0.8602 -0.2689
vn 0.4341 -0.8604 -0.2670
vn 0.4343 -0.8603 -0.2671
vn 0.4312 -0.8624 -0.2651
vn 0.1311 -0.7573 0.6397
vn 0.2063 -0.7551 0.6223
vn 0.2266 -0.6937 0.6837
vn 0.3195 -0.8047 -0.5004
vn 0.3166 -0.8033 -0.5045
vn 0.3190 -0.8045 -0.5010
vn 0.3197 -0.8035 -0.5022
vn 0.3154 -0.8097 -0.4949
vn 0.4681 -0.8287 0.3069
vn 0.4601 -0.8208 0.3385
vn 0.4199 -0.8534 0.3089
vn 0.1617 -0.6378 -0.7531
vn 0.1868 -0.6409 -0.7446
vn 0.1770 -0.6890 -0.7028
vn 0.8014 -0.3271 -0.5008
vn 0.8011 -0.3272 -0.5012
vn 0.8017 -0.3270 -0.5003
vn 0.8014 -0.3281 -0.5001
vn 0.8011 -0.3290 -0.4999
vn 0.4012 -0.2157 0.8902
vn 0.4013 -0.2157 0.8902
vn 0.4010 -0.2157 0.8903
vn 0.4010 -0.2158 0.8903
vn 0.4010 -0.2159 0.8903
vn 0.5114 -0.2859 -0.8104
vn 0.5473 -0.2668 -0.7932
vn 0.5335 -0.3455 -0.7720
vn 0.7600 -0.3235 0.5638
vn 0.7917 -0.3154 0.5232
vn 0.8140 -0.2191 0.5379
vn 0.2114 -0.4960 -0.8422
vn 0.1753 -0.5026 -0.8465
vn 0.1805 -0.4561 -0.8714
vn 0.9396 -0.2960 -0.1719
vn 0.9356 -0.2969 -0.1912
vn 0.9472 -0.2548 -0.1944
vn 0.5883 0.0760 -0.8051
vn 0.5838 0.1677 -0.7944
vn 0.5839 0.1665 -0.7946
vn 0.5839 0.1664 -0.7946
vn 0.5840 0.1652 -0.7947
vn 0.9841 0.0866 0.1552
vn 0.9773 0.1721 0.1239
vn 0.9711 0.2042 0.1236
vn 0.8303 0.2072 0.5174
vn 0.1809 0.0254 -0.9832
vn 0.1710 0.1093 -0.9792
vn 0.1710 0.1092 -0.9792
vn 0.1708 0.1189 -0.9781
vn 0.1708 0.1187 -0.9781
vn 0.9698 0.1484 -0.1934
vn 0.9595 0.2469 -0.1358
vn 0.9733 0.1844 -0.1364
vn 0.8358 0.1088 -0.5381
vn 0.8074 0.2008 -0.5547
vn 0.8018 0.2313 -0.5511
vn 0.3406 0.0379 0.9395
vn 0.0985 0.0519 0.9938
vn 0.1004 -0.0430 0.9940
vn 0.8242 0.0350 -0.5652
vn 0.8402 0.0359 -0.5412
vn 0.8407 0.0032 -0.5414
vn 0.8411 -0.0310 0.5400
vn 0.8265 -0.0306 0.5621
vn 0.8254 -0.0595 0.5613
vn 0.3191 0.0676 0.9453
vn 0.7728 -0.0018 0.6346
vn -0.2908 0.1639 0.9426
vn 0.5863 0.0084 -0.8100
vn 0.5729 0.0082 -0.8196
vn 0.5728 0.0246 -0.8193
vn 0.1553 -0.8385 -0.5223
vn 0.1551 -0.8385 -0.5223
vn 0.1555 -0.8385 -0.5223
vn 0.1555 -0.8386 -0.5221
vn 0.1555 -0.8387 -0.5219
vn 0.5466 -0.6989 -0.4614
vn 0.5379 -0.7039 -0.4638
vn 0.5464 -0.6986 -0.4620
vn 0.5459 -0.6989 -0.4621
vn 0.5478 -0.7025 -0.4544
vn 0.5878 -0.7919 -0.1655
vn 0.5892 -0.7909 -0.1654
vn 0.5864 -0.7929 -0.1655
vn 0.5863 -0.7927 -0.1670
vn 0.5861 -0.7925 -0.1686
vn 0.5878 -0.7919 0.1655
vn 0.5864 -0.7929 0.1655
vn 0.5892 -0.7909 0.1654
vn 0.5891 -0.7906 0.1669
vn 0.5890 -0.7903 0.1686
vn 0.5464 -0.6986 0.4620
vn 0.5379 -0.7039 0.4638
vn 0.5388 -0.7094 0.4543
vn 0.5390 -0.7028 0.4643
vn 0.5379 -0.7098 0.4548
vn 0.1524 -0.8389 0.5225
vn 0.1526 -0.8389 0.5225
vn 0.1521 -0.8390 0.5225
vn 0.1521 -0.8391 0.5223
vn 0.1521 -0.8393 0.5220
vn 0.1582 -0.9727 -0.1698
vn 0.1586 -0.9726 -0.1698
vn 0.1578 -0.9728 -0.1698
vn 0.1578 -0.9727 -0.1702
vn 0.1578 -0.9726 -0.1706
vn 0.1568 -0.9730 0.1691
vn 0.1563 -0.9731 0.1691
vn 0.1574 -0.9730 0.1691
vn 0.1574 -0.9728 0.1697
vn 0.1574 -0.9727 0.1703
vn 0.5663 -0.1607 -0.8084
vn 0.5676 -0.1439 -0.8107
vn 0.5830 -0.1425 -0.7999
vn 0.5459 -0.4622 -0.6989
vn 0.5478 -0.4544 -0.7025
vn 0.5464 -0.4620 -0.6986
vn 0.5466 -0.4614 -0.6989
vn 0.5379 -0.4638 -0.7039
vn 0.1590 -0.5240 -0.8367
vn 0.1590 -0.5228 -0.8375
vn 0.1590 -0.5252 -0.8360
vn 0.1577 -0.5253 -0.8362
vn 0.1564 -0.5254 -0.8364
vn 0.1652 -0.1676 -0.9719
vn 0.1652 -0.1673 -0.9720
vn 0.1652 -0.1679 -0.9719
vn 0.1649 -0.1680 -0.9719
vn 0.1646 -0.1680 -0.9720
vn 0.1322 -0.5063 0.8522
vn 0.1345 -0.5174 0.8451
vn 0.1451 -0.5169 0.8436
vn 0.1338 -0.5173 0.8453
vn 0.1445 -0.5171 0.8437
vn 0.5464 -0.4620 0.6986
vn 0.5478 -0.4544 0.7025
vn 0.5374 -0.4558 0.7095
vn 0.5484 -0.4554 0.7013
vn 0.5379 -0.4548 0.7098
vn 0.4046 0.0547 0.9129
vn 0.7550 -0.1841 0.6294
vn 0.6339 -0.1740 0.7536
vn -0.1237 0.4968 0.8590
vn 0.8202 -0.1266 0.5579
vn 0.8168 -0.1534 0.5561
vn 0.8314 -0.1539 0.5339
vn 0.7503 -0.4560 0.4786
vn 0.7401 -0.4755 0.4755
vn 0.7503 -0.4786 0.4560
vn 0.8464 -0.5140 0.1394
vn 0.8547 -0.4996 0.1408
vn 0.8524 -0.4985 0.1577
vn 0.8550 -0.4993 -0.1404
vn 0.8465 -0.5139 -0.1390
vn 0.8437 -0.5132 -0.1576
vn 0.7401 -0.4755 -0.4755
vn 0.7503 -0.4560 -0.4786
vn 0.7644 -0.4559 -0.4559
vn 0.8367 -0.1678 -0.5214
vn 0.8367 -0.1677 -0.5214
vn 0.8367 -0.1677 -0.5213
vn 0.9810 -0.1536 0.1184
vn 0.9855 -0.1203 0.1197
vn 0.9809 -0.1203 0.1526
vn 0.9858 -0.1192 -0.1184
vn 0.9812 -0.1532 -0.1170
vn 0.9767 -0.1538 -0.1498
vn -0.4870 0.8695 0.0831
vn -0.4889 0.8683 0.0834
vn -0.4850 0.8706 0.0828
vn -0.4853 0.8706 0.0816
vn -0.4855 0.8705 0.0805
vn -0.4366 0.8590 0.2675
vn -0.4325 0.8619 0.2647
vn -0.4363 0.8592 0.2672
vn -0.4363 0.8592 0.2671
vn -0.4353 0.8590 0.2697
vn -0.2266 0.6937 -0.6837
vn -0.2063 0.7551 -0.6223
vn -0.1336 0.7558 -0.6410
vn -0.3122 0.8093 0.4975
vn -0.3161 0.8039 0.5038
vn -0.3128 0.8085 0.4985
vn -0.3124 0.8084 0.4989
vn -0.3151 0.8095 0.4954
vn -0.4199 0.8534 -0.3089
vn -0.4601 0.8208 -0.3385
vn -0.4681 0.8287 -0.3069
vn -0.1715 0.7072 0.6858
vn -0.1849 0.6473 0.7394
vn -0.1526 0.6441 0.7496
vn -0.7967 0.2545 0.5481
vn -0.7921 0.2760 0.5444
vn -0.7918 0.2756 0.5450
vn -0.7991 0.2728 0.5358
vn -0.7985 0.2736 0.5363
vn -0.4010 0.2158 -0.8903
vn -0.4010 0.2159 -0.8903
vn -0.4010 0.2157 -0.8903
vn -0.4012 0.2157 -0.8902
vn -0.4013 0.2157 -0.8902
vn -0.5384 0.3348 0.7733
vn -0.5507 0.2670 0.7909
vn -0.5192 0.2847 0.8058
vn -0.8140 0.2191 -0.5379
vn -0.7917 0.3154 -0.5232
vn -0.7600 0.3235 -0.5638
vn -0.1863 0.4586 0.8689
vn -0.1808 0.5031 0.8451
vn -0.2164 0.4965 0.8406
vn -0.9616 0.2278 0.1529
vn -0.9660 0.2080 0.1539
vn -0.9652 0.2083 0.1583
vn -0.9641 0.2094 0.1631
vn -0.9643 0.2087 0.1628
vn -0.5833 -0.1724 0.7937
vn -0.5834 -0.1713 0.7939
vn -0.5833 -0.1726 0.7937
vn -0.5832 -0.1737 0.7936
vn -0.5879 -0.0834 0.8046
vn -0.9714 -0.2005 -0.1271
vn -0.9770 -0.1712 -0.1274
vn -0.9838 -0.0880 -0.1563
vn -0.8310 -0.2029 -0.5179
vn -0.1757 -0.1248 0.9765
vn -0.1760 -0.1106 0.9782
vn -0.1902 -0.0283 0.9813
vn -0.9751 -0.1403 0.1718
vn -0.9742 -0.1461 0.1718
vn -0.9751 -0.1404 0.1718
vn -0.9759 -0.1346 0.1718
vn -0.9853 -0.0557 0.1613
vn -0.8319 -0.1440 0.5360
vn -0.8276 -0.1748 0.5334
vn -0.8220 -0.0865 0.5629
vn -0.2593 -0.0562 -0.9641
vn -0.2583 -0.1036 -0.9605
vn -0.3785 -0.0571 -0.9238
vn -0.1678 -0.0022 0.9858
vn -0.1678 -0.0033 0.9858
vn -0.1678 -0.0011 0.9858
vn -0.1687 -0.0011 0.9857
vn -0.1696 -0.0011 0.9855
vn -0.8274 0.0550 -0.5590
vn -0.8283 0.0283 -0.5596
vn -0.8417 0.0286 -0.5392
vn 0.3439 -0.1056 -0.9331
vn -0.5711 0.0214 -0.8206
vn -0.3649 -0.0102 -0.9310
vn -0.9919 -0.0032 0.1269
vn -0.9910 -0.0410 0.1276
vn -0.9863 -0.0406 0.1601
vn -0.1609 0.8370 0.5230
vn -0.1609 0.8375 0.5223
vn -0.1608 0.8366 0.5237
vn -0.1600 0.8367 0.5238
vn -0.1592 0.8368 0.5238
vn -0.5459 0.6989 0.4622
vn -0.5478 0.7025 0.4544
vn -0.5464 0.6986 0.4620
vn -0.5466 0.6988 0.4614
vn -0.5379 0.7039 0.4638
vn -0.5863 0.7927 0.1670
vn -0.5861 0.7925 0.1686
vn -0.5864 0.7929 0.1655
vn -0.5878 0.7919 0.1655
vn -0.5892 0.7909 0.1654
vn -0.5891 0.7906 -0.1669
vn -0.5890 0.7903 -0.1686
vn -0.5892 0.7909 -0.1654
vn -0.5878 0.7919 -0.1655
vn -0.5864 0.7929 -0.1655
vn -0.5379 0.7098 -0.4548
vn -0.5379 0.7039 -0.4638
vn -0.5466 0.6980 -0.4626
vn -0.5466 0.6988 -0.4614
vn -0.5464 0.6986 -0.4620
vn -0.1557 0.8386 -0.5221
vn -0.1556 0.8387 -0.5219
vn -0.1557 0.8385 -0.5222
vn -0.1559 0.8384 -0.5222
vn -0.1561 0.8384 -0.5222
vn -0.1612 0.9722 0.1697
vn -0.1611 0.9721 0.1704
vn -0.1612 0.9723 0.1690
vn -0.1618 0.9722 0.1690
vn -0.1625 0.9721 0.1690
vn -0.1607 0.9723 -0.1697
vn -0.1607 0.9722 -0.1704
vn -0.1607 0.9724 -0.1690
vn -0.1601 0.9725 -0.1690
vn -0.1595 0.9726 -0.1690
vn -0.5878 0.1655 0.7919
vn -0.5892 0.1654 0.7909
vn -0.5864 0.1655 0.7929
vn -0.5863 0.1670 0.7927
vn -0.5861 0.1686 0.7925
vn -0.5466 0.4614 0.6988
vn -0.5379 0.4638 0.7039
vn -0.5464 0.4620 0.6986
vn -0.5459 0.4622 0.6989
vn -0.5478 0.4544 0.7025
vn -0.1609 0.5248 0.8359
vn -0.1597 0.5249 0.8360
vn -0.1620 0.5247 0.8357
vn -0.1621 0.5237 0.8364
vn -0.1621 0.5226 0.8370
vn -0.1659 0.1689 0.9716
vn -0.1666 0.1689 0.9715
vn -0.1652 0.1690 0.9717
vn -0.1651 0.1697 0.9716
vn -0.1651 0.1704 0.9714
vn -0.1493 0.3958 -0.9061
vn -0.1479 0.3958 -0.9064
vn -0.1506 0.3957 -0.9059
vn -0.1506 0.3971 -0.9054
vn -0.1506 0.3985 -0.9047
vn -0.5001 0.4228 -0.7558
vn -0.4574 0.4214 -0.7831
vn -0.4597 0.3887 -0.7985
vn -0.4777 0.1500 -0.8656
vn -0.5349 0.1551 -0.8306
vn -0.1412 -0.1247 -0.9821
vn -0.1168 -0.3213 -0.9397
vn -0.8319 0.1550 -0.5329
vn -0.8184 0.1545 -0.5535
vn -0.8216 0.1298 -0.5551
vn -0.7503 0.4786 -0.4560
vn -0.7401 0.4755 -0.4755
vn -0.7503 0.4560 -0.4786
vn -0.8513 0.5002 -0.1585
vn -0.8535 0.5012 -0.1428
vn -0.8457 0.5146 -0.1416
vn -0.8432 0.5138 0.1584
vn -0.8458 0.5145 0.1412
vn -0.8537 0.5010 0.1425
vn -0.7644 0.4559 0.4559
vn -0.7503 0.4560 0.4786
vn -0.7401 0.4755 0.4755
vn -0.8367 0.1677 0.5213
vn -0.8367 0.1677 0.5214
vn -0.8367 0.1678 0.5214
vn -0.9803 0.1244 -0.1537
vn -0.9845 0.1244 -0.1235
vn -0.9803 0.1550 -0.1223
vn -0.9762 0.1552 0.1513
vn -0.9805 0.1546 0.1210
vn -0.9848 0.1234 0.1222
vt 0.779935 0.251700
vt 0.750452 0.251416
vt 0.751633 0.280356
vt 0.780340 0.282499
vt 0.776374 0.313041
vt 0.746861 0.308888
vt 0.741390 0.337414
vt 0.771276 0.343834
vt 0.775192 0.192292
vt 0.746222 0.195486
vt 0.748787 0.222569
vt 0.778296 0.221106
vt 0.721783 0.197202
vt 0.697270 0.199361
vt 0.693479 0.219924
vt 0.721248 0.220979
vt 0.720174 0.249316
vt 0.689885 0.247048
vt 0.687301 0.274226
vt 0.719384 0.277519
vt 0.716359 0.305470
vt 0.685874 0.301538
vt 0.685305 0.328922
vt 0.713349 0.333676
vt 0.710064 0.357307
vt 0.685662 0.349828
vt 0.686400 0.370744
vt 0.706370 0.381127
vt 0.763792 0.373368
vt 0.734727 0.364216
vt 0.726933 0.390864
vt 0.754242 0.403326
vt 0.695730 0.424795
vt 0.669691 0.447617
vt 0.735354 0.436913
vt 0.746434 0.420912
vt 0.712218 0.408163
vt 0.690797 0.394118
vt 0.670597 0.379036
vt 0.654651 0.387167
vt 0.674437 0.406781
vt 0.648126 0.425283
vt 0.628106 0.400848
vt 0.600845 0.415249
vt 0.621092 0.443190
vt 0.742960 0.081861
vt 0.709427 0.094585
vt 0.725588 0.122590
vt 0.755896 0.112875
vt 0.680295 0.113025
vt 0.653152 0.135005
vt 0.675272 0.154975
vt 0.699760 0.137566
vt 0.711258 0.155519
vt 0.688534 0.166958
vt 0.701741 0.178887
vt 0.722515 0.173244
vt 0.763838 0.138219
vt 0.734563 0.145529
vt 0.743484 0.168340
vt 0.771317 0.163368
vt 0.599806 0.301361
vt 0.633037 0.300059
vt 0.633874 0.268662
vt 0.599834 0.265139
vt 0.605849 0.229116
vt 0.638075 0.237512
vt 0.645749 0.206910
vt 0.616352 0.193928
vt 0.614269 0.369804
vt 0.643933 0.359688
vt 0.635406 0.331269
vt 0.603758 0.337322
vt 0.664950 0.354721
vt 0.660428 0.330263
vt 0.659648 0.300814
vt 0.660479 0.271474
vt 0.664180 0.242300
vt 0.669698 0.213277
vt 0.678402 0.189899
vt 0.632963 0.163418
vt 0.659252 0.180260
vt 0.837413 0.250996
vt 0.837504 0.284533
vt 0.865835 0.284676
vt 0.865572 0.249956
vt 0.821758 0.126970
vt 0.827220 0.154744
vt 0.855294 0.150570
vt 0.850278 0.122171
vt 0.817374 0.426837
vt 0.818888 0.435087
vt 0.850229 0.428019
vt 0.850086 0.422335
vt 0.834411 0.317463
vt 0.829676 0.350553
vt 0.858542 0.351468
vt 0.863076 0.318268
vt 0.823915 0.383622
vt 0.817101 0.417068
vt 0.850219 0.416635
vt 0.854478 0.384073
vt 0.807236 0.066254
vt 0.815328 0.099303
vt 0.844175 0.094045
vt 0.837343 0.061514
vt 0.832179 0.186119
vt 0.835294 0.217739
vt 0.863189 0.215429
vt 0.860227 0.182834
vt 0.883938 0.427382
vt 0.884393 0.436794
vt 0.916302 0.447712
vt 0.917356 0.434407
vt 0.890203 0.179644
vt 0.893475 0.213698
vt 0.926601 0.211590
vt 0.922460 0.175971
vt 0.895502 0.248800
vt 0.895694 0.284040
vt 0.928382 0.283248
vt 0.927811 0.247540
vt 0.868243 0.056525
vt 0.874427 0.087696
vt 0.907179 0.080450
vt 0.900612 0.050191
vt 0.886988 0.385800
vt 0.883772 0.417933
vt 0.918572 0.420869
vt 0.921248 0.388218
vt 0.893741 0.318734
vt 0.890253 0.353031
vt 0.924688 0.354632
vt 0.926567 0.318881
vt 0.880331 0.116581
vt 0.885220 0.145839
vt 0.917849 0.140558
vt 0.912509 0.110299
vt 0.943526 0.246827
vt 0.944484 0.284543
vt 0.960680 0.285835
vt 0.959313 0.246208
vt 0.916522 0.041390
vt 0.922167 0.067825
vt 0.937082 0.055132
vt 0.932068 0.032023
vt 0.937120 0.392085
vt 0.934767 0.424087
vt 0.950712 0.427931
vt 0.952791 0.396260
vt 0.942133 0.322182
vt 0.941222 0.359508
vt 0.957836 0.364353
vt 0.957761 0.325437
vt 0.927147 0.100885
vt 0.933899 0.134366
vt 0.950055 0.128202
vt 0.941870 0.091425
vt 0.933011 0.435042
vt 0.931173 0.445861
vt 0.946467 0.445938
vt 0.948574 0.437036
vt 0.938078 0.171495
vt 0.943073 0.208860
vt 0.959694 0.206180
vt 0.953724 0.166958
vt 0.945679 0.033354
vt 0.954226 0.061083
vt 0.971256 0.066266
vt 0.959464 0.034419
vt 0.970854 0.391401
vt 0.970221 0.424509
vt 0.988681 0.421985
vt 0.989200 0.387693
vt 0.976391 0.321362
vt 0.976490 0.358920
vt 0.994914 0.354602
vt 0.995262 0.318260
vt 0.960135 0.097543
vt 0.970603 0.132919
vt 0.990841 0.136474
vt 0.978624 0.102220
vt 0.961985 0.440795
vt 0.956215 0.458801
vt 0.967033 0.469428
vt 0.975533 0.443776
vt 0.973284 0.170109
vt 0.979492 0.206917
vt 0.999049 0.207400
vt 0.993066 0.172257
vt 0.978418 0.245270
vt 0.980213 0.283588
vt 0.999832 0.281810
vt 0.997488 0.244607
vt 0.221849 0.467093
vt 0.236171 0.492458
vt 0.258770 0.482343
vt 0.245479 0.459446
vt 0.255959 0.515316
vt 0.278444 0.536740
vt 0.300665 0.518502
vt 0.278682 0.501540
vt 0.202949 0.414999
vt 0.210425 0.440906
vt 0.234440 0.435818
vt 0.226297 0.413301
vt 0.245399 0.409367
vt 0.254868 0.427640
vt 0.274823 0.418820
vt 0.264115 0.404990
vt 0.268177 0.448713
vt 0.283108 0.468977
vt 0.305563 0.452611
vt 0.289640 0.436181
vt 0.301627 0.486110
vt 0.321695 0.502256
vt 0.340349 0.484131
vt 0.322394 0.468845
vt 0.340216 0.514104
vt 0.360268 0.524738
vt 0.369265 0.505562
vt 0.354507 0.495231
vt 0.303325 0.554189
vt 0.331735 0.570036
vt 0.349352 0.544575
vt 0.323857 0.532911
vt 0.408319 0.534605
vt 0.380467 0.571907
vt 0.453728 0.509888
vt 0.354538 0.574439
vt 0.378059 0.542641
vt 0.384763 0.518876
vt 0.410669 0.509660
vt 0.407094 0.486530
vt 0.388231 0.496849
vt 0.448604 0.485129
vt 0.481253 0.447969
vt 0.462041 0.436067
vt 0.437104 0.465086
vt 0.212504 0.314742
vt 0.202881 0.341490
vt 0.224997 0.349817
vt 0.234855 0.325756
vt 0.255993 0.336799
vt 0.245500 0.358749
vt 0.265993 0.367262
vt 0.276929 0.347748
vt 0.241039 0.374546
vt 0.237175 0.390659
vt 0.253976 0.390864
vt 0.259890 0.378993
vt 0.199030 0.364996
vt 0.197970 0.388852
vt 0.220267 0.390066
vt 0.222045 0.369740
vt 0.377518 0.417531
vt 0.357090 0.402952
vt 0.338713 0.423395
vt 0.357321 0.438806
vt 0.336524 0.388464
vt 0.316301 0.373884
vt 0.302265 0.393239
vt 0.320265 0.408645
vt 0.417665 0.448138
vt 0.398736 0.432629
vt 0.376203 0.453526
vt 0.391729 0.470076
vt 0.373499 0.483340
vt 0.359173 0.469839
vt 0.340589 0.454417
vt 0.322927 0.438901
vt 0.305423 0.422718
vt 0.288738 0.406194
vt 0.274105 0.392757
vt 0.296589 0.360864
vt 0.283907 0.380511
vt 0.173554 0.477981
vt 0.149055 0.482011
vt 0.162968 0.512867
vt 0.187897 0.507347
vt 0.153744 0.354805
vt 0.131325 0.349547
vt 0.129655 0.379990
vt 0.152677 0.383808
vt 0.276913 0.617698
vt 0.238884 0.626903
vt 0.241412 0.633089
vt 0.279714 0.623733
vt 0.206127 0.534719
vt 0.180216 0.542016
vt 0.199661 0.568946
vt 0.226772 0.560821
vt 0.248591 0.585929
vt 0.218124 0.595116
vt 0.235775 0.620942
vt 0.270867 0.610671
vt 0.169384 0.294108
vt 0.148328 0.284840
vt 0.137174 0.319452
vt 0.158820 0.326045
vt 0.155633 0.415933
vt 0.131837 0.415597
vt 0.139375 0.449361
vt 0.162923 0.447253
vt 0.206623 0.639603
vt 0.176650 0.654179
vt 0.182025 0.664484
vt 0.209405 0.648064
vt 0.106519 0.412569
vt 0.078719 0.409247
vt 0.083956 0.447779
vt 0.112934 0.448990
vt 0.122982 0.484094
vt 0.094032 0.486383
vt 0.106559 0.522933
vt 0.136227 0.517832
vt 0.126824 0.273079
vt 0.102754 0.260080
vt 0.089171 0.297163
vt 0.114585 0.308859
vt 0.187536 0.605243
vt 0.155921 0.616646
vt 0.170768 0.643474
vt 0.203231 0.631250
vt 0.152617 0.549055
vt 0.122711 0.556280
vt 0.139128 0.588367
vt 0.170668 0.578280
vt 0.107619 0.341860
vt 0.081386 0.333313
vt 0.077236 0.369506
vt 0.104976 0.375006
vt 0.080013 0.488919
vt 0.065910 0.491816
vt 0.079259 0.532319
vt 0.092934 0.527451
vt 0.092070 0.248327
vt 0.081181 0.236442
vt 0.069181 0.265718
vt 0.079289 0.281355
vt 0.142884 0.624632
vt 0.130397 0.633011
vt 0.144473 0.660420
vt 0.157311 0.651750
vt 0.110112 0.562887
vt 0.097541 0.569760
vt 0.113143 0.605816
vt 0.126080 0.596921
vt 0.069270 0.323048
vt 0.056951 0.312898
vt 0.047391 0.360321
vt 0.062460 0.364743
vt 0.163065 0.660672
vt 0.150032 0.668052
vt 0.155669 0.675689
vt 0.169107 0.669201
vt 0.064139 0.407107
vt 0.049331 0.405258
vt 0.053252 0.449063
vt 0.068702 0.448194
vt 0.067148 0.238823
vt 0.053076 0.240848
vt 0.032337 0.284372
vt 0.050692 0.275309
vt 0.112532 0.634180
vt 0.095228 0.636622
vt 0.108256 0.667612
vt 0.125485 0.663688
vt 0.079597 0.570830
vt 0.062045 0.573216
vt 0.076559 0.607755
vt 0.094429 0.606171
vt 0.040093 0.321627
vt 0.023018 0.329572
vt 0.013918 0.372828
vt 0.030730 0.366752
vt 0.138961 0.675144
vt 0.128013 0.682550
vt 0.144175 0.698378
vt 0.150280 0.688425
vt 0.033361 0.410766
vt 0.016959 0.416137
vt 0.019463 0.458315
vt 0.036398 0.453502
vt 0.049081 0.494988
vt 0.032285 0.498951
vt 0.043633 0.538367
vt 0.061329 0.534857
vt 0.010346 0.416269
vt 0.007048 0.372223
vt 0.436507 0.559518
vt 0.430777 0.558385
vt 0.330131 0.610579
vt 0.334068 0.611753
vt 0.089264 0.640889
vt 0.070589 0.611840
vt 0.285672 0.627428
vt 0.249904 0.638660
vt 0.122126 0.686852
vt 0.101922 0.672094
vt 0.047599 0.236731
vt 0.075122 0.196357
vt 0.069151 0.192657
vt 0.153397 0.696706
vt 0.141038 0.704382
vt 0.017044 0.327258
vt 0.026947 0.280044
vt 0.171521 0.675061
vt 0.159326 0.682404
vt 0.215527 0.652798
vt 0.185514 0.669433
vt 0.025995 0.501003
vt 0.012744 0.459469
vt 0.056210 0.576853
vt 0.037447 0.541365
vt 0.050786 0.750870
vt 0.055208 0.744307
vt 0.048270 0.741289
vt 0.044316 0.742932
vt 0.044278 0.757196
vt 0.050776 0.712146
vt 0.044288 0.710800
vt 0.044678 0.719345
vt 0.050805 0.721278
vt 0.055819 0.713677
vt 0.057294 0.722136
vt 0.050805 0.736631
vt 0.057294 0.737450
vt 0.077173 0.716892
vt 0.074660 0.726473
vt 0.081597 0.723454
vt 0.070663 0.710568
vt 0.070706 0.724832
vt 0.077181 0.755608
vt 0.077197 0.746478
vt 0.071076 0.748415
vt 0.070687 0.756959
vt 0.082159 0.753961
vt 0.083686 0.745634
vt 0.083686 0.730312
vt 0.077197 0.731130
vt 0.086575 0.731709
vt 0.084261 0.731353
vt 0.084416 0.735840
vt 0.086806 0.735809
vt 0.028560 0.724012
vt 0.026781 0.725564
vt 0.028702 0.732393
vt 0.030885 0.731481
vt 0.030885 0.747133
vt 0.028594 0.747718
vt 0.026548 0.755833
vt 0.028284 0.756918
vt 0.021844 0.757796
vt 0.022569 0.760035
vt 0.086402 0.711306
vt 0.084169 0.710568
vt 0.084019 0.725894
vt 0.086263 0.726577
vt 0.015552 0.759247
vt 0.015879 0.761550
vt 0.015836 0.710568
vt 0.016022 0.713079
vt 0.022586 0.718984
vt 0.024019 0.716958
vt 0.092308 0.717619
vt 0.089951 0.717560
vt 0.089716 0.724023
vt 0.092057 0.723990
vt 0.779935 0.687471
vt 0.780340 0.656671
vt 0.751633 0.658814
vt 0.750452 0.687754
vt 0.776374 0.626130
vt 0.771276 0.595336
vt 0.741390 0.601757
vt 0.746861 0.630282
vt 0.775192 0.746878
vt 0.778296 0.718065
vt 0.748788 0.716601
vt 0.746222 0.743684
vt 0.721783 0.741968
vt 0.721248 0.718191
vt 0.693479 0.719246
vt 0.697270 0.739809
vt 0.720175 0.689855
vt 0.719384 0.661651
vt 0.687301 0.664944
vt 0.689885 0.692123
vt 0.716359 0.633700
vt 0.713349 0.605494
vt 0.685305 0.610248
vt 0.685874 0.637632
vt 0.710064 0.581863
vt 0.706371 0.558043
vt 0.686400 0.568426
vt 0.685662 0.589342
vt 0.763792 0.565802
vt 0.754242 0.535845
vt 0.726933 0.548306
vt 0.734727 0.574954
vt 0.695731 0.514375
vt 0.735354 0.502257
vt 0.669692 0.491553
vt 0.746434 0.518258
vt 0.712218 0.531007
vt 0.690798 0.545052
vt 0.674438 0.532389
vt 0.654651 0.552002
vt 0.670597 0.560134
vt 0.648126 0.513887
vt 0.621092 0.495980
vt 0.600846 0.523921
vt 0.628107 0.538322
vt 0.742960 0.857309
vt 0.755896 0.826296
vt 0.725588 0.816580
vt 0.709427 0.844585
vt 0.680295 0.826146
vt 0.699760 0.801604
vt 0.675272 0.784195
vt 0.653152 0.804165
vt 0.711258 0.783651
vt 0.722515 0.765927
vt 0.701741 0.760284
vt 0.688534 0.772212
vt 0.763838 0.800952
vt 0.771317 0.775802
vt 0.743484 0.770830
vt 0.734563 0.793641
vt 0.599806 0.637809
vt 0.599834 0.674031
vt 0.633874 0.670508
vt 0.633038 0.639111
vt 0.605849 0.710054
vt 0.616351 0.745243
vt 0.645749 0.732260
vt 0.638075 0.701658
vt 0.614269 0.569366
vt 0.603758 0.601848
vt 0.635406 0.607901
vt 0.643934 0.579482
vt 0.664950 0.584449
vt 0.660428 0.608907
vt 0.659648 0.638356
vt 0.660479 0.667696
vt 0.664180 0.696870
vt 0.669698 0.725893
vt 0.678402 0.749271
vt 0.632963 0.775752
vt 0.659252 0.758911
vt 0.837413 0.688175
vt 0.865573 0.689215
vt 0.865835 0.654495
vt 0.837504 0.654637
vt 0.821758 0.812201
vt 0.850279 0.817000
vt 0.855294 0.788600
vt 0.827220 0.784426
vt 0.817375 0.512332
vt 0.850087 0.516833
vt 0.850230 0.511149
vt 0.818888 0.504082
vt 0.834411 0.621708
vt 0.863076 0.620902
vt 0.858542 0.587702
vt 0.829676 0.588617
vt 0.823915 0.555547
vt 0.854478 0.555097
vt 0.850220 0.522534
vt 0.817102 0.522101
vt 0.807236 0.872917
vt 0.837343 0.877657
vt 0.844175 0.845125
vt 0.815328 0.839867
vt 0.832180 0.753052
vt 0.860227 0.756336
vt 0.863190 0.723741
vt 0.835295 0.721431
vt 0.883941 0.511786
vt 0.917363 0.504760
vt 0.916312 0.491455
vt 0.884397 0.502373
vt 0.890203 0.759527
vt 0.922461 0.763200
vt 0.926601 0.727581
vt 0.893476 0.725473
vt 0.895502 0.690371
vt 0.927812 0.691631
vt 0.928382 0.655923
vt 0.895695 0.655130
vt 0.868243 0.882646
vt 0.900612 0.888979
vt 0.907179 0.858721
vt 0.874427 0.851475
vt 0.886987 0.553369
vt 0.921245 0.550954
vt 0.918574 0.518299
vt 0.883774 0.521235
vt 0.893741 0.620437
vt 0.926567 0.620290
vt 0.924687 0.584540
vt 0.890252 0.586139
vt 0.880331 0.822589
vt 0.912509 0.828872
vt 0.917850 0.798613
vt 0.885220 0.793331
vt 0.943526 0.692343
vt 0.959314 0.692963
vt 0.960681 0.653336
vt 0.944485 0.654628
vt 0.916522 0.897780
vt 0.932068 0.907148
vt 0.937082 0.884039
vt 0.922167 0.871346
vt 0.937114 0.547091
vt 0.952782 0.542922
vt 0.950706 0.511247
vt 0.934768 0.515084
vt 0.942134 0.616990
vt 0.957763 0.613734
vt 0.957836 0.574820
vt 0.941222 0.579665
vt 0.927147 0.838286
vt 0.941870 0.847746
vt 0.950055 0.810969
vt 0.933899 0.804804
vt 0.933023 0.504126
vt 0.948594 0.502138
vt 0.946502 0.493234
vt 0.931190 0.493306
vt 0.938079 0.767676
vt 0.953725 0.772213
vt 0.959694 0.732990
vt 0.943074 0.730311
vt 0.945678 0.905817
vt 0.959464 0.904752
vt 0.971256 0.872905
vt 0.954226 0.878088
vt 0.970853 0.547772
vt 0.989206 0.551469
vt 0.989390 0.517073
vt 0.970170 0.514704
vt 0.976393 0.617808
vt 0.995264 0.620910
vt 0.994917 0.584568
vt 0.976493 0.580249
vt 0.960135 0.841628
vt 0.978624 0.836951
vt 0.990841 0.802697
vt 0.970603 0.806252
vt 0.962033 0.498392
vt 0.975623 0.495436
vt 0.967102 0.469762
vt 0.956283 0.480389
vt 0.973284 0.769062
vt 0.993067 0.766914
vt 0.999050 0.731771
vt 0.979493 0.732254
vt 0.978419 0.693901
vt 0.997488 0.694565
vt 0.999833 0.657361
vt 0.980214 0.655582
vt 0.382870 0.207186
vt 0.386544 0.231749
vt 0.412965 0.233454
vt 0.411959 0.208716
vt 0.441236 0.216257
vt 0.439019 0.242736
vt 0.463996 0.254867
vt 0.470432 0.226849
vt 0.327810 0.213459
vt 0.336686 0.235120
vt 0.360473 0.232386
vt 0.354336 0.208617
vt 0.341669 0.253976
vt 0.346083 0.272684
vt 0.363235 0.276113
vt 0.362247 0.254318
vt 0.387041 0.256852
vt 0.385377 0.281650
vt 0.407178 0.288592
vt 0.411833 0.261198
vt 0.435420 0.270151
vt 0.429208 0.296434
vt 0.450891 0.305704
vt 0.458814 0.280930
vt 0.477669 0.292239
vt 0.467134 0.313438
vt 0.482955 0.322052
vt 0.496119 0.305457
vt 0.497135 0.241358
vt 0.487224 0.269217
vt 0.509021 0.286851
vt 0.523974 0.259740
vt 0.526350 0.344088
vt 0.524438 0.395752
vt 0.547348 0.302540
vt 0.538070 0.278197
vt 0.520072 0.313415
vt 0.501778 0.330000
vt 0.483599 0.342914
vt 0.482759 0.364398
vt 0.505061 0.357300
vt 0.499988 0.402189
vt 0.476920 0.400817
vt 0.242295 0.266655
vt 0.262109 0.281765
vt 0.279263 0.262224
vt 0.261960 0.246129
vt 0.281409 0.295774
vt 0.300535 0.309646
vt 0.313138 0.291164
vt 0.296391 0.276606
vt 0.308549 0.265577
vt 0.320924 0.280476
vt 0.328920 0.269894
vt 0.321256 0.254943
vt 0.281293 0.232214
vt 0.295788 0.250709
vt 0.313197 0.240067
vt 0.302181 0.220643
vt 0.407808 0.368640
vt 0.417864 0.341083
vt 0.395779 0.331283
vt 0.385658 0.356840
vt 0.363528 0.344877
vt 0.374358 0.321332
vt 0.352549 0.312075
vt 0.341468 0.333261
vt 0.453090 0.390959
vt 0.461185 0.357967
vt 0.439452 0.351434
vt 0.430775 0.380915
vt 0.464943 0.335738
vt 0.446475 0.328923
vt 0.424392 0.319149
vt 0.402635 0.310244
vt 0.380350 0.301777
vt 0.358125 0.294195
vt 0.339578 0.287076
vt 0.321032 0.321408
vt 0.332978 0.301305
vt 0.371115 0.159095
vt 0.403796 0.158862
vt 0.397638 0.134082
vt 0.363816 0.135363
vt 0.252004 0.196202
vt 0.277498 0.182333
vt 0.263828 0.163419
vt 0.237314 0.178470
vt 0.542241 0.189429
vt 0.548891 0.189250
vt 0.540215 0.150787
vt 0.533550 0.151279
vt 0.436421 0.162998
vt 0.468986 0.169862
vt 0.464189 0.141970
vt 0.431417 0.136549
vt 0.501183 0.178218
vt 0.533256 0.187145
vt 0.526828 0.151151
vt 0.495842 0.146850
vt 0.204620 0.237234
vt 0.228512 0.213553
vt 0.212971 0.197107
vt 0.186946 0.222506
vt 0.307578 0.170675
vt 0.338868 0.163258
vt 0.330270 0.141233
vt 0.296682 0.149517
vt 0.530557 0.116736
vt 0.539372 0.115456
vt 0.541873 0.083617
vt 0.530253 0.083406
vt 0.282698 0.128196
vt 0.318166 0.117723
vt 0.304180 0.092315
vt 0.267346 0.104783
vt 0.354072 0.111089
vt 0.390178 0.107927
vt 0.381537 0.079090
vt 0.343232 0.084148
vt 0.166840 0.208489
vt 0.193428 0.181598
vt 0.171640 0.164050
vt 0.144484 0.192724
vt 0.491288 0.114956
vt 0.521566 0.117422
vt 0.518048 0.082920
vt 0.487414 0.081578
vt 0.425431 0.108702
vt 0.459634 0.111855
vt 0.454620 0.079123
vt 0.418586 0.078705
vt 0.219875 0.160666
vt 0.248378 0.143541
vt 0.231101 0.121151
vt 0.200542 0.140982
vt 0.339262 0.070466
vt 0.379517 0.064878
vt 0.377789 0.050465
vt 0.335577 0.056547
vt 0.129203 0.188391
vt 0.153085 0.162240
vt 0.134583 0.160152
vt 0.113712 0.183932
vt 0.488752 0.066356
vt 0.519455 0.067196
vt 0.521491 0.051863
vt 0.490684 0.051452
vt 0.418894 0.064481
vt 0.456471 0.063629
vt 0.458680 0.048083
vt 0.419456 0.050163
vt 0.185956 0.134705
vt 0.220257 0.110042
vt 0.209589 0.098517
vt 0.171382 0.128194
vt 0.530007 0.068353
vt 0.540335 0.069944
vt 0.540133 0.055011
vt 0.530793 0.053392
vt 0.258938 0.092681
vt 0.297760 0.078472
vt 0.291659 0.064250
vt 0.250690 0.080245
vt 0.109596 0.170308
vt 0.134938 0.139326
vt 0.134880 0.118856
vt 0.105143 0.156806
vt 0.483803 0.034916
vt 0.515930 0.033507
vt 0.511873 0.015628
vt 0.478355 0.018290
vt 0.412427 0.033620
vt 0.450686 0.031158
vt 0.444145 0.014459
vt 0.406750 0.016843
vt 0.171692 0.109211
vt 0.207929 0.080735
vt 0.205883 0.062977
vt 0.171203 0.090386
vt 0.532183 0.040286
vt 0.549096 0.044474
vt 0.555270 0.034562
vt 0.533869 0.027110
vt 0.248511 0.063493
vt 0.288130 0.047183
vt 0.284899 0.029876
vt 0.246017 0.046415
vt 0.330925 0.040066
vt 0.372079 0.033280
vt 0.367344 0.015873
vt 0.326995 0.023263
vt 0.243190 0.040435
vt 0.202283 0.057095
vt 0.561208 0.358234
vt 0.562366 0.243252
vt 0.559562 0.240250
vt 0.557643 0.353608
vt 0.479484 0.011030
vt 0.445141 0.007296
vt 0.554853 0.192939
vt 0.548984 0.155910
vt 0.535132 0.019908
vt 0.513067 0.007978
vt 0.099018 0.153735
vt 0.557890 0.043567
vt 0.559247 0.029082
vt 0.166472 0.086066
vt 0.128605 0.115957
vt 0.546655 0.069485
vt 0.547767 0.055274
vt 0.546336 0.118829
vt 0.547859 0.084533
vt 0.326032 0.016717
vt 0.282940 0.023346
vt 0.407408 0.009999
vt 0.367274 0.008999
vt 0.037812 0.749219
vt 0.040367 0.740295
vt 0.033429 0.741564
vt 0.037688 0.710568
vt 0.037731 0.719672
vt 0.033179 0.710965
vt 0.031219 0.718976
vt 0.031352 0.734231
vt 0.037838 0.735004
vt 0.064200 0.718546
vt 0.059818 0.726202
vt 0.066757 0.727469
vt 0.064079 0.757187
vt 0.064133 0.748089
vt 0.059635 0.756678
vt 0.057628 0.748807
vt 0.064229 0.732761
vt 0.057742 0.733539
vt 0.086527 0.740373
vt 0.084226 0.740796
vt 0.003028 0.726502
vt 0.000572 0.734364
vt 0.002734 0.735317
vt 0.004836 0.728009
vt 0.000167 0.750001
vt 0.003284 0.759609
vt 0.004886 0.758315
vt 0.002461 0.750582
vt 0.008982 0.761615
vt 0.009111 0.759273
vt 0.087140 0.711270
vt 0.087140 0.726596
vt 0.089382 0.725894
vt 0.089382 0.710568
vt 0.086285 0.746119
vt 0.084019 0.746718
vt 0.007690 0.718536
vt 0.009251 0.720423
vt 0.092054 0.710717
vt 0.089716 0.710568
vt 0.408148 0.003124
vt 0.367311 0.002122
vt 0.446263 0.000167
vt 0.325136 0.010123
vt 0.281032 0.016794
vt 0.553304 0.121823
vt 0.553989 0.085364
vt 0.557580 0.160084
vt 0.552871 0.069157
vt 0.554892 0.055624
vt 0.161803 0.081638
vt 0.122385 0.112977
vt 0.198736 0.051173
vt 0.565143 0.041543
vt 0.562591 0.022662
vt 0.092909 0.150544
vt 0.063173 0.188953
vt 0.536271 0.012792
vt 0.514359 0.000434
vt 0.560733 0.195786
vt 0.565143 0.246323
vt 0.480610 0.003755
vt 0.564862 0.362812
vt 0.514416 0.468515
vt 0.508809 0.465041
vt 0.503188 0.461559
vt 0.240401 0.034386
vt 0.094102 0.208115
vt 0.084649 0.202259
vt 0.120910 0.224724
vt 0.107639 0.216502
vt 0.164771 0.251898
vt 0.144261 0.239191
vt 0.318103 0.191587
vt 0.346744 0.185169
vt 0.290585 0.201211
vt 0.222251 0.251574
vt 0.243814 0.229693
vt 0.204166 0.276304
vt 0.184651 0.264214
vt 0.503407 0.210216
vt 0.534720 0.227152
vt 0.471506 0.197698
vt 0.440112 0.189109
vt 0.408708 0.183422
vt 0.549906 0.235674
vt 0.266321 0.213762
vt 0.377406 0.182546
vt 0.329410 0.353898
vt 0.308933 0.341212
vt 0.288485 0.328544
vt 0.439325 0.421994
vt 0.416637 0.407938
vt 0.372447 0.380561
vt 0.350865 0.367190
vt 0.394685 0.394338
vt 0.267749 0.315697
vt 0.247327 0.303044
vt 0.225444 0.289487
vt 0.938954 0.934571
vt 0.950404 0.939004
vt 0.927619 0.929974
vt 0.911151 0.923838
vt 0.894781 0.918252
vt 0.862728 0.913423
vt 0.831368 0.910391
vt 0.799499 0.779878
vt 0.804367 0.749691
vt 0.807764 0.719230
vt 0.800191 0.906253
vt 0.767918 0.900381
vt 0.776874 0.866751
vt 0.786845 0.833496
vt 0.801245 0.591015
vt 0.793850 0.558465
vt 0.784251 0.526033
vt 0.809504 0.655222
vt 0.806181 0.623169
vt 0.784093 0.511536
vt 0.783916 0.497570
vt 0.793495 0.806765
vt 0.809521 0.687486
vt 0.605771 0.793386
vt 0.630558 0.824895
vt 0.586559 0.758147
vt 0.583834 0.558230
vt 0.571794 0.595538
vt 0.573209 0.718664
vt 0.565476 0.677818
vt 0.565476 0.636177
vt 0.693692 0.873180
vt 0.660433 0.851772
vt 0.730549 0.889387
vt 0.641912 0.470216
vt 0.708933 0.475894
vt 0.064707 0.616025
vt 0.050383 0.580577
vt 0.031305 0.544461
vt 0.019692 0.503137
vt 0.006028 0.460678
vt 0.257469 0.644499
vt 0.221311 0.657703
vt 0.188990 0.674549
vt 0.174007 0.680768
vt 0.162831 0.688622
vt 0.000167 0.371684
vt 0.011001 0.325050
vt 0.021509 0.275802
vt 0.154830 0.704101
vt 0.136773 0.710234
vt 0.042022 0.232682
vt 0.116249 0.691006
vt 0.095743 0.676616
vt 0.338053 0.612872
vt 0.290839 0.631427
vt 0.083280 0.645163
vt 0.442233 0.560751
vt 0.003688 0.416465
vt 0.175408 0.387121
vt 0.179043 0.416046
vt 0.186050 0.444549
vt 0.190075 0.303509
vt 0.180085 0.332560
vt 0.252820 0.550683
vt 0.278233 0.573672
vt 0.307341 0.594168
vt 0.212075 0.500810
vt 0.231150 0.526397
vt 0.321734 0.603971
vt 0.175842 0.359806
vt 0.197353 0.473172
vt 0.927619 0.009197
vt 0.938954 0.004600
vt 0.950405 0.000167
vt 0.894781 0.020919
vt 0.911151 0.015332
vt 0.831368 0.028779
vt 0.862729 0.025748
vt 0.804367 0.189479
vt 0.807764 0.219940
vt 0.799499 0.159293
vt 0.776874 0.072419
vt 0.786845 0.105674
vt 0.767918 0.038790
vt 0.800191 0.032917
vt 0.793850 0.380705
vt 0.784250 0.413137
vt 0.801244 0.348155
vt 0.806180 0.316002
vt 0.809503 0.283948
vt 0.784093 0.427634
vt 0.783916 0.441600
vt 0.793495 0.132405
vt 0.809521 0.251685
vt 0.586559 0.181023
vt 0.605772 0.145784
vt 0.630558 0.114276
vt 0.583834 0.380939
vt 0.571793 0.343632
vt 0.565476 0.261352
vt 0.573209 0.220506
vt 0.565476 0.302993
vt 0.660433 0.087399
vt 0.693693 0.065990
vt 0.730549 0.049783
vt 0.641912 0.468954
vt 0.708932 0.463276
s 1
f 966/1/1 291/2/1 17/3/1 292/4/1
f 965/5/2 294/6/2 19/7/2 295/8/2
f 964/9/3 297/10/3 15/11/3 289/12/3
f 963/13/4 279/14/4 5/15/4 298/16/4
f 962/17/5 280/18/5 6/19/5 299/20/5
f 961/21/6 281/22/6 7/23/6 300/24/6
f 960/25/7 282/26/7 2/27/7 283/28/7
f 959/29/8 301/30/8 8/31/8 284/32/8
f 21/33/9 304/34/9 303/35/9
f 958/36/10 307/37/10 21/33/10 303/35/10
f 957/38/11 285/39/11 10/40/11 308/41/11
f 956/42/12 286/43/13 11/44/14 309/45/15
f 955/46/16 312/47/17 26/48/18 313/49/19
f 954/50/20 287/51/21 13/52/22 315/53/23
f 953/54/24 288/55/25 1/56/26 278/57/27
f 952/58/28 316/59/29 4/60/30 277/61/31
f 951/62/32 320/63/33 30/64/34 321/65/35
f 950/66/36 323/67/37 32/68/38 324/69/39
f 949/70/40 326/71/41 28/72/42 318/73/43
f 948/74/44 282/26/45 7/23/46 327/75/46
f 947/76/47 281/22/48 6/19/49 328/77/50
f 946/78/51 280/18/52 5/15/53 329/79/54
f 945/80/55 279/14/56 1/56/57 288/55/58
f 944/81/59 330/82/60 13/52/61 287/51/62
f 943/83/63 339/84/63 36/85/63 332/86/63
f 942/87/64 341/88/64 33/89/64 338/90/64
f 941/91/65 343/92/65 38/93/65 336/94/65
f 940/95/66 345/96/66 37/97/66 333/98/66
f 939/99/67 344/100/67 34/101/67 335/102/67
f 938/103/68 342/104/69 40/105/70 337/106/71
f 937/107/72 340/108/72 35/109/72 334/110/72
f 936/111/73 354/112/73 46/113/73 351/114/73
f 935/115/74 356/116/74 43/117/74 349/118/74
f 934/119/75 358/120/76 44/121/76 347/122/77
f 933/123/78 359/124/79 48/125/79 352/126/80
f 932/127/81 355/128/81 42/129/81 350/130/81
f 931/131/82 361/132/82 45/133/82 348/134/82
f 930/135/83 357/136/84 41/137/84 353/138/85
f 929/139/86 369/140/87 52/141/88 362/142/88
f 928/143/89 371/144/89 56/145/89 367/146/89
f 927/147/90 373/148/90 50/149/90 365/150/90
f 926/151/91 374/152/91 53/153/91 363/154/91
f 925/155/92 375/156/92 49/157/92 368/158/92
f 924/159/93 376/160/94 54/161/95 366/162/96
f 923/163/97 370/164/98 51/165/99 364/166/99
f 922/167/100 384/168/100 64/169/100 382/170/100
f 921/171/101 386/172/101 58/173/101 380/174/101
f 920/175/102 387/176/102 61/177/102 378/178/102
f 919/179/103 389/180/104 57/181/105 383/182/106
f 918/183/107 390/184/107 62/185/107 381/186/107
f 917/187/108 391/188/109 59/189/110 379/190/111
f 916/191/112 388/192/113 60/193/114 377/194/115
f 915/195/116 407/196/116 81/197/116 406/198/116
f 914/199/117 410/200/117 83/201/117 409/202/117
f 913/203/118 404/204/118 79/205/118 412/206/118
f 912/207/119 413/208/119 69/209/119 394/210/119
f 911/211/120 414/212/120 70/213/120 395/214/120
f 910/215/121 415/216/121 71/217/121 396/218/121
f 909/219/122 398/220/122 66/221/122 397/222/122
f 908/223/123 399/224/123 72/225/123 416/226/123
f 85/227/124 418/228/124 419/229/124
f 907/230/125 418/228/125 85/227/125 422/231/125
f 906/232/126 423/233/127 74/234/128 400/235/128
f 905/236/129 424/237/130 75/238/131 401/239/131
f 904/240/132 428/241/133 90/242/134 427/243/135
f 903/244/136 430/245/137 77/246/138 402/247/139
f 902/248/140 393/249/141 65/250/142 403/251/143
f 901/252/144 392/253/144 68/254/144 431/255/144
f 900/256/145 436/257/146 94/258/147 435/259/148
f 899/260/149 439/261/150 96/262/151 438/263/152
f 898/264/153 433/265/154 92/266/155 441/267/156
f 897/268/157 442/269/158 71/217/159 397/222/159
f 896/270/160 443/271/161 70/213/162 396/218/163
f 895/272/164 444/273/165 69/209/166 395/214/167
f 894/274/168 403/251/169 65/250/170 394/210/171
f 893/275/172 402/247/173 77/246/174 445/276/175
f 892/277/176 447/278/176 100/279/176 454/280/176
f 891/281/177 453/282/177 97/283/177 456/284/177
f 890/285/178 451/286/178 102/287/178 458/288/178
f 889/289/179 448/290/179 101/291/179 460/292/179
f 888/293/180 450/294/180 98/295/180 459/296/180
f 887/297/181 452/298/181 104/299/181 457/300/181
f 886/301/182 449/302/182 99/303/182 455/304/182
f 885/305/183 466/306/183 110/307/183 469/308/183
f 884/309/184 464/310/184 107/311/184 471/312/184
f 883/313/185 462/314/185 108/315/185 473/316/185
f 882/317/186 467/318/187 112/319/188 474/320/188
f 881/321/189 465/322/189 106/323/189 470/324/189
f 880/325/190 463/326/190 109/327/190 476/328/190
f 879/329/191 468/330/192 105/331/193 472/332/193
f 878/333/194 477/334/194 116/335/194 484/336/194
f 877/337/195 482/338/195 120/339/195 486/340/195
f 876/341/196 480/342/196 114/343/196 488/344/196
f 875/345/197 478/346/197 117/347/197 489/348/197
f 874/349/198 483/350/198 113/351/198 490/352/198
f 873/353/199 481/354/200 118/355/201 491/356/202
f 872/357/203 479/358/204 115/359/205 485/360/206
f 871/361/207 497/362/207 128/363/207 499/364/207
f 870/365/208 495/366/208 122/367/208 501/368/208
f 869/369/209 493/370/209 125/371/209 502/372/209
f 868/373/210 498/374/211 121/375/212 504/376/213
f 867/377/214 496/378/214 126/379/214 505/380/214
f 866/381/215 494/382/216 123/383/217 506/384/218
f 865/385/219 492/386/220 124/387/221 503/388/222
f 864/389/223 494/382/223 121/375/223 507/390/223
f 863/391/224 420/392/225 84/393/225 509/394/226
f 862/395/227 495/366/227 125/371/227 511/396/227
f 861/397/228 458/288/228 102/287/228 513/398/228
f 860/399/229 496/378/230 122/367/230 512/400/231
f 859/401/232 497/362/233 127/402/233 515/403/234
f 858/404/235 505/380/235 126/379/235 514/405/235
f 857/406/236 498/374/237 128/363/238 516/407/239
f 856/408/240 491/356/240 118/355/240 517/409/240
f 855/410/241 469/308/242 110/307/242 518/411/243
f 854/412/244 492/386/245 123/383/246 508/413/247
f 853/414/248 493/370/248 124/387/248 519/415/248
f 131/416/249 134/417/250 139/418/251
f 139/418/251 141/419/252 133/420/253 131/416/249
f 130/421/254 132/422/254 140/423/254 137/424/254
f 129/425/255 130/421/255 137/424/255 136/426/255
f 136/426/256 137/424/256 138/427/257 135/428/258
f 135/428/258 138/427/257 139/418/251 134/417/250
f 144/429/259 152/430/260 147/431/261
f 152/430/260 144/429/259 146/432/262 154/433/263
f 143/434/264 150/435/264 153/436/264 145/437/264
f 142/438/265 149/439/265 150/435/265 143/434/265
f 149/439/266 148/440/267 151/441/268 150/435/266
f 148/440/267 147/431/261 152/430/260 151/441/268
f 139/442/269 152/443/269 154/444/269 141/445/269
f 134/446/270 147/447/270 148/448/270 135/449/270
f 136/450/271 149/451/271 142/452/271 129/453/271
f 135/449/272 148/448/272 149/451/272 136/450/272
f 129/453/273 142/452/273 143/454/273 130/455/273
f 137/456/274 150/457/274 151/458/274 138/459/274
f 130/455/275 143/454/275 145/460/275 132/461/275
f 138/459/276 151/458/276 152/443/276 139/442/276
f 133/462/277 146/463/277 144/464/277 131/465/277
f 140/466/278 153/467/278 150/468/278 137/469/278
f 131/465/279 144/464/279 147/447/279 134/446/279
f 852/470/280 535/471/280 169/472/280 534/473/280
f 851/474/281 538/475/281 171/476/281 537/477/281
f 850/478/282 532/479/282 167/480/282 540/481/282
f 849/482/283 541/483/283 159/484/283 522/485/283
f 848/486/284 542/487/284 160/488/284 523/489/284
f 847/490/285 543/491/285 161/492/285 524/493/285
f 846/494/286 526/495/286 156/496/286 525/497/286
f 845/498/287 527/499/287 162/500/287 544/501/287
f 173/502/288 546/503/288 547/504/288
f 844/505/289 546/503/289 173/502/289 550/506/289
f 843/507/290 551/508/290 164/509/290 528/510/290
f 842/511/291 309/512/292 11/513/293 529/514/294
f 841/515/295 554/516/296 175/517/297 553/518/298
f 840/519/299 555/520/300 165/521/301 530/522/302
f 839/523/303 521/524/304 155/525/305 531/526/306
f 838/527/307 520/528/308 158/529/309 556/530/310
f 837/531/311 560/532/312 177/533/313 559/534/314
f 836/535/315 562/536/316 178/537/317 561/538/318
f 835/539/319 558/540/320 176/541/321 563/542/322
f 834/543/323 564/544/324 161/492/325 525/497/325
f 833/545/326 565/546/327 160/488/328 524/493/329
f 832/547/330 566/548/331 159/484/332 523/489/333
f 831/549/334 531/526/335 155/525/336 522/485/337
f 830/550/338 530/522/339 165/521/340 567/551/341
f 829/552/342 568/553/342 182/554/342 575/555/342
f 828/556/343 574/557/343 179/558/343 577/559/343
f 827/560/344 572/561/344 184/562/344 579/563/344
f 826/564/345 569/565/345 183/566/345 581/567/345
f 825/568/346 571/569/346 180/570/346 580/571/346
f 824/572/347 573/573/348 185/574/349 578/575/350
f 823/576/351 570/577/351 181/578/351 576/579/351
f 822/580/352 586/581/352 191/582/352 589/583/352
f 821/584/353 584/585/353 188/586/353 591/587/353
f 820/588/354 582/589/355 189/590/356 593/591/356
f 819/592/357 587/593/358 192/594/359 594/595/359
f 818/596/360 585/597/360 187/598/360 590/599/360
f 817/600/361 583/601/361 190/602/361 595/603/361
f 816/604/362 588/605/363 186/606/364 592/607/364
f 815/608/365 596/609/366 196/610/366 603/611/367
f 814/612/368 601/613/368 199/614/368 605/615/368
f 813/616/369 599/617/369 194/618/369 606/619/369
f 812/620/370 597/621/370 197/622/370 607/623/370
f 811/624/371 602/625/371 193/626/371 608/627/371
f 810/628/372 600/629/373 198/630/374 609/631/375
f 809/632/376 598/633/377 195/634/377 604/635/378
f 808/636/379 615/637/379 206/638/379 617/639/379
f 807/640/380 613/641/380 201/642/380 618/643/380
f 806/644/381 611/645/381 204/646/381 619/647/381
f 805/648/382 616/649/383 200/650/384 621/651/385
f 804/652/386 614/653/386 205/654/386 622/655/386
f 803/656/387 612/657/388 202/658/389 623/659/390
f 802/660/391 610/661/392 203/662/393 620/663/394
f 801/664/395 638/665/395 221/666/395 639/667/395
f 800/668/396 641/669/396 223/670/396 642/671/396
f 799/672/397 644/673/397 219/674/397 636/675/397
f 798/676/398 626/677/398 211/678/398 645/679/398
f 797/680/399 627/681/399 212/682/399 646/683/399
f 796/684/400 628/685/400 213/686/400 647/687/400
f 795/688/401 629/689/401 208/690/401 630/691/401
f 794/692/402 648/693/402 214/694/402 631/695/402
f 225/696/403 651/697/403 650/698/403
f 793/699/404 654/700/404 225/696/404 650/698/404
f 792/701/405 632/702/406 216/703/407 655/704/407
f 791/705/408 633/706/409 75/238/410 424/237/410
f 790/707/411 657/708/412 227/709/413 658/710/414
f 789/711/415 634/712/416 217/713/417 659/714/418
f 788/715/419 635/716/420 207/717/421 625/718/422
f 787/719/423 660/720/423 210/721/423 624/722/423
f 786/723/424 663/724/425 229/725/426 664/726/427
f 785/727/428 665/728/429 230/729/430 666/730/431
f 784/731/432 667/732/433 228/733/434 662/734/435
f 783/735/436 629/689/437 213/686/438 668/736/438
f 782/737/439 628/685/440 212/682/441 669/738/442
f 781/739/443 627/681/444 211/678/445 670/740/446
f 780/741/447 626/677/448 207/717/449 635/716/450
f 779/742/451 671/743/452 217/713/453 634/712/454
f 778/744/455 679/745/455 234/746/455 672/747/455
f 777/748/456 681/749/456 231/750/456 678/751/456
f 776/752/457 683/753/457 236/754/457 676/755/457
f 775/756/458 685/757/458 235/758/458 673/759/458
f 774/760/459 684/761/459 232/762/459 675/763/459
f 773/764/460 682/765/460 237/766/460 677/767/460
f 772/768/461 680/769/461 233/770/461 674/771/461
f 771/772/462 693/773/462 243/774/462 690/775/462
f 770/776/463 695/777/463 240/778/463 688/779/463
f 769/780/464 697/781/464 241/782/464 686/783/464
f 768/784/465 698/785/466 244/786/466 691/787/467
f 767/788/468 694/789/468 239/790/468 689/791/468
f 766/792/469 699/793/469 242/794/469 687/795/469
f 765/796/470 696/797/471 238/798/471 692/799/472
f 764/800/473 707/801/473 248/802/473 700/803/473
f 763/804/474 709/805/474 251/806/474 705/807/474
f 762/808/475 710/809/475 246/810/475 703/811/475
f 761/812/476 711/813/476 249/814/476 701/815/476
f 760/816/477 712/817/477 245/818/477 706/819/477
f 759/820/478 713/821/479 250/822/480 704/823/481
f 758/824/482 708/825/483 247/826/484 702/827/485
f 757/828/486 721/829/486 258/830/486 719/831/486
f 756/832/487 722/833/487 253/834/487 717/835/487
f 755/836/488 723/837/488 256/838/488 715/839/488
f 754/840/489 725/841/490 252/842/491 720/843/492
f 753/844/493 726/845/493 257/846/493 718/847/493
f 752/848/494 727/849/495 254/850/496 716/851/497
f 751/852/498 724/853/499 255/854/500 714/855/501
f 750/856/502 728/857/502 252/842/502 716/851/502
f 749/858/503 730/859/504 224/860/505 652/861/505
f 748/862/506 731/863/506 256/838/506 717/835/506
f 747/864/507 733/865/507 236/754/507 683/753/507
f 746/866/508 732/867/508 253/834/508 718/847/508
f 745/868/509 515/403/510 127/402/511 719/831/511
f 744/869/512 734/870/512 257/846/512 726/845/512
f 743/871/513 735/872/514 258/830/515 720/843/515
f 742/873/516 736/874/516 250/822/516 713/821/516
f 741/875/517 737/876/518 243/774/519 693/773/519
f 740/877/520 729/878/521 254/850/522 714/855/523
f 739/879/524 738/880/524 255/854/524 715/839/524
f 261/881/525 267/882/526 262/883/527
f 267/882/526 261/881/525 133/420/253 141/419/252
f 260/884/528 265/885/528 140/423/528 132/422/528
f 259/886/529 264/887/529 265/885/529 260/884/529
f 264/887/530 263/888/531 266/889/532 265/885/530
f 263/888/531 262/883/527 267/882/526 266/889/532
f 270/890/533 271/891/534 276/892/535
f 276/892/535 154/433/263 146/432/262 270/890/533
f 269/893/536 145/437/536 153/436/536 274/894/536
f 268/895/537 269/893/537 274/894/537 273/896/537
f 273/896/538 274/894/538 275/897/539 272/898/540
f 272/898/540 275/897/539 276/892/535 271/891/534
f 267/899/541 141/445/541 154/444/541 276/900/541
f 262/901/542 263/902/542 272/903/542 271/904/542
f 264/905/543 259/906/543 268/907/543 273/908/543
f 263/902/544 264/905/544 273/908/544 272/903/544
f 259/906/545 260/909/545 269/910/545 268/907/545
f 265/911/546 266/912/546 275/913/546 274/914/546
f 260/909/547 132/461/547 145/460/547 269/910/547
f 266/915/548 267/899/548 276/900/548 275/916/548
f 133/462/549 261/917/549 270/918/549 146/463/549
f 140/466/550 265/919/550 274/920/550 153/467/550
f 261/917/551 262/901/551 271/904/551 270/918/551
f 611/921/524 203/922/524 738/880/524 739/879/524
f 204/923/524 611/921/524 739/879/524 731/863/524
f 731/863/524 739/879/524 715/839/524 256/838/524
f 610/924/552 202/925/553 729/878/521 740/877/520
f 203/922/554 610/924/552 740/877/520 738/880/555
f 738/880/555 740/877/520 714/855/523 255/854/556
f 589/926/557 191/927/557 737/876/518 741/875/517
f 184/928/558 589/926/558 741/875/559 733/865/560
f 733/865/560 741/875/559 693/773/561 236/754/561
f 609/929/516 198/930/516 736/874/516 742/873/516
f 191/927/516 609/929/516 742/873/516 737/876/516
f 737/876/516 742/873/516 713/821/516 243/774/516
f 616/931/562 206/932/562 735/872/514 743/871/513
f 200/933/563 616/931/563 743/871/564 728/857/565
f 728/857/565 743/871/564 720/843/566 252/842/566
f 622/934/512 205/935/512 734/870/512 744/869/512
f 198/930/512 622/934/512 744/869/512 736/874/512
f 736/874/512 744/869/512 726/845/512 250/822/512
f 615/936/567 63/937/567 515/403/510 745/868/509
f 206/932/568 615/936/568 745/868/569 735/872/570
f 735/872/570 745/868/569 719/831/571 258/830/571
f 614/938/508 201/939/508 732/867/508 746/866/508
f 205/935/508 614/938/508 746/866/508 734/870/508
f 734/870/508 746/866/508 718/847/508 257/846/508
f 579/940/572 184/928/572 733/865/572 747/864/572
f 172/941/573 579/940/573 747/864/573 730/859/573
f 730/859/574 747/864/574 683/753/574 224/860/574
f 613/942/506 204/923/506 731/863/506 748/862/506
f 201/939/506 613/942/506 748/862/506 732/867/506
f 732/867/506 748/862/506 717/835/506 253/834/506
f 548/943/575 172/941/575 730/859/504 749/858/503
f 22/944/576 548/943/576 749/858/577 510/945/578
f 510/945/578 749/858/577 652/861/579 86/946/579
f 612/947/502 200/933/502 728/857/502 750/856/502
f 202/925/502 612/947/502 750/856/502 729/878/502
f 729/878/502 750/856/502 716/851/502 254/850/502
f 700/803/580 248/802/581 724/853/499 751/852/498
f 247/826/582 700/803/580 751/852/498 727/849/583
f 727/849/583 751/852/498 714/855/501 254/850/584
f 702/827/585 247/826/586 727/849/495 752/848/494
f 245/818/587 702/827/585 752/848/494 725/841/588
f 725/841/588 752/848/494 716/851/497 252/842/589
f 704/823/590 250/822/590 726/845/590 753/844/590
f 246/810/591 704/823/591 753/844/591 722/833/591
f 722/833/592 753/844/592 718/847/592 253/834/592
f 706/819/593 245/818/594 725/841/490 754/840/489
f 251/806/595 706/819/593 754/840/489 721/829/596
f 721/829/596 754/840/489 720/843/492 258/830/597
f 701/815/488 249/814/488 723/837/488 755/836/488
f 248/802/488 701/815/488 755/836/488 724/853/488
f 724/853/488 755/836/488 715/839/488 255/854/488
f 703/811/598 246/810/598 722/833/598 756/832/598
f 249/814/599 703/811/599 756/832/599 723/837/599
f 723/837/600 756/832/600 717/835/600 256/838/600
f 705/807/601 251/806/601 721/829/601 757/828/601
f 119/948/602 705/807/602 757/828/602 500/949/602
f 500/949/603 757/828/603 719/831/603 127/402/603
f 688/779/604 240/778/605 708/825/483 758/824/482
f 238/798/606 688/779/604 758/824/482 712/817/607
f 712/817/607 758/824/482 702/827/485 245/818/608
f 690/775/609 243/774/610 713/821/479 759/820/478
f 239/790/611 690/775/609 759/820/478 710/809/612
f 710/809/612 759/820/478 704/823/481 246/810/613
f 692/799/614 238/798/614 712/817/614 760/816/614
f 244/786/615 692/799/615 760/816/615 709/805/615
f 709/805/616 760/816/616 706/819/616 251/806/616
f 687/795/476 242/794/476 711/813/476 761/812/476
f 241/782/476 687/795/476 761/812/476 707/801/476
f 707/801/476 761/812/476 701/815/476 248/802/476
f 689/791/617 239/790/617 710/809/617 762/808/617
f 242/794/618 689/791/618 762/808/618 711/813/618
f 711/813/619 762/808/619 703/811/619 249/814/619
f 691/787/620 244/786/620 709/805/620 763/804/620
f 111/950/621 691/787/621 763/804/621 487/951/621
f 487/951/622 763/804/622 705/807/622 119/948/622
f 686/783/623 241/782/623 707/801/623 764/800/623
f 240/778/624 686/783/624 764/800/624 708/825/624
f 708/825/625 764/800/625 700/803/625 247/826/625
f 678/751/626 231/750/627 696/797/627 765/796/628
f 237/766/629 678/751/626 765/796/628 698/785/629
f 698/785/630 765/796/470 692/799/472 244/786/630
f 673/759/631 235/758/631 699/793/631 766/792/631
f 234/746/632 673/759/632 766/792/632 697/781/632
f 697/781/633 766/792/633 687/795/633 241/782/633
f 675/763/634 232/762/634 694/789/634 767/788/634
f 235/758/634 675/763/634 767/788/634 699/793/634
f 699/793/468 767/788/468 689/791/468 242/794/468
f 677/767/635 237/766/636 698/785/636 768/784/637
f 103/952/638 677/767/635 768/784/637 475/953/638
f 475/953/639 768/784/465 691/787/467 111/950/639
f 672/747/640 234/746/640 697/781/640 769/780/640
f 233/770/641 672/747/641 769/780/641 695/777/641
f 695/777/642 769/780/642 686/783/642 240/778/642
f 674/771/643 233/770/643 695/777/643 770/776/643
f 231/750/644 674/771/644 770/776/644 696/797/644
f 696/797/645 770/776/645 688/779/645 238/798/645
f 676/755/646 236/754/646 693/773/646 771/772/646
f 232/762/647 676/755/647 771/772/647 694/789/647
f 694/789/648 771/772/648 690/775/648 239/790/648
f 643/954/649 218/955/649 680/769/649 772/768/649
f 209/956/650 643/954/650 772/768/650 681/749/650
f 681/749/651 772/768/651 674/771/651 231/750/651
f 656/957/460 226/958/460 682/765/460 773/764/460
f 87/959/460 656/957/460 773/764/460 461/960/460
f 461/960/460 773/764/460 677/767/460 103/952/460
f 649/961/652 215/962/652 684/761/652 774/760/652
f 222/963/653 649/961/653 774/760/653 685/757/653
f 685/757/654 774/760/654 675/763/654 235/758/654
f 640/964/458 222/963/458 685/757/458 775/756/458
f 220/965/458 640/964/458 775/756/458 679/745/458
f 679/745/458 775/756/458 673/759/458 234/746/458
f 653/966/655 224/860/655 683/753/655 776/752/655
f 215/962/656 653/966/656 776/752/656 684/761/656
f 684/761/657 776/752/657 676/755/657 232/762/657
f 661/967/658 209/956/658 681/749/658 777/748/658
f 226/958/659 661/967/659 777/748/659 682/765/659
f 682/765/660 777/748/660 678/751/660 237/766/660
f 637/968/455 220/965/455 679/745/455 778/744/455
f 218/955/455 637/968/455 778/744/455 680/769/455
f 680/769/455 778/744/455 672/747/455 233/770/455
f 666/730/661 230/729/662 671/743/452 779/742/451
f 95/969/663 666/730/661 779/742/451 446/970/664
f 446/970/664 779/742/451 634/712/454 76/971/665
f 670/740/666 211/678/667 626/677/448 780/741/447
f 230/729/668 670/740/666 780/741/447 671/743/669
f 671/743/669 780/741/447 635/716/450 217/713/670
f 669/738/671 212/682/672 627/681/444 781/739/443
f 229/725/673 669/738/671 781/739/443 665/728/674
f 665/728/674 781/739/443 670/740/446 230/729/675
f 668/736/676 213/686/677 628/685/440 782/737/439
f 228/733/678 668/736/676 782/737/439 663/724/679
f 663/724/679 782/737/439 669/738/442 229/725/680
f 632/702/681 208/690/681 629/689/437 783/735/436
f 216/703/682 632/702/682 783/735/683 667/732/684
f 667/732/684 783/735/683 668/736/685 228/733/685
f 633/706/686 216/703/687 667/732/433 784/731/432
f 75/238/688 633/706/686 784/731/432 440/972/689
f 440/972/689 784/731/432 662/734/435 91/973/690
f 664/726/691 229/725/692 665/728/429 785/727/428
f 93/974/693 664/726/691 785/727/428 437/975/694
f 437/975/694 785/727/428 666/730/431 95/969/695
f 662/734/696 228/733/697 663/724/425 786/723/424
f 91/973/698 662/734/696 786/723/424 434/976/699
f 434/976/699 786/723/424 664/726/427 93/974/700
f 658/710/701 227/709/701 660/720/701 787/719/701
f 226/958/702 658/710/702 787/719/702 661/967/702
f 661/967/703 787/719/703 624/722/703 209/956/703
f 659/714/704 217/713/705 635/716/420 788/715/419
f 227/709/706 659/714/704 788/715/419 660/720/707
f 660/720/707 788/715/419 625/718/422 210/721/708
f 429/977/709 76/971/710 634/712/416 789/711/415
f 88/978/711 429/977/709 789/711/415 657/708/712
f 657/708/712 789/711/415 659/714/418 227/709/713
f 425/979/714 88/978/715 657/708/412 790/707/411
f 87/959/716 425/979/714 790/707/411 656/957/717
f 656/957/717 790/707/411 658/710/414 226/958/718
f 655/704/719 216/703/719 633/706/409 791/705/408
f 225/696/720 655/704/720 791/705/721 651/697/722
f 651/697/722 791/705/721 424/237/723 86/946/723
f 630/691/724 208/690/724 632/702/406 792/701/405
f 214/694/725 630/691/725 792/701/726 654/700/727
f 654/700/727 792/701/726 655/704/728 225/696/728
f 631/695/729 214/694/729 654/700/729 793/699/729
f 215/962/730 631/695/730 793/699/730 653/966/730
f 653/966/731 793/699/731 650/698/731 224/860/731
f 651/697/403 86/946/403 652/861/403
f 651/697/403 652/861/403 650/698/403
f 650/698/732 652/861/732 224/860/732
f 642/671/733 223/670/733 648/693/733 794/692/733
f 222/963/734 642/671/734 794/692/734 649/961/734
f 649/961/735 794/692/735 631/695/735 215/962/735
f 647/687/736 213/686/736 629/689/736 795/688/736
f 223/670/737 647/687/737 795/688/737 648/693/737
f 648/693/738 795/688/738 630/691/738 214/694/738
f 646/683/739 212/682/739 628/685/739 796/684/739
f 221/666/740 646/683/740 796/684/740 641/669/740
f 641/669/741 796/684/741 647/687/741 223/670/741
f 645/679/742 211/678/742 627/681/742 797/680/742
f 219/674/743 645/679/743 797/680/743 638/665/743
f 638/665/744 797/680/744 646/683/744 221/666/744
f 625/718/745 207/717/745 626/677/745 798/676/745
f 210/721/746 625/718/746 798/676/746 644/673/746
f 644/673/747 798/676/747 645/679/747 219/674/747
f 624/722/748 210/721/748 644/673/397 799/672/397
f 209/956/749 624/722/748 799/672/397 643/954/750
f 643/954/750 799/672/397 636/675/397 218/955/750
f 639/667/751 221/666/751 641/669/751 800/668/751
f 220/965/752 639/667/752 800/668/752 640/964/752
f 640/964/753 800/668/753 642/671/753 222/963/753
f 636/675/754 219/674/754 638/665/754 801/664/754
f 218/955/755 636/675/755 801/664/755 637/968/755
f 637/968/756 801/664/756 639/667/756 220/965/756
f 623/659/757 202/658/758 610/661/392 802/660/391
f 195/634/759 623/659/757 802/660/391 596/609/760
f 596/609/760 802/660/391 620/663/394 196/610/761
f 621/651/762 200/650/763 612/657/388 803/656/387
f 193/626/764 621/651/762 803/656/387 598/633/765
f 598/633/765 803/656/387 623/659/390 195/634/766
f 618/643/767 201/642/767 614/653/767 804/652/767
f 194/618/768 618/643/768 804/652/768 600/629/768
f 600/629/769 804/652/769 622/655/769 198/630/769
f 617/639/770 206/638/771 616/649/383 805/648/382
f 199/614/772 617/639/770 805/648/382 602/625/773
f 602/625/773 805/648/382 621/651/385 193/626/774
f 620/663/381 203/662/381 611/645/381 806/644/381
f 196/610/381 620/663/381 806/644/381 597/621/381
f 597/621/381 806/644/381 619/647/381 197/622/381
f 619/647/775 204/646/775 613/641/775 807/640/775
f 197/622/776 619/647/776 807/640/776 599/617/776
f 599/617/777 807/640/777 618/643/777 194/618/777
f 385/980/778 63/981/778 615/637/778 808/636/778
f 55/982/779 385/980/779 808/636/779 601/613/779
f 601/613/780 808/636/780 617/639/780 199/614/780
f 608/627/781 193/626/782 598/633/782 809/632/783
f 186/606/784 608/627/781 809/632/783 584/585/784
f 584/585/785 809/632/376 604/635/378 188/586/785
f 606/619/786 194/618/787 600/629/373 810/628/372
f 187/598/788 606/619/786 810/628/372 586/581/789
f 586/581/789 810/628/372 609/631/375 191/582/790
f 605/615/791 199/614/791 602/625/791 811/624/791
f 192/594/792 605/615/792 811/624/792 588/605/792
f 588/605/793 811/624/793 608/627/793 186/606/793
f 603/611/370 196/610/370 597/621/370 812/620/370
f 189/590/370 603/611/370 812/620/370 583/601/370
f 583/601/370 812/620/370 607/623/370 190/602/370
f 607/623/794 197/622/794 599/617/794 813/616/794
f 190/602/795 607/623/795 813/616/795 585/597/795
f 585/597/796 813/616/796 606/619/796 187/598/796
f 372/983/797 55/982/797 601/613/797 814/612/797
f 47/984/798 372/983/798 814/612/798 587/593/798
f 587/593/799 814/612/799 605/615/799 192/594/799
f 604/635/800 195/634/801 596/609/801 815/608/802
f 188/586/803 604/635/800 815/608/802 582/589/803
f 582/589/804 815/608/365 603/611/367 189/590/804
f 594/595/805 192/594/805 588/605/363 816/604/362
f 185/574/806 594/595/806 816/604/807 574/557/808
f 574/557/808 816/604/807 592/607/809 179/558/809
f 593/591/810 189/590/810 583/601/810 817/600/810
f 182/554/811 593/591/811 817/600/811 569/565/811
f 569/565/812 817/600/812 595/603/812 183/566/812
f 595/603/360 190/602/360 585/597/360 818/596/360
f 183/566/813 595/603/813 818/596/813 571/569/813
f 571/569/813 818/596/813 590/599/813 180/570/813
f 360/985/814 47/984/814 587/593/358 819/592/357
f 39/986/815 360/985/815 819/592/815 573/573/815
f 573/573/816 819/592/816 594/595/816 185/574/816
f 591/587/817 188/586/817 582/589/355 820/588/354
f 181/578/818 591/587/818 820/588/819 568/553/820
f 568/553/820 820/588/819 593/591/821 182/554/821
f 592/607/822 186/606/822 584/585/822 821/584/822
f 179/558/823 592/607/823 821/584/823 570/577/823
f 570/577/824 821/584/824 591/587/824 181/578/824
f 590/599/825 187/598/825 586/581/825 822/580/825
f 180/570/826 590/599/826 822/580/826 572/561/826
f 572/561/827 822/580/827 589/583/827 184/562/827
f 577/559/351 179/558/351 570/577/351 823/576/351
f 157/987/351 577/559/351 823/576/351 539/988/351
f 539/988/351 823/576/351 576/579/351 166/989/351
f 346/990/828 39/986/829 573/573/348 824/572/347
f 23/991/830 346/990/828 824/572/347 552/992/831
f 552/992/831 824/572/347 578/575/350 174/993/832
f 581/567/833 183/566/833 571/569/833 825/568/833
f 170/994/834 581/567/834 825/568/834 545/995/834
f 545/995/835 825/568/835 580/571/835 163/996/835
f 575/555/345 182/554/345 569/565/345 826/564/345
f 168/997/345 575/555/345 826/564/345 536/998/345
f 536/998/345 826/564/345 581/567/345 170/994/345
f 580/571/836 180/570/836 572/561/836 827/560/836
f 163/996/837 580/571/837 827/560/837 549/999/837
f 549/999/838 827/560/838 579/563/838 172/1000/838
f 578/575/343 185/574/343 574/557/343 828/556/343
f 174/993/343 578/575/343 828/556/343 557/1001/343
f 557/1001/343 828/556/343 577/559/343 157/987/343
f 576/579/839 181/578/839 568/553/839 829/552/839
f 166/989/840 576/579/840 829/552/840 533/1002/840
f 533/1002/841 829/552/841 575/555/841 168/997/841
f 331/1003/842 12/1004/843 530/522/339 830/550/338
f 31/1005/844 331/1003/842 830/550/338 562/536/845
f 562/536/845 830/550/338 567/551/341 178/537/846
f 567/551/847 165/521/848 531/526/335 831/549/334
f 178/537/849 567/551/847 831/549/334 566/548/850
f 566/548/850 831/549/334 522/485/337 159/484/851
f 561/538/852 178/537/853 566/548/331 832/547/330
f 177/533/854 561/538/852 832/547/330 565/546/855
f 565/546/855 832/547/330 523/489/333 160/488/856
f 559/534/857 177/533/858 565/546/327 833/545/326
f 176/541/859 559/534/857 833/545/326 564/544/860
f 564/544/860 833/545/326 524/493/329 161/492/861
f 563/542/862 176/541/862 564/544/324 834/543/323
f 164/509/863 563/542/863 834/543/864 528/510/865
f 528/510/865 834/543/864 525/497/866 156/496/866
f 325/1006/867 27/1007/868 558/540/320 835/539/319
f 11/513/869 325/1006/867 835/539/319 529/514/870
f 529/514/870 835/539/319 563/542/322 164/509/871
f 322/1008/872 31/1005/873 562/536/316 836/535/315
f 29/1009/874 322/1008/872 836/535/315 560/532/875
f 560/532/875 836/535/315 561/538/318 177/533/876
f 319/1010/877 29/1009/878 560/532/312 837/531/311
f 27/1007/879 319/1010/877 837/531/311 558/540/880
f 558/540/880 837/531/311 559/534/314 176/541/881
f 557/1001/882 157/987/883 520/528/308 838/527/307
f 174/993/884 557/1001/882 838/527/307 554/516/885
f 554/516/885 838/527/307 556/530/310 175/517/886
f 556/530/887 158/529/888 521/524/304 839/523/303
f 175/517/889 556/530/887 839/523/303 555/520/890
f 555/520/890 839/523/303 531/526/306 165/521/891
f 553/518/892 175/517/893 555/520/300 840/519/299
f 24/1011/894 553/518/892 840/519/299 314/1012/895
f 314/1012/895 840/519/299 530/522/302 12/1004/896
f 552/992/897 174/993/898 554/516/296 841/515/295
f 23/991/899 552/992/897 841/515/295 310/1013/900
f 310/1013/900 841/515/295 553/518/298 24/1011/901
f 547/504/902 22/1014/903 309/512/292 842/511/291
f 173/502/904 547/504/902 842/511/291 551/508/905
f 551/508/905 842/511/291 529/514/294 164/509/906
f 550/506/907 173/502/907 551/508/907 843/507/907
f 162/500/908 550/506/908 843/507/908 526/495/908
f 526/495/909 843/507/909 528/510/909 156/496/909
f 549/999/910 172/1000/910 546/503/910 844/505/910
f 163/996/911 549/999/911 844/505/911 527/499/911
f 527/499/912 844/505/912 550/506/912 162/500/912
f 546/503/913 172/1000/913 548/1015/913
f 546/503/288 548/1015/288 547/504/288
f 547/504/288 548/1015/288 22/1014/288
f 545/995/914 163/996/914 527/499/914 845/498/914
f 170/994/915 545/995/915 845/498/915 538/475/915
f 538/475/916 845/498/916 544/501/916 171/476/916
f 544/501/917 162/500/917 526/495/917 846/494/917
f 171/476/918 544/501/918 846/494/918 543/491/918
f 543/491/919 846/494/919 525/497/919 161/492/919
f 537/477/920 171/476/920 543/491/920 847/490/920
f 169/472/921 537/477/921 847/490/921 542/487/921
f 542/487/922 847/490/922 524/493/922 160/488/922
f 534/473/923 169/472/923 542/487/923 848/486/923
f 167/480/924 534/473/924 848/486/924 541/483/924
f 541/483/925 848/486/925 523/489/925 159/484/925
f 540/481/926 167/480/926 541/483/926 849/482/926
f 158/529/927 540/481/927 849/482/927 521/524/927
f 521/524/928 849/482/928 522/485/928 155/525/928
f 539/988/929 166/989/929 532/479/282 850/478/282
f 157/987/930 539/988/929 850/478/282 520/528/931
f 520/528/931 850/478/282 540/481/282 158/529/931
f 536/998/932 170/994/932 538/475/932 851/474/932
f 168/997/933 536/998/933 851/474/933 535/471/933
f 535/471/934 851/474/934 537/477/934 169/472/934
f 533/1002/935 168/997/935 535/471/935 852/470/935
f 166/989/936 533/1002/936 852/470/936 532/479/936
f 532/479/937 852/470/937 534/473/937 167/480/937
f 511/396/248 125/371/248 493/370/248 853/414/248
f 61/1016/938 378/1017/938 853/414/938 511/396/938
f 378/1017/248 853/414/248 519/415/248 60/1018/248
f 519/415/939 124/387/940 492/386/245 854/412/244
f 60/1018/941 519/415/939 854/412/244 377/1019/942
f 377/1019/942 854/412/244 508/413/247 59/1020/943
f 513/398/944 102/287/945 469/308/945 855/410/946
f 38/1021/947 513/398/944 855/410/946 354/1022/947
f 354/1022/948 855/410/241 518/411/243 46/1023/948
f 518/411/240 110/307/240 491/356/240 856/408/240
f 46/1023/240 518/411/240 856/408/240 376/1024/240
f 376/1024/240 856/408/240 517/409/240 54/1025/240
f 507/390/949 121/375/950 498/374/950 857/406/951
f 57/1026/952 507/390/949 857/406/951 383/1027/952
f 383/1027/953 857/406/236 516/407/239 64/1028/953
f 517/409/235 118/355/235 505/380/235 858/404/235
f 54/1025/235 517/409/235 858/404/235 390/1029/235
f 390/1029/235 858/404/235 514/405/235 62/1030/235
f 516/407/239 128/363/238 497/362/954 859/401/955
f 64/1028/956 516/407/239 859/401/955 382/1031/956
f 382/1031/957 859/401/232 515/403/234 63/937/957
f 514/405/958 126/379/958 496/378/958 860/399/958
f 62/1030/958 514/405/958 860/399/958 381/1032/958
f 381/1032/959 860/399/229 512/400/231 58/1033/959
f 509/394/960 84/393/960 458/288/960 861/397/960
f 20/1034/961 509/394/961 861/397/961 343/1035/961
f 343/1035/962 861/397/962 513/398/962 38/1021/962
f 512/400/963 122/367/964 495/366/964 862/395/965
f 58/1033/966 512/400/963 862/395/965 380/1036/966
f 380/1036/227 862/395/227 511/396/227 61/1016/227
f 510/945/967 86/946/968 420/392/968 863/391/969
f 22/944/970 510/945/967 863/391/969 305/1037/970
f 305/1037/971 863/391/224 509/394/226 20/1034/971
f 508/413/223 123/383/223 494/382/223 864/389/223
f 59/1020/223 508/413/223 864/389/223 379/1038/223
f 379/1038/223 864/389/223 507/390/223 57/1026/223
f 506/384/972 123/383/973 492/386/220 865/385/219
f 115/359/974 506/384/972 865/385/219 477/334/975
f 477/334/975 865/385/219 503/388/222 116/335/976
f 504/376/977 121/375/978 494/382/216 866/381/215
f 113/351/979 504/376/977 866/381/215 479/358/980
f 479/358/980 866/381/215 506/384/218 115/359/981
f 501/368/982 122/367/982 496/378/982 867/377/982
f 114/343/983 501/368/983 867/377/983 481/354/983
f 481/354/984 867/377/984 505/380/984 118/355/984
f 499/364/985 128/363/986 498/374/211 868/373/210
f 120/339/987 499/364/985 868/373/210 483/350/988
f 483/350/988 868/373/210 504/376/213 113/351/989
f 503/388/209 124/387/209 493/370/209 869/369/209
f 116/335/209 503/388/209 869/369/209 478/346/209
f 478/346/209 869/369/209 502/372/209 117/347/209
f 502/372/990 125/371/990 495/366/990 870/365/990
f 117/347/991 502/372/991 870/365/991 480/342/991
f 480/342/992 870/365/992 501/368/992 114/343/992
f 500/949/993 127/402/993 497/362/993 871/361/993
f 119/948/994 500/949/994 871/361/994 482/338/994
f 482/338/995 871/361/995 499/364/995 120/339/995
f 490/352/996 113/351/997 479/358/204 872/357/203
f 105/331/998 490/352/996 872/357/203 464/310/999
f 464/310/999 872/357/203 485/360/206 107/311/1000
f 488/344/1001 114/343/1002 481/354/200 873/353/199
f 106/323/1003 488/344/1001 873/353/199 466/306/1004
f 466/306/1004 873/353/199 491/356/202 110/307/1005
f 486/340/1006 120/339/1006 483/350/1006 874/349/1006
f 112/319/1007 486/340/1007 874/349/1007 468/330/1007
f 468/330/1008 874/349/1008 490/352/1008 105/331/1008
f 484/336/197 116/335/197 478/346/197 875/345/197
f 108/315/197 484/336/197 875/345/197 463/326/197
f 463/326/197 875/345/197 489/348/197 109/327/197
f 489/348/1009 117/347/1009 480/342/1009 876/341/1009
f 109/327/1010 489/348/1010 876/341/1010 465/322/1010
f 465/322/1011 876/341/1011 488/344/1011 106/323/1011
f 487/951/1012 119/948/1012 482/338/1012 877/337/1012
f 111/950/1013 487/951/1013 877/337/1013 467/318/1013
f 467/318/1014 877/337/1014 486/340/1014 112/319/1014
f 485/360/1015 115/359/1015 477/334/1015 878/333/1015
f 107/311/1016 485/360/1016 878/333/1016 462/314/1016
f 462/314/1017 878/333/1017 484/336/1017 108/315/1017
f 474/320/1018 112/319/1018 468/330/192 879/329/191
f 104/299/1019 474/320/1019 879/329/1020 453/282/1021
f 453/282/1021 879/329/1020 472/332/1022 97/283/1022
f 473/316/1023 108/315/1023 463/326/1023 880/325/1023
f 100/279/1024 473/316/1024 880/325/1024 448/290/1024
f 448/290/1025 880/325/1025 476/328/1025 101/291/1025
f 476/328/189 109/327/189 465/322/189 881/321/189
f 101/291/1026 476/328/1026 881/321/1026 450/294/1026
f 450/294/1026 881/321/1026 470/324/1026 98/295/1026
f 475/953/1027 111/950/1027 467/318/187 882/317/186
f 103/952/1028 475/953/1028 882/317/1029 452/298/1030
f 452/298/1030 882/317/1029 474/320/1031 104/299/1031
f 471/312/1032 107/311/1032 462/314/1032 883/313/1032
f 99/303/1033 471/312/1033 883/313/1033 447/278/1033
f 447/278/1034 883/313/1034 473/316/1034 100/279/1034
f 472/332/1035 105/331/1035 464/310/1035 884/309/1035
f 97/283/1036 472/332/1036 884/309/1036 449/302/1036
f 449/302/1037 884/309/1037 471/312/1037 99/303/1037
f 470/324/1038 106/323/1038 466/306/1038 885/305/1038
f 98/295/1039 470/324/1039 885/305/1039 451/286/1039
f 451/286/1040 885/305/1040 469/308/1040 102/287/1040
f 456/284/1041 97/283/1041 449/302/1041 886/301/1041
f 67/1039/1042 456/284/1042 886/301/1042 411/1040/1042
f 411/1040/1043 886/301/1043 455/304/1043 78/1041/1043
f 461/960/181 103/952/181 452/298/181 887/297/181
f 87/959/181 461/960/181 887/297/181 426/1042/181
f 426/1042/181 887/297/181 457/300/181 89/1043/181
f 460/292/1044 101/291/1044 450/294/1044 888/293/1044
f 82/1044/1045 460/292/1045 888/293/1045 417/1045/1045
f 417/1045/1046 888/293/1046 459/296/1046 73/1046/1046
f 454/280/179 100/279/179 448/290/179 889/289/179
f 80/1047/179 454/280/179 889/289/179 408/1048/179
f 408/1048/179 889/289/179 460/292/179 82/1044/179
f 459/296/1047 98/295/1047 451/286/1047 890/285/1047
f 73/1046/1048 459/296/1048 890/285/1048 421/1049/1048
f 421/1049/1049 890/285/1049 458/288/1049 84/393/1049
f 457/300/1050 104/299/1050 453/282/1050 891/281/1050
f 89/1043/1051 457/300/1051 891/281/1051 432/1050/1051
f 432/1050/1052 891/281/1052 456/284/1052 67/1039/1052
f 455/304/176 99/303/176 447/278/176 892/277/176
f 78/1041/176 455/304/176 892/277/176 405/1051/176
f 405/1051/176 892/277/176 454/280/176 80/1047/176
f 446/970/1053 76/971/1054 402/247/173 893/275/172
f 95/969/1055 446/970/1053 893/275/172 439/261/1056
f 439/261/1056 893/275/172 445/276/175 96/262/1057
f 445/276/1058 77/246/1059 403/251/169 894/274/168
f 96/262/1060 445/276/1058 894/274/168 444/273/1061
f 444/273/1061 894/274/168 394/210/171 69/209/1062
f 438/263/1063 96/262/1064 444/273/165 895/272/164
f 94/258/1065 438/263/1063 895/272/164 443/271/1066
f 443/271/1066 895/272/164 395/214/167 70/213/1067
f 435/259/1068 94/258/1069 443/271/161 896/270/160
f 92/266/1070 435/259/1068 896/270/160 442/269/1071
f 442/269/1071 896/270/160 396/218/163 71/217/1072
f 441/267/1073 92/266/1073 442/269/158 897/268/157
f 74/234/1074 441/267/1074 897/268/1075 400/235/1076
f 400/235/1076 897/268/1075 397/222/1077 66/221/1077
f 440/972/1078 91/973/1079 433/265/154 898/264/153
f 75/238/1080 440/972/1078 898/264/153 401/239/1081
f 401/239/1081 898/264/153 441/267/156 74/234/1082
f 437/975/1083 95/969/1084 439/261/150 899/260/149
f 93/974/1085 437/975/1083 899/260/149 436/257/1086
f 436/257/1086 899/260/149 438/263/152 94/258/1087
f 434/976/1088 93/974/1089 436/257/146 900/256/145
f 91/973/1090 434/976/1088 900/256/145 433/265/1091
f 433/265/1091 900/256/145 435/259/148 92/266/1092
f 432/1050/1093 67/1039/1093 392/253/1093 901/252/1093
f 89/1043/1094 432/1050/1094 901/252/1094 428/241/1094
f 428/241/1095 901/252/1095 431/255/1095 90/242/1095
f 431/255/1096 68/254/1097 393/249/141 902/248/140
f 90/242/1098 431/255/1096 902/248/140 430/245/1099
f 430/245/1099 902/248/140 403/251/143 77/246/1100
f 427/243/1101 90/242/1102 430/245/137 903/244/136
f 88/978/1103 427/243/1101 903/244/136 429/977/1104
f 429/977/1104 903/244/136 402/247/139 76/971/1105
f 426/1042/1106 89/1043/1107 428/241/133 904/240/132
f 87/959/1108 426/1042/1106 904/240/132 425/979/1109
f 425/979/1109 904/240/132 427/243/135 88/978/1110
f 419/229/1111 86/946/1111 424/237/130 905/236/129
f 85/227/1112 419/229/1112 905/236/1113 423/233/1114
f 423/233/1114 905/236/1113 401/239/1115 74/234/1115
f 422/231/1116 85/227/1116 423/233/127 906/232/126
f 72/225/1117 422/231/1117 906/232/1118 398/220/1119
f 398/220/1119 906/232/1118 400/235/1120 66/221/1120
f 421/1049/1121 84/393/1121 418/228/1121 907/230/1121
f 73/1046/1122 421/1049/1122 907/230/1122 399/224/1122
f 399/224/1123 907/230/1123 422/231/1123 72/225/1123
f 418/228/1124 84/393/1124 420/392/1124
f 418/228/124 420/392/124 419/229/124
f 419/229/124 420/392/124 86/946/124
f 417/1045/1125 73/1046/1125 399/224/1125 908/223/1125
f 82/1044/1126 417/1045/1126 908/223/1126 410/200/1126
f 410/200/1127 908/223/1127 416/226/1127 83/201/1127
f 416/226/1128 72/225/1128 398/220/1128 909/219/1128
f 83/201/1129 416/226/1129 909/219/1129 415/216/1129
f 415/216/1130 909/219/1130 397/222/1130 71/217/1130
f 409/202/1131 83/201/1131 415/216/1131 910/215/1131
f 81/197/1132 409/202/1132 910/215/1132 414/212/1132
f 414/212/1133 910/215/1133 396/218/1133 70/213/1133
f 406/198/1134 81/197/1134 414/212/1134 911/211/1134
f 79/205/1135 406/198/1135 911/211/1135 413/208/1135
f 413/208/1136 911/211/1136 395/214/1136 69/209/1136
f 412/206/1137 79/205/1137 413/208/1137 912/207/1137
f 68/254/1138 412/206/1138 912/207/1138 393/249/1138
f 393/249/1139 912/207/1139 394/210/1139 65/250/1139
f 411/1040/1140 78/1041/1140 404/204/118 913/203/118
f 67/1039/1141 411/1040/1140 913/203/118 392/253/1142
f 392/253/1142 913/203/118 412/206/118 68/254/1142
f 408/1048/1143 82/1044/1143 410/200/1143 914/199/1143
f 80/1047/1144 408/1048/1144 914/199/1144 407/196/1144
f 407/196/1145 914/199/1145 409/202/1145 81/197/1145
f 405/1051/1146 80/1047/1146 407/196/1146 915/195/1146
f 78/1041/1147 405/1051/1147 915/195/1147 404/204/1147
f 404/204/1148 915/195/1148 406/198/1148 79/205/1148
f 362/142/1149 52/141/1150 388/192/113 916/191/112
f 51/165/1151 362/142/1149 916/191/112 391/188/1152
f 391/188/1152 916/191/112 377/194/115 59/189/1153
f 364/166/1154 51/165/1155 391/188/109 917/187/108
f 49/157/1156 364/166/1154 917/187/108 389/180/1157
f 389/180/1157 917/187/108 379/190/111 57/181/1158
f 366/162/1159 54/161/1159 390/184/1159 918/183/1159
f 50/149/1160 366/162/1160 918/183/1160 386/172/1160
f 386/172/1161 918/183/1161 381/186/1161 58/173/1161
f 368/158/1162 49/157/1163 389/180/104 919/179/103
f 56/145/1164 368/158/1162 919/179/103 384/168/1165
f 384/168/1165 919/179/103 383/182/106 64/169/1166
f 363/154/102 53/153/102 387/176/102 920/175/102
f 52/141/102 363/154/102 920/175/102 388/192/102
f 388/192/102 920/175/102 378/178/102 60/193/102
f 365/150/1167 50/149/1167 386/172/1167 921/171/1167
f 53/153/1168 365/150/1168 921/171/1168 387/176/1168
f 387/176/1169 921/171/1169 380/174/1169 61/177/1169
f 367/146/1170 56/145/1170 384/168/1170 922/167/1170
f 55/1052/1171 367/146/1171 922/167/1171 385/1053/1171
f 385/1053/1172 922/167/1172 382/170/1172 63/1054/1172
f 349/118/1173 43/117/1173 370/164/98 923/163/97
f 41/137/1174 349/118/1174 923/163/1175 375/156/1176
f 375/156/1176 923/163/1175 364/166/1177 49/157/1177
f 351/114/1178 46/113/1179 376/160/94 924/159/93
f 42/129/1180 351/114/1178 924/159/93 373/148/1181
f 373/148/1181 924/159/93 366/162/96 50/149/1182
f 353/138/1183 41/137/1183 375/156/1183 925/155/1183
f 48/125/1184 353/138/1184 925/155/1184 371/144/1184
f 371/144/1185 925/155/1185 368/158/1185 56/145/1185
f 348/134/91 45/133/91 374/152/91 926/151/91
f 44/121/91 348/134/91 926/151/91 369/140/91
f 369/140/91 926/151/91 363/154/91 52/141/91
f 350/130/1186 42/129/1186 373/148/1186 927/147/1186
f 45/133/1187 350/130/1187 927/147/1187 374/152/1187
f 374/152/1188 927/147/1188 365/150/1188 53/153/1188
f 352/126/1189 48/125/1189 371/144/1189 928/143/1189
f 47/1055/1190 352/126/1190 928/143/1190 372/1056/1190
f 372/1056/1191 928/143/1191 367/146/1191 55/1052/1191
f 347/122/1192 44/121/1192 369/140/87 929/139/86
f 43/117/1193 347/122/1193 929/139/1194 370/164/1195
f 370/164/1195 929/139/1194 362/142/1196 51/165/1196
f 338/90/1197 33/89/1198 357/136/1198 930/135/1199
f 40/105/1200 338/90/1197 930/135/1199 359/124/1200
f 359/124/1201 930/135/83 353/138/85 48/125/1201
f 333/98/1202 37/97/1202 361/132/1202 931/131/1202
f 36/85/1203 333/98/1203 931/131/1203 358/120/1203
f 358/120/1204 931/131/1204 348/134/1204 44/121/1204
f 335/102/1205 34/101/1205 355/128/1205 932/127/1205
f 37/97/1205 335/102/1205 932/127/1205 361/132/1205
f 361/132/81 932/127/81 350/130/81 45/133/81
f 337/106/1206 40/105/1206 359/124/1206 933/123/1206
f 39/1057/1207 337/106/1207 933/123/1207 360/1058/1207
f 360/1058/1208 933/123/78 352/126/80 47/1055/1208
f 332/86/1209 36/85/1210 358/120/1210 934/119/1211
f 35/109/1212 332/86/1209 934/119/1211 356/116/1212
f 356/116/1213 934/119/75 347/122/77 43/117/1213
f 334/110/1214 35/109/1214 356/116/1214 935/115/1214
f 33/89/1215 334/110/1215 935/115/1215 357/136/1215
f 357/136/1216 935/115/1216 349/118/1216 41/137/1216
f 336/94/1217 38/93/1217 354/112/1217 936/111/1217
f 34/101/1218 336/94/1218 936/111/1218 355/128/1218
f 355/128/1219 936/111/1219 351/114/1219 42/129/1219
f 296/1059/72 14/1060/72 340/108/72 937/107/72
f 3/1061/72 296/1059/72 937/107/72 341/88/72
f 341/88/72 937/107/72 334/110/72 33/89/72
f 311/1062/1220 25/1063/1221 342/104/69 938/103/68
f 23/1064/1222 311/1062/1220 938/103/68 346/1065/1223
f 346/1065/1223 938/103/68 337/106/71 39/1057/1224
f 302/1066/1225 9/1067/1225 344/100/1225 939/99/1225
f 18/1068/1226 302/1066/1226 939/99/1226 345/96/1226
f 345/96/1227 939/99/1227 335/102/1227 37/97/1227
f 293/1069/66 18/1068/66 345/96/66 940/95/66
f 16/1070/66 293/1069/66 940/95/66 339/84/66
f 339/84/66 940/95/66 333/98/66 36/85/66
f 306/1071/1228 20/1072/1228 343/92/1228 941/91/1228
f 9/1067/1229 306/1071/1229 941/91/1229 344/100/1229
f 344/100/1230 941/91/1230 336/94/1230 34/101/1230
f 317/1073/64 3/1061/64 341/88/64 942/87/64
f 25/1063/64 317/1073/64 942/87/64 342/104/64
f 342/104/64 942/87/64 338/90/64 40/105/64
f 290/1074/1231 16/1070/1231 339/84/1231 943/83/1231
f 14/1060/1232 290/1074/1232 943/83/1232 340/108/1232
f 340/108/1233 943/83/1233 332/86/1233 35/109/1233
f 324/69/1234 32/68/1235 330/82/60 944/81/59
f 31/1075/1236 324/69/1234 944/81/59 331/1076/1237
f 331/1076/1237 944/81/59 287/51/62 12/1077/1238
f 329/79/1239 5/15/1240 279/14/56 945/80/55
f 32/68/1241 329/79/1239 945/80/55 330/82/1242
f 330/82/1242 945/80/55 288/55/58 13/52/1243
f 328/77/1244 6/19/1245 280/18/52 946/78/51
f 30/64/1246 328/77/1244 946/78/51 323/67/1247
f 323/67/1247 946/78/51 329/79/54 32/68/1248
f 327/75/1249 7/23/1250 281/22/48 947/76/47
f 28/72/1251 327/75/1249 947/76/47 320/63/1252
f 320/63/1252 947/76/47 328/77/50 30/64/1253
f 285/39/1254 2/27/1254 282/26/45 948/74/44
f 10/40/1255 285/39/1255 948/74/1256 326/71/1257
f 326/71/1257 948/74/1256 327/75/1258 28/72/1258
f 286/43/1259 10/40/1260 326/71/41 949/70/40
f 11/44/1261 286/43/1259 949/70/40 325/1078/1262
f 325/1078/1262 949/70/40 318/73/43 27/1079/1263
f 321/65/1264 30/64/1265 323/67/37 950/66/36
f 29/1080/1266 321/65/1264 950/66/36 322/1081/1267
f 322/1081/1267 950/66/36 324/69/39 31/1075/1268
f 318/73/1269 28/72/1270 320/63/33 951/62/32
f 27/1079/1271 318/73/1269 951/62/32 319/1082/1272
f 319/1082/1272 951/62/32 321/65/35 29/1080/1273
f 313/49/1274 26/48/1275 316/59/29 952/58/28
f 25/1063/1276 313/49/1274 952/58/28 317/1073/1277
f 317/1073/1277 952/58/28 277/61/31 3/1061/1278
f 315/53/1279 13/52/1280 288/55/25 953/54/24
f 26/48/1281 315/53/1279 953/54/24 316/59/1282
f 316/59/1282 953/54/24 278/57/27 4/60/1283
f 314/1083/1284 12/1077/1285 287/51/21 954/50/20
f 24/1084/1286 314/1083/1284 954/50/20 312/47/1287
f 312/47/1287 954/50/20 315/53/23 26/48/1288
f 310/1085/1289 24/1084/1290 312/47/17 955/46/16
f 23/1064/1291 310/1085/1289 955/46/16 311/1062/1292
f 311/1062/1292 955/46/16 313/49/19 25/1063/1293
f 308/41/1294 10/40/1295 286/43/13 956/42/12
f 21/33/1296 308/41/1294 956/42/12 304/34/1297
f 304/34/1297 956/42/12 309/45/15 22/1086/1298
f 283/28/1299 2/27/1299 285/39/1299 957/38/1299
f 8/31/1300 283/28/1300 957/38/1300 307/37/1300
f 307/37/1301 957/38/1301 308/41/1301 21/33/1301
f 284/32/1302 8/31/1302 307/37/1302 958/36/1302
f 9/1067/1303 284/32/1303 958/36/1303 306/1071/1303
f 306/1071/1304 958/36/1304 303/35/1304 20/1072/1304
f 304/34/9 22/1086/9 305/1087/9
f 304/34/9 305/1087/9 303/35/9
f 303/35/1305 305/1087/1305 20/1072/1305
f 295/8/1306 19/7/1306 301/30/1306 959/29/1306
f 18/1068/1307 295/8/1307 959/29/1307 302/1066/1307
f 302/1066/1308 959/29/1308 284/32/1308 9/1067/1308
f 300/24/1309 7/23/1309 282/26/1309 960/25/1309
f 19/7/1310 300/24/1310 960/25/1310 301/30/1310
f 301/30/1311 960/25/1311 283/28/1311 8/31/1311
f 299/20/1312 6/19/1312 281/22/1312 961/21/1312
f 17/3/1313 299/20/1313 961/21/1313 294/6/1313
f 294/6/1314 961/21/1314 300/24/1314 19/7/1314
f 298/16/1315 5/15/1315 280/18/1315 962/17/1315
f 15/11/1316 298/16/1316 962/17/1316 291/2/1316
f 291/2/1317 962/17/1317 299/20/1317 17/3/1317
f 278/57/1318 1/56/1318 279/14/1318 963/13/1318
f 4/60/1319 278/57/1319 963/13/1319 297/10/1319
f 297/10/1320 963/13/1320 298/16/1320 15/11/1320
f 277/61/1321 4/60/1321 297/10/3 964/9/3
f 3/1061/1322 277/61/1321 964/9/3 296/1059/1323
f 296/1059/1323 964/9/3 289/12/3 14/1060/1323
f 292/4/1324 17/3/1324 294/6/1324 965/5/1324
f 16/1070/1325 292/4/1325 965/5/1325 293/1069/1325
f 293/1069/1326 965/5/1326 295/8/1326 18/1068/1326
f 289/12/1327 15/11/1327 291/2/1327 966/1/1327
f 14/1060/1328 289/12/1328 966/1/1328 290/1074/1328
f 290/1074/1329 966/1/1329 292/4/1329 16/1070/1329
