# Blender 4.4.1
# www.blender.org
mtllib Hair5FixedFixed_.mtl
o Cube
v -0.464833 3.839156 0.489143
v -0.469067 4.826982 0.481057
v -0.480307 3.819117 -0.479570
v -0.432303 4.805717 -0.496951
v -0.544172 3.757837 -0.272449
v -0.571326 3.733517 0.003175
v -0.535719 3.768839 0.291500
v -0.535719 4.035215 0.560029
v -0.575561 4.344910 0.587550
v -0.539954 4.630923 0.551943
v -0.539953 4.897299 0.283413
v -0.571326 4.908938 0.003174
v -0.535719 4.873617 -0.285151
v -0.535719 4.607240 -0.542751
v -0.538856 4.304994 -0.581156
v -0.503249 4.018981 -0.556180
v -0.267190 4.873617 -0.553680
v 0.000000 4.894490 -0.576654
v -0.267190 3.768839 0.560029
v 0.000000 3.733517 0.595636
v -0.004234 4.932621 0.587550
v -0.271424 4.897299 0.551943
v -0.687397 4.016407 0.310459
v -0.738753 4.321228 0.326966
v -0.691631 4.649731 0.302373
v -0.738753 4.000032 0.003174
v -0.794812 4.321228 0.003174
v -0.738753 4.642423 0.003174
v -0.687397 4.016407 -0.304110
v -0.738753 4.321228 -0.320617
v -0.687397 4.626048 -0.304110
v -0.517281 3.776342 -0.370585
v 0.000000 4.000032 0.763063
v -0.004234 4.344910 0.811036
v -0.004234 4.666105 0.754977
v -0.286150 4.016407 0.711707
v -0.306890 4.344910 0.754977
v -0.290384 4.649731 0.703621
v -0.482443 3.710462 -0.275558
v -0.377713 3.599483 0.052966
v -0.286150 3.618377 0.310459
v 0.000000 3.567433 0.326966
v 0.000000 5.075022 -0.320617
v -0.286150 5.024078 -0.304111
v 0.000000 5.130631 0.003174
v -0.302656 5.075022 0.003174
v -0.004234 5.098705 0.318880
v -0.290384 5.047760 0.302373
v -0.557749 3.745677 -0.134637
v -0.553523 3.751178 0.147337
v -0.500276 3.803998 0.390321
v -0.500276 3.937186 0.524586
v -0.553523 4.178221 0.577833
v -0.557757 4.487917 0.569747
v -0.504510 4.728952 0.516500
v -0.504510 4.862141 0.382235
v -0.553523 4.891277 0.147337
v -0.553523 4.891277 -0.140988
v -0.500276 4.838458 -0.383973
v -0.500276 4.705270 -0.507308
v -0.537288 4.456117 -0.572734
v -0.521053 4.161988 -0.573984
v -0.496819 3.906914 -0.512450
v -0.391470 4.819784 -0.507542
v -0.133595 4.891277 -0.571484
v -0.366012 3.803998 0.524586
v -0.133595 3.751178 0.577833
v -0.137829 4.914960 0.569746
v -0.370246 4.862141 0.516500
v -0.713075 4.168818 0.318713
v -0.717309 4.497321 0.310627
v -0.713075 4.008220 0.156817
v -0.766783 4.321228 0.165070
v -0.713075 4.634235 0.156817
v -0.766783 4.160630 0.003174
v -0.766783 4.481825 0.003174
v -0.713075 4.008220 -0.150468
v -0.766783 4.321228 -0.158721
v -0.713075 4.634235 -0.150468
v -0.713075 4.168817 -0.312364
v -0.713075 4.473638 -0.312364
v -0.611558 4.025811 0.435244
v -0.659274 4.344910 0.453215
v -0.615792 4.640327 0.427158
v -0.615792 4.773515 0.292893
v -0.655040 4.775680 0.003174
v -0.611558 4.749832 -0.294631
v -0.611558 4.616644 -0.428895
v -0.638805 4.313111 -0.456202
v -0.595323 4.017694 -0.430145
v -0.615785 3.887122 -0.288280
v -0.655040 3.866775 0.003174
v -0.611558 3.892623 0.300979
v -0.004234 4.184313 0.783006
v -0.004234 4.505508 0.783006
v -0.143075 4.008220 0.737385
v -0.155562 4.344910 0.783006
v -0.147309 4.657918 0.729299
v -0.298637 4.192500 0.729299
v -0.298637 4.497321 0.729299
v -0.004234 4.799363 0.671263
v -0.280904 4.773515 0.627782
v -0.415169 4.640327 0.627782
v -0.441225 4.344910 0.671264
v -0.410934 4.025811 0.635868
v -0.276670 3.892623 0.635868
v 0.000000 3.866775 0.679350
v -0.430078 3.660228 -0.110108
v -0.331931 3.608930 0.181713
v -0.143075 3.592905 0.318713
v 0.000000 3.650475 0.461301
v -0.276670 3.693608 0.435244
v -0.410934 3.693608 0.300980
v -0.474520 3.666500 0.028070
v -0.513308 3.735549 -0.273023
v -0.143075 5.049550 -0.312364
v 0.000000 5.102827 -0.158722
v -0.294403 5.049550 -0.150468
v -0.151328 5.102827 0.003174
v -0.004234 5.126510 0.156984
v -0.294403 5.049550 0.156817
v -0.147309 5.073233 0.310627
v 0.000000 4.991980 -0.454952
v -0.276670 4.948847 -0.428895
v -0.410935 4.948847 -0.294631
v -0.436991 4.991980 0.003174
v -0.415169 4.972530 0.292893
v -0.280904 4.972530 0.427158
v -0.004234 5.015663 0.453215
v -0.486417 3.754055 -0.371159
v -0.188857 3.583458 0.189966
v -0.142569 4.994096 0.440187
v -0.392707 4.917336 0.404697
v -0.428197 4.994096 0.143991
v -0.423963 4.970414 -0.145728
v -0.388473 4.893652 -0.406434
v -0.138335 4.970414 -0.441924
v -0.151436 5.099871 0.152857
v -0.147201 5.076189 -0.154595
v -0.493914 3.701025 -0.122476
v -0.442727 3.680054 0.164525
v -0.388473 3.748803 0.412783
v -0.138335 3.672041 0.448273
v -0.138335 3.879699 0.657609
v -0.388473 3.914904 0.580227
v -0.423963 4.173519 0.657609
v -0.428197 4.492619 0.649523
v -0.392707 4.751234 0.572141
v -0.142569 4.786439 0.649523
v -0.151436 4.501414 0.756153
v -0.151436 4.188406 0.756153
v -0.633299 3.879699 0.152077
v -0.635412 3.876948 -0.142553
v -0.556302 3.897018 -0.400365
v -0.617064 4.165402 -0.443174
v -0.625181 4.464878 -0.442549
v -0.555917 4.727551 -0.406434
v -0.633299 4.762756 -0.145728
v -0.633299 4.762756 0.152077
v -0.560151 4.751234 0.404697
v -0.637533 4.492619 0.440187
v -0.633299 4.173519 0.448273
v -0.555917 3.914904 0.412783
v -0.739929 4.477731 -0.154595
v -0.739929 4.164723 -0.154595
v -0.739929 4.477732 0.160944
v -0.739929 4.164724 0.160944
v -0.041630 4.777950 -0.623734
v -0.306150 4.733371 -0.612904
v -0.385969 4.657623 -0.580456
v -0.437207 4.624818 -0.618510
v -0.451824 4.504671 -0.650237
v -0.418913 4.308438 -0.629895
v -0.392633 4.189472 -0.631791
v -0.425859 4.174829 -0.603163
v -0.413104 4.011114 -0.600456
v -0.413215 3.905450 -0.614611
v -0.521934 3.636646 -0.247993
v -0.472437 3.541043 -0.042301
v -0.307822 3.530310 0.075751
v -0.021764 3.522635 0.221391
v -0.364448 3.958239 0.401285
v -0.364448 4.702548 0.401285
v -0.376394 3.942769 -0.346551
v -0.339335 4.704414 -0.359970
v -0.425697 3.895461 -0.186656
v -0.446660 3.876687 0.026122
v -0.419172 3.903954 0.248707
v -0.419172 4.109594 0.456009
v -0.446660 4.330393 0.483497
v -0.419172 4.551192 0.456009
v -0.419172 4.756832 0.248706
v -0.446660 4.784100 0.026122
v -0.419172 4.756832 -0.196462
v -0.419172 4.551192 -0.395327
v -0.421594 4.317861 -0.424975
v -0.394105 4.097062 -0.405694
v -0.211870 4.756832 -0.403764
v -0.005602 4.772946 -0.421499
v -0.211870 3.903954 0.456009
v -0.005602 3.876687 0.483497
v -0.005602 4.784100 0.483497
v -0.211870 4.756832 0.456009
v -0.536266 4.095075 0.263343
v -0.575912 4.330393 0.276086
v -0.536266 4.565711 0.263343
v -0.575912 4.082434 0.026122
v -0.619189 4.330393 0.026122
v -0.575912 4.578352 0.026122
v -0.536266 4.095075 -0.211099
v -0.575912 4.330393 -0.223842
v -0.536266 4.565711 -0.211099
v -0.404938 3.909747 -0.262416
v -0.005602 4.082434 0.612749
v -0.005602 4.330393 0.656026
v -0.005602 4.578352 0.612749
v -0.226506 4.095075 0.573103
v -0.239249 4.330393 0.612749
v -0.226506 4.565712 0.573102
v -0.378043 3.858888 -0.189057
v -0.297193 3.773214 0.064561
v -0.226506 3.787800 0.263343
v -0.005602 3.748471 0.276086
v -0.005602 4.912315 -0.223842
v -0.226506 4.872987 -0.211099
v -0.005602 4.955245 0.026122
v -0.239249 4.912315 0.026122
v -0.005602 4.912315 0.276086
v -0.226506 4.872987 0.263343
v -0.436179 3.886074 -0.080267
v -0.432916 3.890320 0.137415
v -0.391810 3.931097 0.324996
v -0.391810 4.033916 0.428647
v -0.432916 4.219994 0.469753
v -0.432916 4.440793 0.469753
v -0.391810 4.626870 0.428647
v -0.391810 4.729690 0.324996
v -0.432916 4.770466 0.137414
v -0.432916 4.770466 -0.085170
v -0.391810 4.729690 -0.272751
v -0.391810 4.626870 -0.367965
v -0.420383 4.434527 -0.418473
v -0.407849 4.207462 -0.419438
v -0.389141 4.010547 -0.371935
v -0.307812 4.715274 -0.368146
v -0.108736 4.770466 -0.417508
v -0.288159 3.931097 0.428647
v -0.108736 3.890320 0.469753
v -0.108736 4.770466 0.469753
v -0.288159 4.729690 0.428647
v -0.556089 4.212734 0.269715
v -0.556089 4.448052 0.269715
v -0.556089 4.088754 0.144733
v -0.597550 4.330393 0.151104
v -0.556089 4.572032 0.144733
v -0.597550 4.206413 0.026122
v -0.597550 4.454373 0.026122
v -0.556089 4.088754 -0.092488
v -0.597550 4.330393 -0.098860
v -0.556089 4.572032 -0.092488
v -0.556089 4.212734 -0.217470
v -0.556089 4.448052 -0.217470
v -0.477719 4.102334 0.359676
v -0.511286 4.330393 0.379792
v -0.477719 4.558452 0.359676
v -0.477719 4.661272 0.256025
v -0.511286 4.681226 0.026122
v -0.477719 4.661272 -0.203780
v -0.477719 4.558452 -0.307431
v -0.498753 4.324127 -0.328512
v -0.465185 4.096068 -0.308396
v -0.480981 3.995268 -0.198877
v -0.511286 3.979560 0.026122
v -0.477719 3.999515 0.256025
v -0.005602 4.206414 0.634387
v -0.005602 4.454373 0.634387
v -0.116054 4.088754 0.592926
v -0.122426 4.330393 0.634387
v -0.116054 4.572032 0.592926
v -0.232878 4.212734 0.592926
v -0.232878 4.448052 0.592926
v -0.005602 4.681226 0.548123
v -0.219188 4.661272 0.514556
v -0.322839 4.558452 0.514556
v -0.342955 4.330393 0.548123
v -0.322839 4.102334 0.514556
v -0.219188 3.999515 0.514556
v -0.005602 3.979560 0.548123
v -0.337618 3.820108 -0.061330
v -0.261849 3.780507 0.163952
v -0.116054 3.768136 0.269715
v -0.005602 3.812579 0.379792
v -0.219188 3.845877 0.359676
v -0.322839 3.845877 0.256025
v -0.371926 3.824950 0.045342
v -0.401870 3.878255 -0.187099
v -0.116054 4.892651 -0.217470
v -0.005602 4.933780 -0.098860
v -0.232878 4.892651 -0.092488
v -0.122426 4.933780 0.026122
v -0.005602 4.933780 0.151104
v -0.232878 4.892651 0.144733
v -0.116054 4.892651 0.269715
v -0.005602 4.848207 -0.327547
v -0.219188 4.814909 -0.307431
v -0.322839 4.814909 -0.203780
v -0.342955 4.848207 0.026122
v -0.322839 4.814909 0.256025
v -0.219188 4.814909 0.359676
v -0.005602 4.848207 0.379792
v -0.381111 3.892541 -0.262859
v -0.151397 3.760842 0.170324
v -0.112395 4.831559 0.369734
v -0.305499 4.772300 0.342336
v -0.332897 4.831558 0.141074
v -0.332897 4.831558 -0.088829
v -0.305499 4.772300 -0.290091
v -0.112395 4.831558 -0.317489
v -0.119240 4.913216 0.147918
v -0.119240 4.913216 -0.095674
v -0.386898 3.851603 -0.070879
v -0.347383 3.835413 0.150683
v -0.305499 3.888487 0.342336
v -0.112395 3.829228 0.369734
v -0.112395 3.989537 0.531339
v -0.305499 4.016716 0.471601
v -0.332897 4.216364 0.531339
v -0.332897 4.444423 0.531339
v -0.305499 4.644071 0.471601
v -0.112395 4.671249 0.531339
v -0.119240 4.451213 0.613656
v -0.119240 4.209574 0.613656
v -0.494502 3.989537 0.141074
v -0.496134 3.987414 -0.086377
v -0.435061 4.002907 -0.285406
v -0.481969 4.210098 -0.318454
v -0.488236 4.441289 -0.317972
v -0.434764 4.644071 -0.290091
v -0.494502 4.671249 -0.088829
v -0.494502 4.671249 0.141074
v -0.434764 4.644071 0.342336
v -0.494502 4.444423 0.369734
v -0.494502 4.216364 0.369734
v -0.434764 4.016716 0.342336
v -0.576820 4.451212 -0.095674
v -0.576820 4.209574 -0.095674
v -0.576820 4.451213 0.147919
v -0.576820 4.209574 0.147919
v -0.037740 4.682979 -0.457845
v -0.241946 4.648564 -0.449484
v -0.303566 4.590087 -0.424435
v -0.343121 4.564762 -0.453812
v -0.354405 4.472010 -0.478305
v -0.328998 4.320520 -0.462601
v -0.308710 4.228679 -0.464064
v -0.334361 4.217375 -0.441964
v -0.324514 4.090989 -0.439875
v -0.324599 4.009417 -0.450802
v -0.408530 3.801903 -0.167776
v -0.370318 3.728098 -0.008984
v -0.243237 3.719813 0.082151
v -0.022403 3.713888 0.194584
v 0.464833 3.839156 0.489143
v 0.464833 4.803299 0.489143
v 0.480307 3.819117 -0.479570
v 0.432303 4.805717 -0.496951
v 0.544172 3.757837 -0.272449
v 0.571326 3.733517 0.003175
v 0.535719 3.768839 0.291500
v 0.535719 4.035215 0.560029
v 0.571326 4.321228 0.595636
v 0.535719 4.607241 0.560029
v 0.535719 4.873617 0.291499
v 0.537806 4.875796 0.111427
v 0.535719 4.873617 -0.285151
v 0.535719 4.607240 -0.542751
v 0.538856 4.304994 -0.581156
v 0.503249 4.018981 -0.556180
v 0.267190 4.873617 -0.553680
v 0.267190 3.768839 0.560029
v 0.267190 4.873617 0.560029
v 0.687397 4.016407 0.310459
v 0.738753 4.321228 0.326966
v 0.687397 4.626048 0.310459
v 0.738753 4.000032 0.003174
v 0.794812 4.321228 0.003174
v 0.738753 4.642423 0.003174
v 0.687397 4.016407 -0.304110
v 0.738753 4.321228 -0.320617
v 0.687397 4.626048 -0.304110
v 0.517281 3.776342 -0.370585
v 0.286150 4.016407 0.711707
v 0.302656 4.321228 0.763063
v 0.286150 4.626048 0.711707
v 0.482443 3.710462 -0.275558
v 0.377713 3.599483 0.052966
v 0.286150 3.618377 0.310459
v 0.286150 5.024078 -0.304111
v 0.302656 5.075022 0.003174
v 0.286150 5.024078 0.310459
v 0.557749 3.745677 -0.134637
v 0.553523 3.751178 0.147337
v 0.500276 3.803998 0.390321
v 0.500276 3.937186 0.524586
v 0.553523 4.178221 0.577833
v 0.553523 4.464234 0.577833
v 0.500276 4.705270 0.524586
v 0.500276 4.838458 0.390321
v 0.539055 4.877213 0.138404
v 0.539345 4.876925 -0.132056
v 0.500276 4.838458 -0.383973
v 0.500276 4.705270 -0.507308
v 0.537288 4.456117 -0.572734
v 0.521053 4.161988 -0.573984
v 0.496819 3.906914 -0.512450
v 0.391470 4.819784 -0.507542
v 0.133595 4.891277 -0.571484
v 0.366012 3.803998 0.524586
v 0.133595 3.751178 0.577833
v 0.133595 4.891277 0.577833
v 0.366012 4.838458 0.524586
v 0.713075 4.168818 0.318713
v 0.713075 4.473638 0.318713
v 0.713075 4.008220 0.156817
v 0.766783 4.321228 0.165070
v 0.713075 4.634235 0.156817
v 0.766783 4.160630 0.003174
v 0.766783 4.481825 0.003174
v 0.713075 4.008220 -0.150468
v 0.766783 4.321228 -0.158721
v 0.713075 4.634235 -0.150468
v 0.713075 4.168817 -0.312364
v 0.713075 4.473638 -0.312364
v 0.611558 4.025811 0.435244
v 0.655040 4.321228 0.461301
v 0.611558 4.616644 0.435244
v 0.611558 4.749833 0.300979
v 0.635217 4.781844 0.003378
v 0.611558 4.749832 -0.294631
v 0.611558 4.616644 -0.428895
v 0.638805 4.313111 -0.456202
v 0.595323 4.017694 -0.430145
v 0.615785 3.887122 -0.288280
v 0.655040 3.866775 0.003174
v 0.611558 3.892623 0.300979
v 0.143075 4.008220 0.737385
v 0.151328 4.321228 0.791092
v 0.143075 4.634235 0.737385
v 0.294403 4.168818 0.737385
v 0.294403 4.473638 0.737385
v 0.276670 4.749833 0.635868
v 0.410935 4.616644 0.635868
v 0.436991 4.321228 0.679350
v 0.410934 4.025811 0.635868
v 0.276670 3.892623 0.635868
v 0.430078 3.660228 -0.110108
v 0.331931 3.608930 0.181713
v 0.143075 3.592905 0.318713
v 0.276670 3.693608 0.435244
v 0.410934 3.693608 0.300980
v 0.474520 3.666500 0.028070
v 0.513308 3.735549 -0.273023
v 0.143075 5.049550 -0.312364
v 0.294403 5.049550 -0.150468
v 0.151328 5.102827 0.003174
v 0.294403 5.049550 0.156817
v 0.143075 5.049550 0.318713
v 0.276670 4.948847 -0.428895
v 0.410935 4.948847 -0.294631
v 0.443183 4.972295 0.002970
v 0.410934 4.948847 0.300979
v 0.276670 4.948847 0.435244
v 0.486417 3.754055 -0.371159
v 0.188857 3.583458 0.189966
v 0.138335 4.970414 0.448273
v 0.388473 4.893652 0.412783
v 0.471203 4.944506 0.098652
v 0.471408 4.944302 -0.092592
v 0.388473 4.893652 -0.406434
v 0.138335 4.970414 -0.441924
v 0.147201 5.076189 0.160943
v 0.147201 5.076189 -0.154595
v 0.493914 3.701025 -0.122476
v 0.442727 3.680054 0.164525
v 0.388473 3.748803 0.412783
v 0.138335 3.672041 0.448273
v 0.138335 3.879699 0.657609
v 0.388473 3.914904 0.580227
v 0.423963 4.173519 0.657609
v 0.423963 4.468936 0.657609
v 0.388473 4.727551 0.580227
v 0.138335 4.762756 0.657609
v 0.147201 4.477732 0.764239
v 0.147201 4.164724 0.764239
v 0.633299 3.879699 0.152077
v 0.635412 3.876948 -0.142553
v 0.556302 3.897018 -0.400365
v 0.617064 4.165402 -0.443174
v 0.625181 4.464878 -0.442549
v 0.555917 4.727551 -0.406434
v 0.607197 4.809633 -0.092304
v 0.606992 4.809836 0.098941
v 0.555917 4.727551 0.412783
v 0.633299 4.468936 0.448273
v 0.633299 4.173519 0.448273
v 0.555917 3.914904 0.412783
v 0.739929 4.477731 -0.154595
v 0.739929 4.164723 -0.154595
v 0.739929 4.477732 0.160944
v 0.739929 4.164724 0.160944
v 0.041630 4.777950 -0.623734
v 0.306150 4.733371 -0.612904
v 0.385969 4.657623 -0.580456
v 0.437207 4.624818 -0.618510
v 0.451824 4.504671 -0.650237
v 0.418913 4.308438 -0.629895
v 0.392633 4.189472 -0.631791
v 0.425859 4.174829 -0.603163
v 0.413104 4.011114 -0.600456
v 0.413215 3.905450 -0.614611
v 0.521934 3.636646 -0.247993
v 0.472437 3.541043 -0.042301
v 0.307822 3.530310 0.075751
v 0.021764 3.522635 0.221391
v 0.364448 3.958239 0.401285
v 0.364448 4.702548 0.401285
v 0.376394 3.942769 -0.346551
v 0.339335 4.704414 -0.359970
v 0.425697 3.895461 -0.186656
v 0.446660 3.876687 0.026122
v 0.419172 3.903954 0.248707
v 0.419172 4.109594 0.456009
v 0.446660 4.330393 0.483497
v 0.419172 4.551192 0.456009
v 0.419172 4.756832 0.248706
v 0.446660 4.784100 0.026122
v 0.419172 4.756832 -0.196462
v 0.419172 4.551192 -0.395327
v 0.421594 4.317861 -0.424975
v 0.394105 4.097062 -0.405694
v 0.211870 4.756832 -0.403764
v 0.005602 4.772946 -0.421499
v 0.211870 3.903954 0.456009
v 0.005602 3.876687 0.483497
v 0.005602 4.784100 0.483497
v 0.211870 4.756832 0.456009
v 0.536266 4.095075 0.263343
v 0.575912 4.330393 0.276086
v 0.536266 4.565711 0.263343
v 0.575912 4.082434 0.026122
v 0.619189 4.330393 0.026122
v 0.575912 4.578352 0.026122
v 0.536266 4.095075 -0.211099
v 0.575912 4.330393 -0.223842
v 0.536266 4.565711 -0.211099
v 0.404938 3.909747 -0.262416
v 0.005602 4.082434 0.612749
v 0.005602 4.330393 0.656026
v 0.005602 4.578352 0.612749
v 0.226506 4.095075 0.573103
v 0.239249 4.330393 0.612749
v 0.226506 4.565712 0.573102
v 0.378043 3.858888 -0.189057
v 0.297193 3.773214 0.064561
v 0.226506 3.787800 0.263343
v 0.005602 3.748471 0.276086
v 0.005602 4.912315 -0.223842
v 0.226506 4.872987 -0.211099
v 0.005602 4.955245 0.026122
v 0.239249 4.912315 0.026122
v 0.005602 4.912315 0.276086
v 0.226506 4.872987 0.263343
v 0.436179 3.886074 -0.080267
v 0.432916 3.890320 0.137415
v 0.391810 3.931097 0.324996
v 0.391810 4.033916 0.428647
v 0.432916 4.219994 0.469753
v 0.432916 4.440793 0.469753
v 0.391810 4.626870 0.428647
v 0.391810 4.729690 0.324996
v 0.432916 4.770466 0.137414
v 0.432916 4.770466 -0.085170
v 0.391810 4.729690 -0.272751
v 0.391810 4.626870 -0.367965
v 0.420383 4.434527 -0.418473
v 0.407849 4.207462 -0.419438
v 0.389141 4.010547 -0.371935
v 0.307812 4.715274 -0.368146
v 0.108736 4.770466 -0.417508
v 0.288159 3.931097 0.428647
v 0.108736 3.890320 0.469753
v 0.108736 4.770466 0.469753
v 0.288159 4.729690 0.428647
v 0.556089 4.212734 0.269715
v 0.556089 4.448052 0.269715
v 0.556089 4.088754 0.144733
v 0.597550 4.330393 0.151104
v 0.556089 4.572032 0.144733
v 0.597550 4.206413 0.026122
v 0.597550 4.454373 0.026122
v 0.556089 4.088754 -0.092488
v 0.597550 4.330393 -0.098860
v 0.556089 4.572032 -0.092488
v 0.556089 4.212734 -0.217470
v 0.556089 4.448052 -0.217470
v 0.477719 4.102334 0.359676
v 0.511286 4.330393 0.379792
v 0.477719 4.558452 0.359676
v 0.477719 4.661272 0.256025
v 0.511286 4.681226 0.026122
v 0.477719 4.661272 -0.203780
v 0.477719 4.558452 -0.307431
v 0.498753 4.324127 -0.328512
v 0.465185 4.096068 -0.308396
v 0.480981 3.995268 -0.198877
v 0.511286 3.979560 0.026122
v 0.477719 3.999515 0.256025
v 0.005602 4.206414 0.634387
v 0.005602 4.454373 0.634387
v 0.116054 4.088754 0.592926
v 0.122426 4.330393 0.634387
v 0.116054 4.572032 0.592926
v 0.232878 4.212734 0.592926
v 0.232878 4.448052 0.592926
v 0.005602 4.681226 0.548123
v 0.219188 4.661272 0.514556
v 0.322839 4.558452 0.514556
v 0.342955 4.330393 0.548123
v 0.322839 4.102334 0.514556
v 0.219188 3.999515 0.514556
v 0.005602 3.979560 0.548123
v 0.337618 3.820108 -0.061330
v 0.261849 3.780507 0.163952
v 0.116054 3.768136 0.269715
v 0.005602 3.812579 0.379792
v 0.219188 3.845877 0.359676
v 0.322839 3.845877 0.256025
v 0.371926 3.824950 0.045342
v 0.401870 3.878255 -0.187099
v 0.116054 4.892651 -0.217470
v 0.005602 4.933780 -0.098860
v 0.232878 4.892651 -0.092488
v 0.122426 4.933780 0.026122
v 0.005602 4.933780 0.151104
v 0.232878 4.892651 0.144733
v 0.116054 4.892651 0.269715
v 0.005602 4.848207 -0.327547
v 0.219188 4.814909 -0.307431
v 0.322839 4.814909 -0.203780
v 0.342955 4.848207 0.026122
v 0.322839 4.814909 0.256025
v 0.219188 4.814909 0.359676
v 0.005602 4.848207 0.379792
v 0.381111 3.892541 -0.262859
v 0.151397 3.760842 0.170324
v 0.112395 4.831559 0.369734
v 0.305499 4.772300 0.342336
v 0.332897 4.831558 0.141074
v 0.332897 4.831558 -0.088829
v 0.305499 4.772300 -0.290091
v 0.112395 4.831558 -0.317489
v 0.119240 4.913216 0.147918
v 0.119240 4.913216 -0.095674
v 0.386898 3.851603 -0.070879
v 0.347383 3.835413 0.150683
v 0.305499 3.888487 0.342336
v 0.112395 3.829228 0.369734
v 0.112395 3.989537 0.531339
v 0.305499 4.016716 0.471601
v 0.332897 4.216364 0.531339
v 0.332897 4.444423 0.531339
v 0.305499 4.644071 0.471601
v 0.112395 4.671249 0.531339
v 0.119240 4.451213 0.613656
v 0.119240 4.209574 0.613656
v 0.494502 3.989537 0.141074
v 0.496134 3.987414 -0.086377
v 0.435061 4.002907 -0.285406
v 0.481969 4.210098 -0.318454
v 0.488236 4.441289 -0.317972
v 0.434764 4.644071 -0.290091
v 0.494502 4.671249 -0.088829
v 0.494502 4.671249 0.141074
v 0.434764 4.644071 0.342336
v 0.494502 4.444423 0.369734
v 0.494502 4.216364 0.369734
v 0.434764 4.016716 0.342336
v 0.576820 4.451212 -0.095674
v 0.576820 4.209574 -0.095674
v 0.576820 4.451213 0.147919
v 0.576820 4.209574 0.147919
v 0.037740 4.682979 -0.457845
v 0.241946 4.648564 -0.449484
v 0.303566 4.590087 -0.424435
v 0.343121 4.564762 -0.453812
v 0.354405 4.472010 -0.478305
v 0.328998 4.320520 -0.462601
v 0.308710 4.228679 -0.464064
v 0.334361 4.217375 -0.441964
v 0.324514 4.090989 -0.439875
v 0.324599 4.009417 -0.450802
v 0.408530 3.801903 -0.167776
v 0.370318 3.728098 -0.008984
v 0.243237 3.719813 0.082151
v 0.022403 3.713888 0.194584
v 0.538039 4.875565 -0.106266
v 0.615207 4.799034 0.002745
v 0.460639 4.952327 0.002416
v 0.483192 4.929959 0.079430
v 0.483357 4.929796 -0.074502
v 0.592653 4.821402 -0.074269
v 0.592488 4.821565 0.079662
v 0.558305 4.898075 0.117318
v 0.558530 4.897851 -0.093101
v 0.633119 4.823878 0.012267
v 0.483716 4.972049 0.011949
v 0.505516 4.950428 0.086390
v 0.505675 4.950271 -0.062398
v 0.611319 4.845498 -0.062174
v 0.611160 4.845656 0.086615
v 0.578030 4.918018 0.144013
v 0.578310 4.917740 -0.117733
v 0.671093 4.825723 0.013337
v 0.485246 5.010036 0.012943
v 0.512364 4.983142 0.105541
v 0.512562 4.982946 -0.079541
v 0.643976 4.852616 -0.079261
v 0.643777 4.852813 0.105821
v 0.629424 4.971946 0.190367
v 0.629808 4.971568 -0.166427
v 0.756722 4.846579 0.012239
v 0.502510 5.096935 0.011701
v 0.539603 5.060405 0.137925
v 0.539875 5.060138 -0.114366
v 0.719629 4.883109 -0.113985
v 0.719358 4.883376 0.138306
v 0.728060 5.075005 0.231414
v 0.728516 5.074555 -0.192934
v 0.879460 4.925901 0.019560
v 0.577116 5.223659 0.018920
v 0.621232 5.180212 0.169044
v 0.621555 5.179894 -0.131016
v 0.835343 4.969347 -0.130563
v 0.835021 4.969666 0.169496
v 0.804936 5.165364 0.210767
v 0.805352 5.164955 -0.175959
v 0.942913 5.029480 0.017696
v 0.667375 5.300839 0.017113
v 0.707580 5.261244 0.153926
v 0.707874 5.260955 -0.119530
v 0.902708 5.069075 -0.119118
v 0.902415 5.069364 0.154339
v 0.855708 5.223526 0.163451
v 0.856024 5.223214 -0.130905
v 0.960729 5.120097 0.016495
v 0.751003 5.326643 0.016051
v 0.781605 5.296504 0.120187
v 0.781829 5.296285 -0.087955
v 0.930127 5.150235 -0.087641
v 0.929903 5.150455 0.120501
v 0.906498 5.278598 0.092013
v 0.906663 5.278435 -0.061387
v 0.961229 5.224698 0.015429
v 0.851933 5.332336 0.015197
v 0.867880 5.316630 0.069466
v 0.867997 5.316515 -0.039004
v 0.945281 5.240403 -0.038840
v 0.945164 5.240518 0.069630
v 0.967973 5.340249 0.007561
vn -0.9706 -0.1710 0.1696
vn -0.9707 -0.1710 0.1688
vn -0.9708 -0.1702 0.1689
vn -0.9707 -0.1702 0.1696
vn -0.9707 0.1702 0.1696
vn -0.9706 0.1702 0.1704
vn -0.9706 -0.1710 -0.1696
vn -0.9707 -0.1710 -0.1688
vn -0.9706 -0.1718 -0.1688
vn -0.9704 -0.1718 -0.1696
vn -0.9706 0.1710 -0.1696
vn -0.9704 0.1710 -0.1704
vn -0.9703 0.1718 -0.1705
vn -0.9704 0.1718 -0.1696
vn -0.7388 -0.4785 0.4746
vn -0.8310 -0.1543 0.5345
vn -0.8365 0.1691 0.5212
vn -0.7489 0.4815 0.4552
vn -0.8348 0.5244 0.1674
vn -0.8349 0.5244 -0.1674
vn -0.6951 0.4885 -0.5275
vn -0.8200 0.1217 -0.5592
vn -0.7882 -0.1487 -0.5972
vn -0.7927 -0.3189 -0.5195
vn -0.8503 -0.5016 -0.1594
vn -0.8349 -0.5244 0.1674
vn -0.8348 -0.5244 0.1674
vn -0.1812 -0.9740 0.1359
vn -0.1804 -0.1710 0.9686
vn -0.1804 -0.1719 0.9685
vn -0.1814 0.1710 0.9684
vn -0.1825 0.1709 0.9682
vn -0.1825 0.1719 0.9681
vn -0.1814 0.1719 0.9683
vn -0.1798 0.5236 0.8328
vn -0.1800 0.5236 0.8328
vn -0.1800 0.5237 0.8327
vn -0.1798 0.5237 0.8327
vn -0.4551 0.4588 0.7631
vn -0.5212 0.1691 0.8365
vn -0.5244 -0.1192 0.8431
vn -0.4778 -0.4590 0.7491
vn -0.1798 -0.5236 0.8328
vn -0.1796 -0.5236 0.8328
vn -0.1796 -0.5237 0.8327
vn -0.1798 -0.5237 0.8327
vn -0.1792 -0.8367 0.5176
vn -0.1792 -0.8367 0.5174
vn -0.1794 -0.8367 0.5174
vn -0.1794 -0.8366 0.5176
vn -0.4540 -0.7530 0.4764
vn -0.5324 -0.8157 0.2265
vn -0.5309 -0.8370 -0.1328
vn -0.1801 0.9691 -0.1684
vn -0.1801 0.9690 -0.1693
vn -0.1791 0.9692 -0.1693
vn -0.1791 0.9693 -0.1684
vn -0.2552 0.9620 0.0970
vn -0.2563 0.9617 0.0970
vn -0.1791 0.8366 -0.5176
vn -0.1792 0.8366 -0.5177
vn -0.1790 0.8366 -0.5178
vn -0.1790 0.8367 -0.5176
vn -0.4764 0.7530 -0.4540
vn -0.5184 0.8387 -0.1668
vn -0.5786 0.8097 0.0982
vn -0.5787 0.8096 0.0982
vn -0.4538 0.7670 0.4538
vn -0.1792 0.8367 0.5176
vn -0.1792 0.8366 0.5177
vn -0.1794 0.8365 0.5177
vn -0.1794 0.8366 0.5176
vn -0.5622 -0.7709 -0.2994
vn -0.6155 -0.7264 -0.3057
vn -0.5256 -0.7161 -0.4594
vn -0.1792 0.8367 0.5174
vn -0.1794 0.8367 0.5174
vn -0.1790 0.8368 0.5175
vn -0.1790 0.8367 0.5176
vn -0.1790 0.8366 0.5178
vn -0.4540 0.7530 0.4764
vn -0.4734 0.7428 0.4734
vn -0.4764 0.7530 0.4540
vn -0.4557 0.8849 0.0966
vn -0.4609 0.8822 0.0968
vn -0.4556 0.8849 0.0966
vn -0.4604 0.8824 0.0966
vn -0.5784 0.8098 0.0982
vn -0.5184 0.8387 -0.1669
vn -0.4734 0.7428 -0.4734
vn -0.4787 0.7264 -0.4932
vn -0.4450 0.7404 -0.5038
vn -0.1790 0.8368 -0.5175
vn -0.1123 0.8119 -0.5729
vn -0.1794 0.8365 -0.5177
vn -0.1811 0.9691 0.1674
vn -0.1796 0.9835 0.0204
vn -0.2542 0.9623 0.0970
vn -0.1801 0.9693 -0.1674
vn -0.1791 0.9695 -0.1674
vn -0.1811 0.9691 -0.1674
vn -0.1811 0.9689 -0.1683
vn -0.1811 0.9688 -0.1693
vn -0.5472 -0.8279 -0.1230
vn -0.5631 -0.8175 -0.1210
vn -0.5621 -0.8218 -0.0928
vn -0.5336 -0.8250 0.1861
vn -0.5703 -0.7992 0.1897
vn -0.5710 -0.7865 0.2352
vn -0.4538 -0.7670 0.4537
vn -0.4764 -0.7530 0.4540
vn -0.4734 -0.7428 0.4734
vn -0.1792 -0.8366 0.5177
vn -0.1794 -0.8365 0.5177
vn -0.1790 -0.8366 0.5178
vn -0.1790 -0.8367 0.5176
vn -0.1790 -0.8368 0.5175
vn -0.1800 -0.5236 0.8328
vn -0.1800 -0.5237 0.8327
vn -0.1800 -0.5234 0.8329
vn -0.1798 -0.5234 0.8329
vn -0.1796 -0.5234 0.8329
vn -0.4551 -0.4588 0.7631
vn -0.4552 -0.4815 0.7489
vn -0.4746 -0.4785 0.7388
vn -0.5212 -0.1691 0.8365
vn -0.4988 -0.1431 0.8548
vn -0.4997 -0.1431 0.8543
vn -0.4996 -0.1431 0.8544
vn -0.5005 -0.1432 0.8538
vn -0.4778 0.4590 0.7491
vn -0.4746 0.4785 0.7388
vn -0.4552 0.4815 0.7489
vn -0.1796 0.5236 0.8328
vn -0.1796 0.5237 0.8327
vn -0.1796 0.5234 0.8329
vn -0.1798 0.5234 0.8329
vn -0.1800 0.5234 0.8329
vn -0.1804 0.1710 0.9686
vn -0.1804 0.1719 0.9685
vn -0.1804 0.1700 0.9688
vn -0.1814 0.1700 0.9686
vn -0.1824 0.1700 0.9684
vn -0.1815 -0.1102 0.9772
vn -0.1815 -0.1103 0.9772
vn -0.1815 -0.1101 0.9772
vn -0.1804 -0.1700 0.9688
vn -0.8537 -0.5018 -0.1395
vn -0.8435 -0.5187 -0.1396
vn -0.8407 -0.5176 -0.1590
vn -0.8239 -0.3528 -0.4435
vn -0.8126 -0.4312 -0.3921
vn -0.7544 -0.4252 -0.5001
vn -0.7959 -0.1685 -0.5815
vn -0.7965 -0.1680 -0.5808
vn -0.7957 -0.1699 -0.5813
vn -0.7961 -0.1670 -0.5816
vn -0.7969 -0.1671 -0.5805
vn -0.7976 -0.1671 -0.5795
vn -0.7998 0.0834 -0.5944
vn -0.8036 0.1454 -0.5772
vn -0.8277 0.1460 -0.5419
vn -0.7262 0.4585 -0.5123
vn -0.7388 0.4785 -0.4746
vn -0.7489 0.4815 -0.4552
vn -0.8348 0.5244 -0.1674
vn -0.8475 0.5265 0.0670
vn -0.8477 0.5265 0.0650
vn -0.8475 0.5265 0.0671
vn -0.8478 0.5265 0.0632
vn -0.7388 0.4785 0.4746
vn -0.7491 0.4590 0.4778
vn -0.7631 0.4588 0.4551
vn -0.8434 0.1590 0.5132
vn -0.8365 -0.1691 0.5212
vn -0.8403 -0.1420 0.5231
vn -0.7489 -0.4815 0.4552
vn -0.7631 -0.4588 0.4551
vn -0.7491 -0.4590 0.4778
vn -0.9707 0.1710 -0.1688
vn -0.9706 0.1718 -0.1688
vn -0.9708 0.1702 -0.1689
vn -0.9707 0.1702 -0.1696
vn -0.9706 0.1702 -0.1704
vn -0.9704 -0.1710 -0.1704
vn -0.9703 -0.1718 -0.1705
vn -0.9706 -0.1702 -0.1704
vn -0.9707 -0.1702 -0.1696
vn -0.9708 -0.1702 -0.1689
vn -0.9708 0.1702 0.1689
vn -0.9772 0.1511 0.1493
vn -0.9772 0.1712 0.1255
vn -0.9704 -0.1710 0.1704
vn -0.9706 -0.1702 0.1704
vn -0.9703 -0.1718 0.1705
vn -0.9704 -0.1718 0.1696
vn -0.9706 -0.1718 0.1688
vn -0.0450 0.3880 -0.9206
vn -0.1745 0.4238 -0.8888
vn -0.4560 0.3521 -0.8174
vn -0.5837 0.4637 -0.6665
vn -0.4509 0.4432 -0.7748
vn -0.2221 0.1920 -0.9559
vn -0.2867 0.0563 -0.9564
vn -0.2818 -0.0830 -0.9559
vn -0.4464 -0.1651 -0.8795
vn -0.7451 -0.2791 -0.6057
vn 0.7383 -0.5439 -0.3988
vn 0.7459 -0.5093 -0.4292
vn -0.5723 -0.3311 0.7502
vn -0.3791 -0.8211 0.4266
vn 0.9706 0.1710 -0.1696
vn 0.9707 0.1702 -0.1696
vn 0.9708 0.1702 -0.1689
vn 0.9707 0.1710 -0.1688
vn 0.9706 -0.1710 -0.1696
vn 0.9707 -0.1702 -0.1696
vn 0.9706 -0.1702 -0.1704
vn 0.9704 -0.1710 -0.1704
vn 0.9706 0.1710 0.1696
vn 0.9704 0.1718 0.1696
vn 0.9706 0.1718 0.1688
vn 0.9707 0.1710 0.1688
vn 0.9706 -0.1710 0.1696
vn 0.9704 -0.1718 0.1696
vn 0.9703 -0.1718 0.1705
vn 0.9704 -0.1710 0.1704
vn 0.7388 0.4785 -0.4746
vn 0.8365 0.1691 -0.5212
vn 0.8365 -0.1691 -0.5212
vn 0.7489 -0.4815 -0.4552
vn 0.8349 -0.5244 -0.1674
vn 0.8348 -0.5244 -0.1674
vn 0.8349 -0.5244 0.1674
vn 0.6951 -0.4885 0.5275
vn 0.8200 -0.1217 0.5592
vn 0.7882 0.1487 0.5972
vn 0.7927 0.3189 0.5195
vn 0.8502 0.5017 0.1594
vn 0.8349 0.5244 -0.1674
vn 0.8348 0.5244 -0.1674
vn 0.1813 0.9740 -0.1359
vn 0.1814 0.1710 -0.9684
vn 0.1814 0.1719 -0.9683
vn 0.1804 0.1719 -0.9685
vn 0.1804 0.1710 -0.9686
vn 0.1814 -0.1710 -0.9684
vn 0.1814 -0.1719 -0.9683
vn 0.1825 -0.1719 -0.9681
vn 0.1825 -0.1709 -0.9682
vn 0.1798 -0.5236 -0.8328
vn 0.1798 -0.5237 -0.8327
vn 0.1800 -0.5237 -0.8327
vn 0.1800 -0.5235 -0.8328
vn 0.4551 -0.4588 -0.7631
vn 0.5212 -0.1691 -0.8365
vn 0.5212 0.1691 -0.8365
vn 0.4777 0.4590 -0.7491
vn 0.1798 0.5236 -0.8328
vn 0.1798 0.5237 -0.8327
vn 0.1796 0.5237 -0.8327
vn 0.1796 0.5236 -0.8328
vn 0.1792 0.8367 -0.5176
vn 0.1794 0.8366 -0.5176
vn 0.1794 0.8367 -0.5174
vn 0.1792 0.8367 -0.5174
vn 0.4540 0.7530 -0.4764
vn 0.5324 0.8157 -0.2265
vn 0.5309 0.8370 0.1328
vn 0.1801 -0.9691 0.1684
vn 0.1791 -0.9693 0.1684
vn 0.1791 -0.9692 0.1693
vn 0.1801 -0.9690 0.1693
vn 0.1801 -0.9691 -0.1684
vn 0.1811 -0.9689 -0.1683
vn 0.1811 -0.9688 -0.1693
vn 0.1801 -0.9690 -0.1693
vn 0.1791 -0.8366 0.5176
vn 0.1790 -0.8367 0.5176
vn 0.1790 -0.8366 0.5178
vn 0.1792 -0.8366 0.5177
vn 0.4764 -0.7530 0.4540
vn 0.5184 -0.8387 0.1668
vn 0.5184 -0.8387 -0.1668
vn 0.4538 -0.7670 -0.4538
vn 0.1792 -0.8367 -0.5176
vn 0.1794 -0.8366 -0.5176
vn 0.1794 -0.8365 -0.5177
vn 0.1792 -0.8366 -0.5177
vn 0.5622 0.7709 0.2994
vn 0.1812 0.9740 -0.1359
vn 0.6156 0.7264 0.3056
vn 0.5256 0.7160 0.4594
vn 0.1792 -0.8367 -0.5174
vn 0.1794 -0.8367 -0.5174
vn 0.1790 -0.8368 -0.5175
vn 0.1790 -0.8367 -0.5176
vn 0.1790 -0.8366 -0.5178
vn 0.4540 -0.7530 -0.4764
vn 0.4734 -0.7428 -0.4734
vn 0.4764 -0.7530 -0.4540
vn 0.5184 -0.8387 -0.1669
vn 0.5184 -0.8387 0.1669
vn 0.4734 -0.7428 0.4734
vn 0.4787 -0.7264 0.4932
vn 0.4450 -0.7404 0.5038
vn 0.1790 -0.8368 0.5175
vn 0.1123 -0.8119 0.5729
vn 0.1794 -0.8365 0.5177
vn 0.1801 -0.9693 -0.1674
vn 0.1811 -0.9691 -0.1674
vn 0.1791 -0.9695 -0.1674
vn 0.1791 -0.9693 -0.1684
vn 0.1791 -0.9692 -0.1693
vn 0.1801 -0.9693 0.1674
vn 0.1791 -0.9695 0.1674
vn 0.1811 -0.9691 0.1674
vn 0.1811 -0.9689 0.1683
vn 0.1811 -0.9688 0.1693
vn 0.5472 0.8279 0.1230
vn 0.5631 0.8175 0.1210
vn 0.5621 0.8218 0.0928
vn 0.5336 0.8250 -0.1861
vn 0.5703 0.7992 -0.1897
vn 0.5710 0.7865 -0.2352
vn 0.4538 0.7670 -0.4538
vn 0.4764 0.7530 -0.4540
vn 0.4734 0.7428 -0.4734
vn 0.1792 0.8366 -0.5177
vn 0.1794 0.8365 -0.5177
vn 0.1790 0.8366 -0.5178
vn 0.1790 0.8367 -0.5176
vn 0.1790 0.8368 -0.5175
vn 0.1800 0.5236 -0.8328
vn 0.1800 0.5237 -0.8327
vn 0.1800 0.5234 -0.8329
vn 0.1798 0.5234 -0.8329
vn 0.1796 0.5234 -0.8329
vn 0.4551 0.4588 -0.7631
vn 0.4552 0.4815 -0.7489
vn 0.4746 0.4785 -0.7388
vn 0.4778 -0.4590 -0.7491
vn 0.4746 -0.4785 -0.7388
vn 0.4552 -0.4815 -0.7489
vn 0.1796 -0.5236 -0.8328
vn 0.1796 -0.5237 -0.8327
vn 0.1796 -0.5234 -0.8329
vn 0.1798 -0.5234 -0.8329
vn 0.1800 -0.5234 -0.8329
vn 0.1804 -0.1710 -0.9686
vn 0.1804 -0.1719 -0.9685
vn 0.1804 -0.1700 -0.9688
vn 0.1814 -0.1700 -0.9686
vn 0.1824 -0.1700 -0.9684
vn 0.1825 0.1709 -0.9682
vn 0.1825 0.1719 -0.9681
vn 0.1824 0.1700 -0.9684
vn 0.1814 0.1700 -0.9686
vn 0.1804 0.1700 -0.9688
vn 0.8537 0.5018 0.1395
vn 0.8435 0.5187 0.1396
vn 0.8407 0.5176 0.1590
vn 0.8239 0.3528 0.4435
vn 0.8126 0.4312 0.3921
vn 0.7544 0.4252 0.5001
vn 0.7959 0.1685 0.5815
vn 0.7957 0.1699 0.5813
vn 0.7965 0.1680 0.5808
vn 0.7961 0.1670 0.5816
vn 0.7969 0.1671 0.5805
vn 0.7976 0.1671 0.5795
vn 0.7998 -0.0834 0.5944
vn 0.8036 -0.1454 0.5772
vn 0.8277 -0.1460 0.5419
vn 0.7262 -0.4585 0.5123
vn 0.7388 -0.4785 0.4746
vn 0.7489 -0.4815 0.4552
vn 0.8348 -0.5244 0.1674
vn 0.7388 -0.4785 -0.4746
vn 0.7491 -0.4590 -0.4778
vn 0.7631 -0.4588 -0.4551
vn 0.7489 0.4815 -0.4552
vn 0.7631 0.4588 -0.4551
vn 0.7491 0.4590 -0.4777
vn 0.9707 -0.1710 0.1688
vn 0.9706 -0.1718 0.1688
vn 0.9708 -0.1702 0.1689
vn 0.9707 -0.1702 0.1696
vn 0.9706 -0.1702 0.1704
vn 0.9704 0.1710 0.1704
vn 0.9703 0.1718 0.1705
vn 0.9706 0.1702 0.1704
vn 0.9707 0.1702 0.1696
vn 0.9708 0.1702 0.1689
vn 0.9707 -0.1710 -0.1688
vn 0.9708 -0.1702 -0.1689
vn 0.9706 -0.1718 -0.1688
vn 0.9704 -0.1718 -0.1696
vn 0.9703 -0.1718 -0.1705
vn 0.9704 0.1710 -0.1704
vn 0.9706 0.1702 -0.1704
vn 0.9703 0.1718 -0.1705
vn 0.9704 0.1718 -0.1696
vn 0.9706 0.1718 -0.1688
vn 0.0450 -0.3880 0.9206
vn 0.1745 -0.4238 0.8888
vn 0.4560 -0.3521 0.8174
vn 0.5837 -0.4637 0.6665
vn 0.4509 -0.4432 0.7748
vn 0.2221 -0.1920 0.9559
vn 0.2867 -0.0563 0.9564
vn 0.2818 0.0830 0.9559
vn 0.4464 0.1651 0.8795
vn 0.7451 0.2791 0.6058
vn 0.5723 0.3311 -0.7502
vn 0.3791 0.8211 -0.4266
vn 0.5997 0.5337 -0.5963
vn -0.9119 0.0837 0.4017
vn 0.9995 0.0264 -0.0163
vn 0.1128 -0.9131 0.3919
vn 0.7581 -0.3485 -0.5512
vn 0.4104 0.6530 -0.6365
vn 1.0000 -0.0015 -0.0080
vn 1.0000 -0.0044 -0.0076
vn 1.0000 -0.0044 -0.0069
vn -0.8993 -0.2043 0.3866
vn 0.8141 -0.0631 -0.5773
vn 0.3915 -0.8579 0.3327
vn 0.8771 0.2513 -0.4094
vn 1.0000 -0.0064 -0.0040
vn 1.0000 -0.0074 -0.0015
vn 1.0000 -0.0061 -0.0036
vn -0.8476 0.5092 0.1493
vn 1.0000 -0.0068 -0.0046
vn 1.0000 -0.0040 -0.0064
vn -0.6851 -0.7168 0.1300
vn -0.8125 0.3215 0.4863
vn 0.9995 -0.0312 0.0054
vn 0.8076 0.4590 -0.3704
vn -0.8719 0.4364 0.2224
vn 0.8531 -0.4671 -0.2323
vn -0.6320 -0.7441 0.2167
vn 0.9995 -0.0274 0.0158
vn 0.9996 -0.0289 0.0053
vn 0.8544 -0.4584 -0.2446
vn -0.7626 0.3158 0.5646
vn 0.0995 -0.7665 -0.6344
vn 0.7792 0.4359 -0.4503
vn 0.2592 -0.0558 -0.9642
vn 1.0000 -0.0071 -0.0012
vn -0.6384 -0.6630 0.3910
vn 0.9995 0.0174 -0.0277
vn 0.9997 0.0139 -0.0182
vn 0.9994 0.0194 -0.0276
vn 1.0000 0.0016 -0.0090
vn 1.0000 0.0001 -0.0088
vn 1.0000 0.0015 -0.0086
vn 0.7252 -0.2252 -0.6506
vn 0.7232 0.4983 -0.4783
vn 0.9997 -0.0183 0.0135
vn 1.0000 -0.0015 -0.0087
vn 0.1347 -0.1371 -0.9814
vn -0.4701 -0.7779 0.4171
vn 0.9997 0.0161 -0.0177
vn 0.9474 -0.2676 -0.1754
vn 0.9811 -0.0237 -0.1922
vn 0.9996 -0.0241 0.0168
vn 0.9996 -0.0239 0.0170
vn 0.6070 0.6126 -0.5062
vn -0.8045 -0.5234 -0.2808
vn 0.1786 -0.9716 0.1551
vn 0.9996 -0.0228 0.0182
vn 0.6359 -0.5540 -0.5373
vn 0.8365 -0.1691 0.5212
vn 0.8365 0.1691 0.5212
vn 0.7489 0.4815 0.4552
vn 0.6804 0.7292 0.0729
vn 0.8028 0.5874 -0.1026
vn 0.6951 0.4885 -0.5275
vn 0.8200 0.1217 -0.5592
vn 0.7882 -0.1487 -0.5972
vn 0.7927 -0.3189 -0.5195
vn 0.8503 -0.5016 -0.1594
vn 0.1812 -0.9740 0.1359
vn 0.1814 -0.1719 0.9683
vn 0.1804 -0.1719 0.9685
vn 0.1814 0.1719 0.9683
vn 0.1825 0.1719 0.9681
vn 0.1798 0.5237 0.8327
vn 0.1800 0.5237 0.8327
vn 0.4551 0.4588 0.7631
vn 0.5212 0.1691 0.8365
vn 0.5212 -0.1691 0.8365
vn 0.4778 -0.4590 0.7491
vn 0.1798 -0.5236 0.8328
vn 0.1798 -0.5237 0.8327
vn 0.1796 -0.5237 0.8327
vn 0.1796 -0.5236 0.8328
vn 0.1792 -0.8367 0.5176
vn 0.1794 -0.8366 0.5176
vn 0.1794 -0.8367 0.5174
vn 0.1792 -0.8367 0.5174
vn 0.4540 -0.7530 0.4764
vn 0.5324 -0.8157 0.2265
vn 0.5309 -0.8370 -0.1328
vn 0.1801 0.9691 -0.1684
vn 0.1791 0.9693 -0.1684
vn 0.1791 0.9692 -0.1693
vn 0.1801 0.9690 -0.1693
vn 0.1801 0.9690 0.1693
vn 0.1811 0.9688 0.1693
vn 0.1791 0.8366 -0.5176
vn 0.6817 0.7283 -0.0698
vn 0.5812 0.8073 0.1023
vn 0.4538 0.7670 0.4537
vn 0.1792 0.8366 0.5177
vn 0.1794 0.8365 0.5177
vn 0.5622 -0.7709 -0.2994
vn 0.6155 -0.7264 -0.3057
vn 0.5256 -0.7161 -0.4594
vn 0.2749 0.8169 0.5070
vn 0.2785 0.8160 0.5065
vn 0.2785 0.8160 0.5066
vn 0.2750 0.8169 0.5070
vn 0.1790 0.8366 0.5178
vn 0.4540 0.7530 0.4764
vn 0.4734 0.7428 0.4734
vn 0.4764 0.7530 0.4540
vn 0.5320 0.8330 0.1519
vn 0.5598 0.8183 0.1304
vn 0.6508 0.7587 0.0298
vn 0.5597 0.8183 -0.1307
vn 0.5320 0.8330 -0.1518
vn 0.5814 0.8072 -0.1021
vn 0.4787 0.7264 -0.4932
vn 0.4450 0.7404 -0.5038
vn 0.1123 0.8119 -0.5729
vn 0.3098 0.9366 0.1635
vn 0.2473 0.9636 0.1018
vn 0.1791 0.9692 0.1693
vn 0.1801 0.9693 -0.1674
vn 0.1791 0.9695 -0.1674
vn 0.1811 0.9691 -0.1674
vn 0.1811 0.9689 -0.1683
vn 0.1811 0.9688 -0.1693
vn 0.5472 -0.8279 -0.1230
vn 0.5631 -0.8175 -0.1210
vn 0.5621 -0.8218 -0.0928
vn 0.5336 -0.8250 0.1861
vn 0.5703 -0.7992 0.1897
vn 0.5710 -0.7865 0.2352
vn 0.4538 -0.7670 0.4537
vn 0.1800 -0.5236 0.8328
vn 0.1800 -0.5237 0.8327
vn 0.1800 -0.5234 0.8329
vn 0.1798 -0.5234 0.8329
vn 0.1796 -0.5234 0.8329
vn 0.4551 -0.4588 0.7631
vn 0.4552 -0.4815 0.7489
vn 0.4746 -0.4785 0.7388
vn 0.4777 0.4590 0.7491
vn 0.4746 0.4785 0.7388
vn 0.4552 0.4815 0.7489
vn 0.1796 0.5237 0.8327
vn 0.2121 0.5204 0.8271
vn 0.2127 0.5204 0.8270
vn 0.2129 0.5203 0.8270
vn 0.2136 0.5203 0.8269
vn 0.1804 0.1719 0.9685
vn 0.1514 0.1705 0.9737
vn 0.1519 0.1705 0.9736
vn 0.1520 0.1705 0.9736
vn 0.1525 0.1705 0.9735
vn 0.1825 -0.1719 0.9681
vn 0.1428 -0.1346 0.9806
vn 0.0995 -0.1710 0.9802
vn 0.8537 -0.5018 -0.1395
vn 0.8435 -0.5187 -0.1396
vn 0.8407 -0.5176 -0.1590
vn 0.8239 -0.3528 -0.4435
vn 0.8126 -0.4312 -0.3921
vn 0.7544 -0.4252 -0.5001
vn 0.7959 -0.1685 -0.5815
vn 0.7957 -0.1699 -0.5813
vn 0.7965 -0.1680 -0.5808
vn 0.7961 -0.1670 -0.5816
vn 0.7969 -0.1671 -0.5805
vn 0.7976 -0.1671 -0.5795
vn 0.7998 0.0834 -0.5944
vn 0.8036 0.1454 -0.5772
vn 0.8277 0.1460 -0.5419
vn 0.7262 0.4585 -0.5123
vn 0.8291 0.5380 -0.1524
vn 0.8141 0.5658 -0.1309
vn 0.7529 0.6574 0.0298
vn 0.8141 0.5657 0.1311
vn 0.8290 0.5380 0.1524
vn 0.8026 0.5876 0.1025
vn 0.7388 0.4785 0.4746
vn 0.7491 0.4590 0.4778
vn 0.7631 0.4588 0.4551
vn 0.7631 -0.4588 0.4551
vn 0.7491 -0.4590 0.4778
vn 0.0450 0.3880 -0.9206
vn 0.1745 0.4238 -0.8888
vn 0.4560 0.3521 -0.8174
vn 0.5837 0.4637 -0.6665
vn 0.4509 0.4432 -0.7748
vn 0.2221 0.1920 -0.9559
vn 0.2867 0.0563 -0.9564
vn 0.2818 -0.0830 -0.9559
vn 0.4464 -0.1651 -0.8795
vn 0.7451 -0.2791 -0.6057
vn -0.7383 -0.5439 -0.3988
vn -0.7459 -0.5093 -0.4292
vn 0.5723 -0.3311 0.7502
vn 0.3791 -0.8211 0.4266
vn -0.9706 0.1710 0.1696
vn -0.9707 0.1710 0.1688
vn -0.9706 0.1718 0.1688
vn -0.9704 0.1718 0.1696
vn -0.8365 0.1691 -0.5212
vn -0.8365 -0.1691 -0.5212
vn -0.7489 -0.4815 -0.4552
vn -0.8349 -0.5244 -0.1674
vn -0.8348 -0.5244 -0.1674
vn -0.6951 -0.4885 0.5275
vn -0.8200 -0.1217 0.5592
vn -0.7882 0.1487 0.5972
vn -0.7927 0.3189 0.5195
vn -0.8502 0.5017 0.1594
vn -0.1813 0.9740 -0.1359
vn -0.1814 0.1710 -0.9684
vn -0.1804 0.1710 -0.9686
vn -0.1804 0.1719 -0.9685
vn -0.1814 0.1719 -0.9683
vn -0.1814 -0.1710 -0.9684
vn -0.1825 -0.1709 -0.9682
vn -0.1825 -0.1719 -0.9681
vn -0.1814 -0.1719 -0.9683
vn -0.1798 -0.5236 -0.8328
vn -0.1800 -0.5235 -0.8328
vn -0.1800 -0.5237 -0.8327
vn -0.1798 -0.5237 -0.8327
vn -0.4551 -0.4588 -0.7631
vn -0.5212 -0.1691 -0.8365
vn -0.5212 0.1691 -0.8365
vn -0.4777 0.4590 -0.7491
vn -0.1798 0.5236 -0.8328
vn -0.1796 0.5236 -0.8328
vn -0.1796 0.5237 -0.8327
vn -0.1798 0.5237 -0.8327
vn -0.1792 0.8367 -0.5176
vn -0.1792 0.8367 -0.5174
vn -0.1794 0.8367 -0.5174
vn -0.1794 0.8366 -0.5176
vn -0.4540 0.7530 -0.4764
vn -0.5324 0.8157 -0.2265
vn -0.5309 0.8370 0.1328
vn -0.1801 -0.9691 0.1684
vn -0.1801 -0.9690 0.1693
vn -0.1791 -0.9692 0.1693
vn -0.1791 -0.9693 0.1684
vn -0.1801 -0.9691 -0.1684
vn -0.1801 -0.9690 -0.1693
vn -0.1811 -0.9688 -0.1693
vn -0.1811 -0.9689 -0.1683
vn -0.1791 -0.8366 0.5176
vn -0.5184 -0.8387 0.1668
vn -0.5184 -0.8387 -0.1668
vn -0.4538 -0.7670 -0.4538
vn -0.1792 -0.8367 -0.5176
vn -0.1792 -0.8366 -0.5177
vn -0.1794 -0.8365 -0.5177
vn -0.1794 -0.8366 -0.5176
vn -0.5622 0.7709 0.2994
vn -0.1812 0.9740 -0.1359
vn -0.6156 0.7264 0.3056
vn -0.5256 0.7160 0.4594
vn -0.1792 -0.8367 -0.5174
vn -0.1794 -0.8367 -0.5174
vn -0.1790 -0.8368 -0.5175
vn -0.1790 -0.8367 -0.5176
vn -0.1790 -0.8366 -0.5178
vn -0.4540 -0.7530 -0.4764
vn -0.4734 -0.7428 -0.4734
vn -0.4764 -0.7530 -0.4540
vn -0.5184 -0.8387 -0.1669
vn -0.5184 -0.8387 0.1669
vn -0.4787 -0.7264 0.4932
vn -0.4450 -0.7404 0.5038
vn -0.1123 -0.8119 0.5729
vn -0.1801 -0.9693 -0.1674
vn -0.1811 -0.9691 -0.1674
vn -0.1791 -0.9695 -0.1674
vn -0.1791 -0.9693 -0.1684
vn -0.1791 -0.9692 -0.1693
vn -0.1801 -0.9693 0.1674
vn -0.1791 -0.9695 0.1674
vn -0.1811 -0.9691 0.1674
vn -0.1811 -0.9689 0.1683
vn -0.1811 -0.9688 0.1693
vn -0.5472 0.8279 0.1230
vn -0.5631 0.8175 0.1210
vn -0.5621 0.8218 0.0928
vn -0.5336 0.8250 -0.1861
vn -0.5703 0.7992 -0.1897
vn -0.5710 0.7865 -0.2352
vn -0.4538 0.7670 -0.4538
vn -0.1800 0.5236 -0.8328
vn -0.1800 0.5237 -0.8327
vn -0.1800 0.5234 -0.8329
vn -0.1798 0.5234 -0.8329
vn -0.1796 0.5234 -0.8329
vn -0.4551 0.4588 -0.7631
vn -0.4552 0.4815 -0.7489
vn -0.4746 0.4785 -0.7388
vn -0.4778 -0.4590 -0.7491
vn -0.4746 -0.4785 -0.7388
vn -0.4552 -0.4815 -0.7489
vn -0.1796 -0.5236 -0.8328
vn -0.1796 -0.5237 -0.8327
vn -0.1796 -0.5234 -0.8329
vn -0.1798 -0.5234 -0.8329
vn -0.1800 -0.5234 -0.8329
vn -0.1804 -0.1710 -0.9686
vn -0.1804 -0.1719 -0.9685
vn -0.1804 -0.1700 -0.9688
vn -0.1814 -0.1700 -0.9686
vn -0.1824 -0.1700 -0.9684
vn -0.1825 0.1709 -0.9682
vn -0.1825 0.1719 -0.9681
vn -0.1824 0.1700 -0.9684
vn -0.1814 0.1700 -0.9686
vn -0.1804 0.1700 -0.9688
vn -0.8537 0.5018 0.1395
vn -0.8435 0.5187 0.1396
vn -0.8407 0.5176 0.1590
vn -0.8239 0.3528 0.4435
vn -0.8126 0.4312 0.3921
vn -0.7544 0.4252 0.5001
vn -0.7959 0.1685 0.5815
vn -0.7965 0.1680 0.5808
vn -0.7957 0.1699 0.5813
vn -0.7961 0.1670 0.5816
vn -0.7969 0.1671 0.5805
vn -0.7976 0.1671 0.5795
vn -0.7998 -0.0834 0.5944
vn -0.8036 -0.1454 0.5772
vn -0.8277 -0.1460 0.5419
vn -0.7262 -0.4585 0.5123
vn -0.7388 -0.4785 -0.4746
vn -0.7491 -0.4590 -0.4778
vn -0.7631 -0.4588 -0.4551
vn -0.7631 0.4588 -0.4551
vn -0.7491 0.4590 -0.4777
vn -0.9704 0.1710 0.1704
vn -0.9703 0.1718 0.1705
vn -0.0450 -0.3880 0.9206
vn -0.1745 -0.4238 0.8888
vn -0.4560 -0.3521 0.8174
vn -0.5837 -0.4637 0.6665
vn -0.4509 -0.4432 0.7748
vn -0.2221 -0.1920 0.9559
vn -0.2867 -0.0563 0.9564
vn -0.2818 0.0830 0.9559
vn -0.4464 0.1651 0.8795
vn -0.7451 0.2791 0.6058
vn -0.5723 0.3311 -0.7502
vn -0.3791 0.8211 -0.4266
vn -0.5997 0.5337 -0.5963
vn 0.9119 0.0837 0.4017
vn -0.9995 0.0264 -0.0163
vn -0.1128 -0.9131 0.3919
vn -0.7581 -0.3485 -0.5512
vn -0.4104 0.6530 -0.6365
vn -0.9983 -0.0313 -0.0498
vn 0.8993 -0.2043 0.3866
vn -0.8141 -0.0631 -0.5773
vn -0.3915 -0.8579 0.3327
vn -0.8771 0.2513 -0.4094
vn -0.9985 -0.0461 -0.0285
vn 0.8476 0.5092 0.1493
vn 0.6851 -0.7168 0.1300
vn 0.8125 0.3215 0.4863
vn -0.9995 -0.0312 0.0054
vn -0.8076 0.4590 -0.3704
vn 0.8719 0.4364 0.2224
vn -0.8531 -0.4671 -0.2323
vn 0.6320 -0.7441 0.2167
vn -0.9996 -0.0289 0.0053
vn -0.9995 -0.0275 0.0158
vn -0.8544 -0.4584 -0.2446
vn 0.7626 0.3158 0.5646
vn -0.0995 -0.7665 -0.6344
vn -0.7792 0.4359 -0.4503
vn -0.2592 -0.0558 -0.9642
vn -0.9987 -0.0507 -0.0087
vn -0.9990 -0.0437 -0.0082
vn -0.9986 -0.0491 -0.0197
vn 0.6384 -0.6630 0.3910
vn -0.9995 0.0174 -0.0277
vn -0.9979 0.0112 -0.0644
vn -0.7252 -0.2252 -0.6506
vn -0.7232 0.4983 -0.4783
vn -0.9989 -0.0428 -0.0191
vn -0.9980 -0.0109 -0.0623
vn -0.1347 -0.1371 -0.9814
vn 0.4701 -0.7779 0.4171
vn -0.9985 -0.0065 -0.0538
vn -0.9474 -0.2676 -0.1754
vn -0.9811 -0.0237 -0.1922
vn -0.9996 -0.0239 0.0170
vn -0.9996 -0.0241 0.0168
vn -0.6070 0.6126 -0.5062
vn 0.8045 -0.5234 -0.2808
vn -0.1786 -0.9716 0.1551
vn -0.9996 -0.0228 0.0182
vn -0.6359 -0.5540 -0.5373
vn 0.7233 0.6867 0.0729
vn 0.7227 0.6876 -0.0696
vn 0.6519 0.7577 -0.0294
vn 0.7522 0.6583 -0.0291
vn -0.4019 0.1302 0.9064
vn 0.1520 -0.3810 0.9120
vn 0.5224 0.0232 -0.8524
vn -0.5069 0.7753 -0.3768
vn -0.6866 0.6193 0.3809
vn 0.6729 -0.6323 0.3840
vn 0.8153 -0.4466 -0.3685
vn 0.0022 0.5071 -0.8619
vn 0.0546 -0.9545 -0.2932
vn -0.6698 -0.2657 0.6934
vn -0.6539 -0.2388 -0.7179
vn -0.2617 -0.6705 0.6942
vn -0.2319 -0.6574 -0.7170
vn -0.9568 0.0310 0.2892
vn -0.9543 0.0462 -0.2954
vn 0.0382 -0.9559 0.2913
vn 0.2266 -0.9147 0.3345
vn 0.2189 -0.9181 -0.3304
vn -0.5900 -0.1251 0.7977
vn -0.5982 -0.1428 -0.7885
vn -0.1107 -0.5840 0.8042
vn -0.1250 -0.5961 -0.7931
vn -0.9261 0.1891 0.3266
vn -0.9276 0.1801 -0.3272
vn 0.1548 -0.3828 -0.9108
vn -0.8097 0.4556 0.3698
vn -0.7891 0.4860 -0.3757
vn 0.4874 -0.7887 0.3747
vn 0.5189 -0.7683 -0.3748
vn -0.4478 0.0736 0.8911
vn -0.3898 0.1393 -0.9103
vn 0.0859 -0.4386 0.8946
vn -0.1972 0.3402 -0.9194
vn 0.3973 -0.1305 0.9084
vn 0.3815 -0.1531 -0.9116
vn -0.5968 0.7068 0.3799
vn -0.6047 0.6983 -0.3830
vn 0.7935 -0.4793 0.3751
vn 0.7881 -0.4895 -0.3733
vn -0.1787 0.3611 0.9152
vn 0.9281 -0.1781 0.3271
vn 0.9267 -0.1865 -0.3263
vn 0.0948 0.5771 0.8111
vn 0.0808 0.5648 -0.8213
vn 0.5907 0.1319 0.7960
vn 0.5829 0.1150 -0.8044
vn -0.2732 0.8996 0.3407
vn -0.2808 0.8958 -0.3447
vn -0.0563 0.9538 -0.2951
vn 0.9586 -0.0017 0.2846
vn 0.9588 -0.0075 -0.2839
vn 0.2534 0.6706 0.6972
vn 0.2453 0.6641 -0.7062
vn 0.6703 0.2756 0.6890
vn 0.6672 0.2647 -0.6963
vn -0.0514 0.9552 0.2915
vn -0.0474 0.9562 0.2889
vn -0.0463 0.9555 0.2914
vn 0.6703 0.2756 0.6891
vn 0.6347 0.2023 -0.7458
vn -0.0461 0.9559 0.2902
vn -0.0846 0.9495 -0.3022
vn 0.9553 -0.0358 0.2936
vn 0.9505 -0.0760 -0.3013
vn 0.2652 0.6766 0.6870
vn 0.1959 0.6371 -0.7454
vt 0.217850 0.677420
vt 0.227845 0.708051
vt 0.259758 0.700112
vt 0.249447 0.667742
vt 0.236216 0.738922
vt 0.242973 0.769927
vt 0.274192 0.765109
vt 0.268558 0.732461
vt 0.281195 0.659589
vt 0.292503 0.692781
vt 0.325041 0.686308
vt 0.313971 0.652329
vt 0.300731 0.726740
vt 0.306295 0.761089
vt 0.338201 0.756561
vt 0.333579 0.721011
vt 0.139811 0.646200
vt 0.148801 0.669646
vt 0.177090 0.659480
vt 0.163749 0.633407
vt 0.157219 0.698171
vt 0.168783 0.730355
vt 0.196108 0.717122
vt 0.186931 0.688356
vt 0.177150 0.758262
vt 0.185677 0.786115
vt 0.214294 0.778477
vt 0.207015 0.749728
vt 0.191312 0.809857
vt 0.196884 0.833759
vt 0.219574 0.833849
vt 0.217265 0.806072
vt 0.246324 0.799931
vt 0.247807 0.830054
vt 0.278194 0.828208
vt 0.277908 0.796724
vt 0.309639 0.793517
vt 0.309338 0.826024
vt 0.341167 0.823692
vt 0.342510 0.790277
vt 0.370009 0.789034
vt 0.365733 0.822211
vt 0.396366 0.826293
vt 0.396073 0.787573
vt 0.366205 0.715503
vt 0.369584 0.755601
vt 0.398696 0.753090
vt 0.398532 0.707498
vt 0.345963 0.641129
vt 0.358368 0.676936
vt 0.390775 0.666676
vt 0.378111 0.628790
vt 0.312869 0.579836
vt 0.329920 0.607242
vt 0.360897 0.594896
vt 0.340782 0.572694
vt 0.253156 0.595345
vt 0.267732 0.626462
vt 0.299816 0.619466
vt 0.285603 0.587715
vt 0.192239 0.618291
vt 0.206346 0.646614
vt 0.236514 0.636080
vt 0.222363 0.605101
vt 0.070034 0.557870
vt 0.127898 0.552434
vt 0.095040 0.536961
vt 0.037794 0.735910
vt 0.046553 0.772717
vt 0.077408 0.761736
vt 0.068810 0.729328
vt 0.061447 0.807700
vt 0.080136 0.840967
vt 0.104687 0.822794
vt 0.089352 0.792963
vt 0.104184 0.868209
vt 0.131323 0.892437
vt 0.147590 0.869475
vt 0.124894 0.847233
vt 0.145215 0.830054
vt 0.160969 0.851018
vt 0.174266 0.832894
vt 0.165317 0.813393
vt 0.118476 0.779856
vt 0.130960 0.808193
vt 0.156998 0.793582
vt 0.147215 0.767109
vt 0.097106 0.716934
vt 0.107782 0.750858
vt 0.138467 0.740158
vt 0.127671 0.709128
vt 0.090098 0.659754
vt 0.091367 0.686182
vt 0.120910 0.681305
vt 0.116332 0.659860
vt 0.033866 0.657688
vt 0.031062 0.693404
vt 0.061461 0.691701
vt 0.063354 0.659841
vt 0.054276 0.589684
vt 0.025265 0.580251
vt 0.011670 0.616347
vt 0.040028 0.622616
vt 0.107222 0.610205
vt 0.083011 0.598969
vt 0.067828 0.628212
vt 0.090225 0.633041
vt 0.153604 0.569587
vt 0.100088 0.571102
vt 0.125865 0.588007
vt 0.224449 0.549189
vt 0.212533 0.534629
vt 0.161040 0.536153
vt 0.184690 0.555548
vt 0.304391 0.921653
vt 0.306795 0.890095
vt 0.272654 0.892336
vt 0.268868 0.924260
vt 0.234951 0.923885
vt 0.238890 0.892118
vt 0.207307 0.890769
vt 0.197961 0.919724
vt 0.372091 0.917386
vt 0.373579 0.885165
vt 0.340819 0.887998
vt 0.339121 0.918766
vt 0.372813 0.853772
vt 0.343898 0.856027
vt 0.309729 0.858071
vt 0.276660 0.860180
vt 0.246027 0.862712
vt 0.213677 0.862091
vt 0.187153 0.857527
vt 0.164087 0.908214
vt 0.177111 0.881757
vt 0.039649 0.546539
vt 0.268519 0.556397
vt 0.294251 0.552996
vt 0.265484 0.547849
vt 0.293341 0.544496
vt 0.262156 0.538960
vt 0.324880 0.553582
vt 0.151244 0.935905
vt 0.114965 0.916164
vt 0.189533 0.949357
vt 0.405531 0.887870
vt 0.401318 0.848226
vt 0.366787 0.946499
vt 0.336991 0.950616
vt 0.393961 0.953029
vt 0.404097 0.923446
vt 0.230176 0.955931
vt 0.266789 0.957109
vt 0.303303 0.953542
vt 0.235864 0.564435
vt 0.205331 0.575308
vt 0.176024 0.589917
vt 0.149360 0.607447
vt 0.130356 0.622483
vt 0.112197 0.638260
vt 0.003498 0.654810
vt 0.000204 0.694873
vt 0.055270 0.859184
vt 0.082867 0.890080
vt 0.015852 0.783504
vt 0.032637 0.822793
vt 0.005841 0.742102
vt 0.420843 0.957109
vt 0.438087 0.880247
vt 0.438321 0.838123
vt 0.427571 0.775246
vt 0.431158 0.724491
vt 0.425092 0.661551
vt 0.417621 0.628874
vt 0.398883 0.622175
vt 0.378451 0.581571
vt 0.366070 0.559129
vt 0.253824 0.520537
vt 0.186327 0.510852
vt 0.139094 0.521651
vt 0.053391 0.524730
vt 0.612624 0.331346
vt 0.638336 0.333115
vt 0.641229 0.304673
vt 0.615205 0.305165
vt 0.614729 0.279085
vt 0.641500 0.275895
vt 0.636803 0.247675
vt 0.611731 0.253154
vt 0.663678 0.335630
vt 0.689685 0.339637
vt 0.695238 0.306735
vt 0.668408 0.304818
vt 0.668070 0.273192
vt 0.696025 0.271723
vt 0.689987 0.236166
vt 0.663100 0.241446
vt 0.558572 0.371192
vt 0.578078 0.375730
vt 0.584415 0.353492
vt 0.561746 0.352027
vt 0.563180 0.329242
vt 0.587360 0.329682
vt 0.588853 0.305965
vt 0.564112 0.306637
vt 0.564075 0.284211
vt 0.588717 0.282336
vt 0.586836 0.258960
vt 0.563343 0.261791
vt 0.560414 0.243273
vt 0.580758 0.237677
vt 0.573090 0.216935
vt 0.556738 0.224818
vt 0.604639 0.229572
vt 0.629449 0.221066
vt 0.617234 0.196692
vt 0.594962 0.206862
vt 0.654243 0.212421
vt 0.680834 0.203088
vt 0.664347 0.173771
vt 0.640415 0.185677
vt 0.703332 0.192804
vt 0.726409 0.180593
vt 0.702591 0.140172
vt 0.682879 0.163526
vt 0.724813 0.271615
vt 0.755921 0.276255
vt 0.744965 0.220917
vt 0.716736 0.227564
vt 0.714569 0.351072
vt 0.737820 0.368181
vt 0.750446 0.330491
vt 0.723520 0.314499
vt 0.687083 0.406707
vt 0.703321 0.420724
vt 0.723901 0.401172
vt 0.702185 0.383534
vt 0.646371 0.392196
vt 0.669306 0.397407
vt 0.680295 0.370098
vt 0.656008 0.365148
vt 0.600687 0.381945
vt 0.623786 0.387432
vt 0.631800 0.360940
vt 0.608101 0.357471
vt 0.521241 0.448153
vt 0.542219 0.459539
vt 0.562516 0.443376
vt 0.466489 0.335183
vt 0.490375 0.332201
vt 0.489444 0.308211
vt 0.464426 0.308555
vt 0.466699 0.281990
vt 0.490644 0.284238
vt 0.493451 0.260430
vt 0.470443 0.255593
vt 0.479145 0.231713
vt 0.500590 0.238786
vt 0.508963 0.217585
vt 0.489083 0.208377
vt 0.520554 0.243841
vt 0.540340 0.248856
vt 0.540672 0.232845
vt 0.524954 0.225169
vt 0.515204 0.285157
vt 0.539603 0.286046
vt 0.540007 0.264908
vt 0.516790 0.262556
vt 0.514813 0.330446
vt 0.539049 0.328577
vt 0.539263 0.307282
vt 0.514334 0.307754
vt 0.519679 0.372177
vt 0.539128 0.366343
vt 0.538988 0.349963
vt 0.516098 0.353243
vt 0.478619 0.385622
vt 0.499945 0.377871
vt 0.492962 0.356153
vt 0.470071 0.361698
vt 0.504517 0.428899
vt 0.488434 0.408966
vt 0.468012 0.419454
vt 0.484890 0.441006
vt 0.539962 0.404105
vt 0.524020 0.391122
vt 0.508223 0.399204
vt 0.524005 0.416792
vt 0.578167 0.426047
vt 0.556488 0.416862
vt 0.540555 0.433840
vt 0.628050 0.431180
vt 0.600532 0.431895
vt 0.586093 0.451887
vt 0.620800 0.443159
vt 0.586493 0.118640
vt 0.564882 0.135122
vt 0.584210 0.153456
vt 0.606512 0.138077
vt 0.543667 0.152233
vt 0.522436 0.169285
vt 0.541627 0.183463
vt 0.562832 0.168351
vt 0.624776 0.080811
vt 0.606542 0.099894
vt 0.627951 0.121163
vt 0.650367 0.104879
vt 0.669856 0.133354
vt 0.648866 0.145338
vt 0.625324 0.160367
vt 0.602510 0.173609
vt 0.579850 0.186842
vt 0.557939 0.199781
vt 0.541129 0.212230
vt 0.505399 0.188390
vt 0.524918 0.200098
vt 0.501127 0.460823
vt 0.656745 0.423453
vt 0.654882 0.430453
vt 0.672362 0.427369
vt 0.653205 0.437746
vt 0.670884 0.434359
vt 0.690948 0.430407
vt 0.485866 0.176549
vt 0.468660 0.198625
vt 0.502782 0.154945
vt 0.671670 0.083411
vt 0.698002 0.128393
vt 0.598234 0.064694
vt 0.582630 0.081979
vt 0.607040 0.045047
vt 0.638302 0.055222
vt 0.524256 0.136732
vt 0.544141 0.118034
vt 0.565700 0.101629
vt 0.635084 0.418385
vt 0.613450 0.413364
vt 0.591751 0.406497
vt 0.570802 0.397968
vt 0.555025 0.390542
vt 0.539405 0.382791
vt 0.457083 0.393594
vt 0.446738 0.367316
vt 0.447020 0.250709
vt 0.457534 0.224482
vt 0.439369 0.308808
vt 0.442575 0.279710
vt 0.442392 0.338147
vt 0.622265 0.039156
vt 0.666907 0.059917
vt 0.700139 0.100586
vt 0.731290 0.156470
vt 0.756038 0.199591
vt 0.769954 0.256700
vt 0.770008 0.316265
vt 0.750538 0.359181
vt 0.738256 0.396115
vt 0.721814 0.425332
vt 0.646474 0.452281
vt 0.608120 0.464896
vt 0.571622 0.465380
vt 0.514946 0.472522
vt 0.783194 0.392282
vt 0.770716 0.423490
vt 0.692085 0.025262
vt 0.707509 0.047157
vt 0.457807 0.469251
vt 0.435838 0.443494
vt 0.760419 0.436619
vt 0.731911 0.078527
vt 0.745302 0.463154
vt 0.413945 0.236625
vt 0.426930 0.205934
vt 0.738382 0.106724
vt 0.719588 0.466725
vt 0.705340 0.475857
vt 0.741968 0.111699
vt 0.767244 0.133337
vt 0.457067 0.151056
vt 0.473774 0.125963
vt 0.664353 0.480321
vt 0.657804 0.497864
vt 0.436897 0.175968
vt 0.771248 0.156306
vt 0.630365 0.481652
vt 0.519221 0.089073
vt 0.540557 0.071705
vt 0.796374 0.185240
vt 0.620697 0.510443
vt 0.682928 0.478193
vt 0.796336 0.211256
vt 0.553562 0.048427
vt 0.596323 0.493714
vt 0.811099 0.255932
vt 0.580683 0.507974
vt 0.497723 0.105858
vt 0.806544 0.282620
vt 0.425158 0.412094
vt 0.412172 0.380824
vt 0.411161 0.341177
vt 0.405884 0.306296
vt 0.546736 0.499599
vt 0.810015 0.328969
vt 0.410606 0.270887
vt 0.504999 0.510443
vt 0.795940 0.354175
vt 0.595799 0.004790
vt 0.625554 0.000204
vt 0.481408 0.495857
vt 0.570412 0.026736
vt 0.783555 0.376295
vt 0.652567 0.009384
vt 0.656508 0.788581
vt 0.687954 0.798536
vt 0.698540 0.766234
vt 0.666856 0.758028
vt 0.675279 0.727213
vt 0.707473 0.733930
vt 0.713231 0.701315
vt 0.682255 0.696187
vt 0.719589 0.806926
vt 0.752271 0.814430
vt 0.763560 0.780535
vt 0.731128 0.773812
vt 0.739514 0.739894
vt 0.772260 0.745904
vt 0.776998 0.710443
vt 0.745214 0.705545
vt 0.578169 0.818994
vt 0.601963 0.832051
vt 0.615581 0.806149
vt 0.587430 0.795657
vt 0.596240 0.767195
vt 0.625695 0.777432
vt 0.635130 0.748721
vt 0.605021 0.739112
vt 0.613794 0.711180
vt 0.643484 0.719974
vt 0.651206 0.691306
vt 0.622679 0.683337
vt 0.628507 0.659575
vt 0.654506 0.663465
vt 0.656755 0.635772
vt 0.634149 0.635655
vt 0.747008 0.641139
vt 0.741196 0.640726
vt 0.734110 0.656151
vt 0.737754 0.660579
vt 0.781332 0.676899
vt 0.779986 0.643941
vt 0.808841 0.678338
vt 0.834904 0.679898
vt 0.835287 0.641345
vt 0.804613 0.645372
vt 0.804821 0.751639
vt 0.837096 0.759823
vt 0.837438 0.714291
vt 0.808348 0.711627
vt 0.784166 0.825854
vt 0.816226 0.838400
vt 0.829128 0.800592
vt 0.796793 0.790136
vt 0.750621 0.886908
vt 0.778496 0.894250
vt 0.798774 0.872181
vt 0.767882 0.859629
vt 0.691017 0.870929
vt 0.723408 0.878826
vt 0.737876 0.847187
vt 0.705863 0.839947
vt 0.630306 0.847441
vt 0.660308 0.860912
vt 0.674743 0.830069
vt 0.644694 0.819275
vt 0.507440 0.906509
vt 0.532244 0.927692
vt 0.565278 0.912586
vt 0.474681 0.732737
vt 0.505626 0.739394
vt 0.514425 0.707074
vt 0.483803 0.696044
vt 0.498511 0.661041
vt 0.526437 0.675879
vt 0.541962 0.646204
vt 0.517566 0.628026
vt 0.541522 0.600779
vt 0.562247 0.621823
vt 0.585064 0.599718
vt 0.568804 0.576797
vt 0.582505 0.639090
vt 0.602529 0.655859
vt 0.611570 0.636392
vt 0.598382 0.618199
vt 0.555461 0.689123
vt 0.584058 0.702006
vt 0.594080 0.675621
vt 0.568145 0.660880
vt 0.536495 0.747927
vt 0.566861 0.756097
vt 0.575040 0.728845
vt 0.544621 0.718074
vt 0.528576 0.804845
vt 0.554831 0.805092
vt 0.559675 0.783754
vt 0.530123 0.778438
vt 0.472295 0.806169
vt 0.501830 0.804396
vt 0.500375 0.772458
vt 0.469980 0.770374
vt 0.491994 0.874502
vt 0.478075 0.841369
vt 0.449647 0.847328
vt 0.462887 0.883632
vt 0.545174 0.854596
vt 0.528407 0.831559
vt 0.505947 0.836106
vt 0.520833 0.865545
vt 0.591173 0.895723
vt 0.563599 0.877002
vt 0.537638 0.893609
vt 0.661878 0.916818
vt 0.622145 0.910080
vt 0.598285 0.929232
vt 0.649819 0.931266
vt 0.743708 0.546343
vt 0.708289 0.543809
vt 0.712216 0.575827
vt 0.746137 0.577951
vt 0.672196 0.544884
vt 0.635329 0.549500
vt 0.644984 0.578462
vt 0.678675 0.575998
vt 0.811304 0.550439
vt 0.778372 0.549085
vt 0.780032 0.579818
vt 0.812743 0.582633
vt 0.811862 0.613947
vt 0.782993 0.611650
vt 0.697214 0.656588
vt 0.701296 0.653173
vt 0.694357 0.637242
vt 0.688748 0.636893
vt 0.696145 0.618142
vt 0.651248 0.607246
vt 0.624628 0.611763
vt 0.601542 0.560989
vt 0.614663 0.587475
vt 0.476942 0.917524
vt 0.706050 0.909998
vt 0.702938 0.918519
vt 0.731777 0.913606
vt 0.699528 0.927379
vt 0.730798 0.922099
vt 0.762433 0.913249
vt 0.592622 0.530191
vt 0.556378 0.548336
vt 0.630029 0.516680
vt 0.716262 0.611301
vt 0.717552 0.660914
vt 0.717046 0.666181
vt 0.737752 0.620530
vt 0.844678 0.579985
vt 0.840339 0.619556
vt 0.806035 0.521310
vt 0.776219 0.517250
vt 0.833259 0.514842
vt 0.843313 0.544444
vt 0.669739 0.510852
vt 0.706096 0.511008
vt 0.742562 0.514443
vt 0.673440 0.901679
vt 0.642989 0.890526
vt 0.613807 0.875636
vt 0.587306 0.857836
vt 0.568450 0.842592
vt 0.550449 0.826616
vt 0.441834 0.808643
vt 0.438729 0.768293
vt 0.495782 0.603700
vt 0.524447 0.573980
vt 0.454329 0.678838
vt 0.472562 0.639894
vt 0.443577 0.720495
vt 0.716908 0.616708
vt 0.733957 0.624246
vt 0.860163 0.510852
vt 0.877223 0.587675
vt 0.877311 0.629778
vt 0.866374 0.692240
vt 0.869825 0.742877
vt 0.863477 0.805809
vt 0.855781 0.838514
vt 0.836958 0.845139
vt 0.816239 0.885621
vt 0.803700 0.907981
vt 0.691028 0.945727
vt 0.623360 0.954784
vt 0.576169 0.943491
vt 0.490468 0.939482
vt 0.207004 0.179301
vt 0.209585 0.205482
vt 0.235608 0.205975
vt 0.232716 0.177533
vt 0.209108 0.231562
vt 0.206109 0.257493
vt 0.231181 0.262973
vt 0.235878 0.234753
vt 0.258058 0.175019
vt 0.262787 0.205831
vt 0.289617 0.203915
vt 0.284065 0.171012
vt 0.262449 0.237458
vt 0.257478 0.269203
vt 0.284364 0.274484
vt 0.290403 0.238927
vt 0.152953 0.139454
vt 0.156126 0.158619
vt 0.178795 0.157155
vt 0.172458 0.134917
vt 0.157561 0.181404
vt 0.158493 0.204009
vt 0.183233 0.204681
vt 0.181740 0.180965
vt 0.158455 0.226436
vt 0.157722 0.248856
vt 0.181215 0.251687
vt 0.183097 0.228311
vt 0.154793 0.267373
vt 0.151115 0.285828
vt 0.167467 0.293711
vt 0.175136 0.272970
vt 0.199016 0.281075
vt 0.189338 0.303785
vt 0.211609 0.313957
vt 0.223825 0.289583
vt 0.248619 0.298229
vt 0.234790 0.324972
vt 0.258721 0.336879
vt 0.275209 0.307562
vt 0.297707 0.317847
vt 0.277253 0.347124
vt 0.296963 0.370478
vt 0.320784 0.330058
vt 0.319190 0.239036
vt 0.311112 0.283087
vt 0.339341 0.289735
vt 0.350299 0.234396
vt 0.308949 0.159577
vt 0.317899 0.196152
vt 0.344826 0.180160
vt 0.332200 0.142470
vt 0.281464 0.103942
vt 0.296566 0.127115
vt 0.318282 0.109478
vt 0.297702 0.089925
vt 0.240751 0.118451
vt 0.250388 0.145500
vt 0.274676 0.140551
vt 0.263687 0.113241
vt 0.195067 0.128702
vt 0.202481 0.153176
vt 0.226181 0.149707
vt 0.218167 0.123215
vt 0.115621 0.062494
vt 0.156896 0.067270
vt 0.136599 0.051107
vt 0.060870 0.175463
vt 0.058809 0.202090
vt 0.083826 0.202434
vt 0.084757 0.178445
vt 0.061081 0.228654
vt 0.064825 0.255050
vt 0.087832 0.250214
vt 0.085026 0.226406
vt 0.073524 0.278929
vt 0.083460 0.302265
vt 0.103340 0.293058
vt 0.094970 0.271858
vt 0.114933 0.266804
vt 0.119332 0.285476
vt 0.135050 0.277800
vt 0.134720 0.261790
vt 0.109585 0.225488
vt 0.111170 0.248089
vt 0.134386 0.245738
vt 0.133984 0.224600
vt 0.109194 0.180199
vt 0.108715 0.202891
vt 0.133644 0.203363
vt 0.133430 0.182069
vt 0.114059 0.138469
vt 0.110479 0.157402
vt 0.133369 0.160683
vt 0.133508 0.144303
vt 0.072998 0.125025
vt 0.064451 0.148949
vt 0.087343 0.154493
vt 0.094325 0.132775
vt 0.098897 0.081748
vt 0.079270 0.069641
vt 0.062392 0.091193
vt 0.082814 0.101681
vt 0.134342 0.106541
vt 0.118385 0.093854
vt 0.102602 0.111443
vt 0.118400 0.119524
vt 0.172547 0.084599
vt 0.134935 0.076806
vt 0.150868 0.093785
vt 0.222430 0.079467
vt 0.215180 0.067488
vt 0.180474 0.058759
vt 0.194912 0.078751
vt 0.180863 0.392007
vt 0.200883 0.372571
vt 0.178582 0.357191
vt 0.159252 0.375524
vt 0.138038 0.358413
vt 0.157205 0.342295
vt 0.136002 0.327182
vt 0.116809 0.341359
vt 0.219145 0.429837
vt 0.244737 0.405771
vt 0.222322 0.389486
vt 0.200912 0.410753
vt 0.264228 0.377296
vt 0.243239 0.365312
vt 0.219697 0.350282
vt 0.196884 0.337039
vt 0.174224 0.323805
vt 0.152315 0.310865
vt 0.135506 0.298416
vt 0.099774 0.322253
vt 0.119294 0.310547
vt 0.095506 0.049824
vt 0.251126 0.087195
vt 0.266742 0.083279
vt 0.249263 0.080195
vt 0.265265 0.076289
vt 0.247586 0.072901
vt 0.285329 0.080241
vt 0.080239 0.334093
vt 0.063037 0.312015
vt 0.097153 0.355697
vt 0.266040 0.427239
vt 0.292374 0.382258
vt 0.192603 0.445953
vt 0.176999 0.428667
vt 0.201408 0.465600
vt 0.232671 0.455426
vt 0.118624 0.373914
vt 0.138509 0.392611
vt 0.160069 0.409017
vt 0.229465 0.092262
vt 0.207831 0.097283
vt 0.186132 0.104150
vt 0.165182 0.112678
vt 0.149405 0.120104
vt 0.133785 0.127855
vt 0.051462 0.117054
vt 0.041117 0.143333
vt 0.041402 0.259932
vt 0.051913 0.286159
vt 0.033754 0.201839
vt 0.036958 0.230934
vt 0.036773 0.172502
vt 0.216634 0.471492
vt 0.261276 0.450733
vt 0.294509 0.410065
vt 0.325664 0.354181
vt 0.350414 0.311061
vt 0.364332 0.253952
vt 0.364387 0.194387
vt 0.344918 0.151470
vt 0.332637 0.114536
vt 0.316195 0.085317
vt 0.240855 0.058366
vt 0.202500 0.045751
vt 0.166003 0.045266
vt 0.109325 0.038125
vt 0.377575 0.118369
vt 0.365097 0.087161
vt 0.286452 0.485389
vt 0.301878 0.463494
vt 0.052186 0.041397
vt 0.030217 0.067154
vt 0.354800 0.074032
vt 0.326281 0.432125
vt 0.339683 0.047495
vt 0.008267 0.274029
vt 0.021249 0.304724
vt 0.332753 0.403928
vt 0.313970 0.043925
vt 0.299722 0.034792
vt 0.336339 0.398953
vt 0.361616 0.377316
vt 0.051388 0.359613
vt 0.068100 0.384710
vt 0.258735 0.030327
vt 0.252185 0.012783
vt 0.031222 0.334694
vt 0.365621 0.354347
vt 0.224746 0.028995
vt 0.113590 0.421575
vt 0.134926 0.438941
vt 0.390749 0.325414
vt 0.215078 0.000204
vt 0.277310 0.032456
vt 0.390711 0.299397
vt 0.147931 0.462219
vt 0.190703 0.016932
vt 0.405476 0.254722
vt 0.175063 0.002673
vt 0.092048 0.404825
vt 0.400922 0.228033
vt 0.019537 0.098553
vt 0.006551 0.129823
vt 0.005474 0.169469
vt 0.000204 0.204352
vt 0.141115 0.011047
vt 0.404395 0.181684
vt 0.004923 0.239762
vt 0.099377 0.000204
vt 0.390320 0.156478
vt 0.190166 0.505857
vt 0.219920 0.510444
vt 0.075786 0.014790
vt 0.164780 0.483910
vt 0.377936 0.134357
vt 0.246934 0.501265
vt 0.700564 0.622137
vt 0.866616 0.205135
vt 0.860075 0.208239
vt 0.860779 0.225381
vt 0.866616 0.229112
vt 0.848516 0.189416
vt 0.847728 0.196358
vt 0.812656 0.229343
vt 0.819228 0.226676
vt 0.818736 0.209300
vt 0.811506 0.208255
vt 0.849888 0.245014
vt 0.849081 0.237921
vt 0.831883 0.238537
vt 0.827627 0.244448
vt 0.825741 0.191462
vt 0.830580 0.196794
vt 0.999796 0.133369
vt 0.993060 0.131368
vt 0.942222 0.181824
vt 0.945733 0.188029
vt 0.811506 0.136047
vt 0.818362 0.133137
vt 0.817770 0.059354
vt 0.811506 0.056030
vt 0.946808 0.000281
vt 0.943501 0.006423
vt 0.993574 0.059873
vt 0.999733 0.057326
vt 0.869485 0.189008
vt 0.871495 0.182153
vt 0.868966 0.006968
vt 0.867017 0.000204
vt 0.938695 0.167587
vt 0.876913 0.169884
vt 0.980533 0.123481
vt 0.830629 0.125828
vt 0.831864 0.062477
vt 0.937649 0.020974
vt 0.979248 0.063482
vt 0.876655 0.019251
vt 0.959899 0.072154
vt 0.958291 0.118410
vt 0.851274 0.074740
vt 0.881311 0.041648
vt 0.926282 0.040340
vt 0.925795 0.148287
vt 0.882233 0.147384
vt 0.853647 0.116571
vt 0.919036 0.056546
vt 0.942286 0.077409
vt 0.889046 0.130130
vt 0.869197 0.108020
vt 0.942638 0.109038
vt 0.868966 0.078840
vt 0.889553 0.058469
vt 0.920153 0.131457
vt 0.915714 0.118943
vt 0.894610 0.118000
vt 0.930765 0.103508
vt 0.880989 0.102935
vt 0.881181 0.083266
vt 0.914757 0.068527
vt 0.930221 0.082262
vt 0.895062 0.069847
vt 0.900767 0.081984
vt 0.910335 0.081418
vt 0.910795 0.105762
vt 0.900587 0.105326
vt 0.918050 0.098270
vt 0.893879 0.098048
vt 0.894045 0.088550
vt 0.917725 0.087999
vt 0.906623 0.093437
s 1
f 167/1/1 73/2/2 27/3/3 75/4/4
f 166/5/5 74/6/6 28/7/6 76/8/5
f 165/9/7 78/10/8 30/11/9 80/12/10
f 164/13/11 79/14/12 31/15/13 81/16/14
f 163/17/15 82/18/15 23/19/15 93/20/15
f 162/21/16 83/22/16 24/23/16 70/24/16
f 161/25/17 84/26/17 25/27/17 71/28/17
f 160/29/18 56/30/18 11/31/18 85/32/18
f 159/33/19 57/34/19 12/35/19 86/36/19
f 158/37/20 58/38/20 13/39/20 87/40/20
f 157/41/21 59/42/21 4/43/21 60/44/21
f 156/45/22 88/46/22 14/47/22 61/48/22
f 155/49/23 89/50/23 15/51/23 62/52/23
f 154/53/24 90/54/24 16/55/24 63/56/24
f 153/57/25 77/58/25 29/59/25 91/60/25
f 152/61/26 72/62/26 26/63/27 92/64/27
f 110/65/28 109/66/28 131/67/28
f 151/68/29 97/69/29 37/70/30 99/71/30
f 150/72/31 98/73/32 38/74/33 100/75/34
f 149/76/35 68/77/36 22/78/37 102/79/38
f 148/80/39 69/81/39 2/82/39 55/83/39
f 147/84/40 103/85/40 10/86/40 54/87/40
f 146/88/41 104/89/41 9/90/41 53/91/41
f 145/92/42 105/93/42 8/94/42 52/95/42
f 144/96/43 96/97/44 36/98/45 106/99/46
f 143/100/47 111/101/48 20/102/49 67/103/50
f 142/104/51 112/105/51 19/106/51 66/107/51
f 141/108/52 109/66/52 41/109/52 113/110/52
f 140/111/53 108/112/53 40/113/53 114/114/53
f 139/115/54 118/116/55 46/117/56 119/118/57
f 138/119/58 121/120/58 48/121/59 122/122/59
f 137/123/60 124/124/61 44/125/62 116/126/63
f 136/127/64 59/42/64 13/39/64 125/128/64
f 135/129/65 58/38/65 12/35/65 126/130/65
f 134/131/66 57/34/66 11/31/67 127/132/67
f 133/133/68 56/30/68 2/82/68 69/81/68
f 132/134/69 128/135/70 22/78/71 68/77/72
f 109/66/28 40/113/28 131/67/28
f 110/65/28 131/67/28 42/136/28
f 5/137/73 32/138/73 115/139/73
f 41/109/28 109/66/28 110/65/28
f 115/139/74 130/140/74 39/141/74
f 115/139/73 32/138/73 130/140/73
f 32/138/75 3/142/75 130/140/75
f 129/143/76 132/134/69 68/77/72 21/144/77
f 47/145/78 122/122/79 132/134/69 129/143/76
f 122/122/79 48/121/80 128/135/70 132/134/69
f 128/135/81 133/133/81 69/81/81 22/78/81
f 48/121/82 127/132/82 133/133/82 128/135/82
f 127/132/83 11/31/83 56/30/83 133/133/83
f 121/120/84 134/131/85 127/132/86 48/121/86
f 46/117/87 126/130/87 134/131/85 121/120/84
f 126/130/88 12/35/88 57/34/66 134/131/66
f 118/116/89 135/129/65 126/130/65 46/117/89
f 44/125/89 125/128/65 135/129/65 118/116/89
f 125/128/65 13/39/65 58/38/65 135/129/65
f 124/124/90 136/127/90 125/128/90 44/125/90
f 17/146/91 64/147/91 136/127/91 124/124/91
f 64/147/92 4/43/92 59/42/92 136/127/92
f 123/148/93 137/123/60 116/126/63 43/149/93
f 18/150/94 65/151/94 137/123/94 123/148/94
f 65/151/95 17/146/95 124/124/61 137/123/60
f 120/152/96 138/119/96 122/122/96 47/145/96
f 45/153/97 119/118/97 138/119/97 120/152/97
f 119/118/98 46/117/98 121/120/58 138/119/58
f 117/154/99 139/115/54 119/118/57 45/153/100
f 43/149/101 116/126/102 139/115/54 117/154/99
f 116/126/102 44/125/103 118/116/55 139/115/54
f 49/155/104 140/111/104 114/114/104 6/156/104
f 5/137/105 115/139/105 140/111/105 49/155/105
f 115/139/106 39/141/106 108/112/106 140/111/106
f 50/157/107 141/108/107 113/110/107 7/158/107
f 6/156/108 114/114/108 141/108/108 50/157/108
f 114/114/109 40/113/109 109/66/109 141/108/109
f 51/159/110 142/104/110 66/107/110 1/160/110
f 7/158/111 113/110/111 142/104/111 51/159/111
f 113/110/112 41/109/112 112/105/112 142/104/112
f 112/105/113 143/100/47 67/103/50 19/106/114
f 41/109/115 110/65/116 143/100/47 112/105/113
f 110/65/116 42/136/117 111/101/48 143/100/47
f 67/103/118 144/96/43 106/99/46 19/106/119
f 20/102/120 107/161/121 144/96/43 67/103/118
f 107/161/121 33/162/122 96/97/44 144/96/43
f 66/107/123 145/92/123 52/95/123 1/160/123
f 19/106/124 106/99/124 145/92/124 66/107/124
f 106/99/125 36/98/125 105/93/125 145/92/125
f 105/93/126 146/88/126 53/91/126 8/94/126
f 36/98/127 99/71/128 146/88/129 105/93/127
f 99/71/128 37/70/130 104/89/130 146/88/129
f 104/89/40 147/84/40 54/87/40 9/90/40
f 37/70/40 100/75/40 147/84/40 104/89/40
f 100/75/40 38/74/40 103/85/40 147/84/40
f 103/85/131 148/80/131 55/83/131 10/86/131
f 38/74/132 102/79/132 148/80/132 103/85/132
f 102/79/133 22/78/133 69/81/133 148/80/133
f 98/73/134 149/76/35 102/79/38 38/74/135
f 35/163/136 101/164/137 149/76/35 98/73/134
f 101/164/137 21/144/138 68/77/36 149/76/35
f 97/69/139 150/72/31 100/75/34 37/70/140
f 34/165/141 95/166/142 150/72/31 97/69/139
f 95/166/142 35/163/143 98/73/32 150/72/31
f 96/97/144 151/68/144 99/71/145 36/98/145
f 33/162/146 94/167/146 151/68/144 96/97/144
f 94/167/147 34/165/147 97/69/29 151/68/29
f 50/157/26 152/61/26 92/64/27 6/156/27
f 7/158/26 93/20/26 152/61/26 50/157/26
f 93/20/26 23/19/26 72/62/26 152/61/26
f 49/155/148 153/57/148 91/60/148 5/137/148
f 6/156/149 92/64/149 153/57/149 49/155/149
f 92/64/150 26/63/150 77/58/150 153/57/150
f 32/138/151 154/53/151 63/56/151 3/142/151
f 5/137/152 91/60/152 154/53/152 32/138/152
f 91/60/153 29/59/153 90/54/153 154/53/153
f 90/54/154 155/49/155 62/52/156 16/55/156
f 29/59/157 80/12/158 155/49/155 90/54/154
f 80/12/158 30/11/159 89/50/159 155/49/155
f 89/50/160 156/45/160 61/48/160 15/51/160
f 30/11/161 81/16/161 156/45/161 89/50/161
f 81/16/162 31/15/162 88/46/162 156/45/162
f 88/46/163 157/41/163 60/44/163 14/47/163
f 31/15/164 87/40/164 157/41/164 88/46/164
f 87/40/165 13/39/165 59/42/165 157/41/165
f 79/14/20 158/37/20 87/40/20 31/15/20
f 28/7/166 86/36/166 158/37/20 79/14/20
f 86/36/166 12/35/166 58/38/20 158/37/20
f 74/6/19 159/33/19 86/36/19 28/7/19
f 25/27/167 85/32/168 159/33/169 74/6/167
f 85/32/168 11/31/170 57/34/170 159/33/169
f 84/26/171 160/29/171 85/32/171 25/27/171
f 10/86/172 55/83/172 160/29/172 84/26/172
f 55/83/173 2/82/173 56/30/173 160/29/173
f 83/22/174 161/25/174 71/28/174 24/23/174
f 9/90/17 54/87/17 161/25/17 83/22/17
f 54/87/17 10/86/17 84/26/17 161/25/17
f 82/18/175 162/21/175 70/24/175 23/19/175
f 8/94/175 53/91/175 162/21/175 82/18/175
f 53/91/176 9/90/176 83/22/176 162/21/176
f 51/159/177 163/17/177 93/20/177 7/158/177
f 1/160/178 52/95/178 163/17/178 51/159/178
f 52/95/179 8/94/179 82/18/179 163/17/179
f 78/10/180 164/13/11 81/16/14 30/11/181
f 27/3/182 76/8/183 164/13/11 78/10/180
f 76/8/183 28/7/184 79/14/12 164/13/11
f 77/58/185 165/9/7 80/12/10 29/59/186
f 26/63/187 75/4/188 165/9/7 77/58/185
f 75/4/188 27/3/189 78/10/8 165/9/7
f 73/2/190 166/5/5 76/8/5 27/3/190
f 24/23/191 71/28/191 166/5/191 73/2/191
f 71/28/192 25/27/192 74/6/192 166/5/192
f 72/62/193 167/1/1 75/4/4 26/63/194
f 23/19/195 70/24/196 167/1/1 72/62/193
f 70/24/196 24/23/197 73/2/2 167/1/1
f 18/150/198 168/168/198 65/151/198
f 65/151/199 169/169/199 17/146/199
f 17/146/200 170/170/200 64/147/200
f 60/44/201 4/43/201 171/171/201
f 14/47/202 60/44/202 172/172/202
f 61/48/203 14/47/203 173/173/203
f 15/51/204 61/48/204 174/174/204
f 62/52/205 15/51/205 175/175/205
f 16/55/206 62/52/206 176/176/206
f 63/56/207 16/55/207 177/177/207
f 108/112/208 178/178/208 39/141/208
f 40/113/209 179/179/209 108/112/209
f 131/67/210 40/113/210 180/180/210
f 42/136/211 131/67/211 181/181/211
f 348/182/212 256/183/213 208/184/214 254/185/215
f 347/186/216 257/187/217 209/188/218 255/189/219
f 346/190/220 261/191/221 211/192/222 259/193/223
f 345/194/224 262/195/225 212/196/226 260/197/227
f 344/198/228 274/199/228 204/200/228 263/201/228
f 343/202/229 251/203/229 205/204/229 264/205/229
f 342/206/230 252/207/230 206/208/230 265/209/230
f 341/210/231 266/211/231 192/212/231 237/213/231
f 340/214/232 267/215/233 193/216/233 238/217/232
f 339/218/234 268/219/234 194/220/234 239/221/234
f 338/222/235 241/223/235 185/224/235 240/225/235
f 337/226/236 242/227/236 195/228/236 269/229/236
f 336/230/237 243/231/237 196/232/237 270/233/237
f 335/234/238 244/235/238 197/236/238 271/237/238
f 334/238/239 272/239/239 210/240/239 258/241/239
f 333/242/240 273/243/241 207/244/241 253/245/240
f 291/246/242 312/247/242 290/248/242
f 332/249/243 280/250/244 218/251/245 278/252/246
f 331/253/247 281/254/248 219/255/249 279/256/250
f 330/257/251 283/258/252 203/259/253 249/260/254
f 329/261/255 236/262/255 183/263/255 250/264/255
f 328/265/256 235/266/256 191/267/256 284/268/256
f 327/269/257 234/270/257 190/271/257 285/272/257
f 326/273/258 233/274/258 189/275/258 286/276/258
f 325/277/259 287/278/260 217/279/261 277/280/262
f 324/281/263 248/282/264 201/283/265 292/284/266
f 323/285/267 247/286/267 200/287/267 293/288/267
f 322/289/268 294/290/268 222/291/268 290/248/268
f 321/292/269 295/293/269 221/294/269 289/295/269
f 320/296/270 300/297/271 227/298/272 299/299/273
f 319/300/274 303/301/275 229/302/276 302/303/277
f 318/304/278 297/305/279 225/306/280 305/307/281
f 317/308/282 306/309/282 194/220/282 240/225/282
f 316/310/283 307/311/283 193/216/283 239/221/283
f 315/312/284 308/313/284 192/212/284 238/217/284
f 314/314/285 250/264/285 183/263/285 237/213/285
f 313/315/286 249/260/287 203/259/288 309/316/289
f 290/248/242 312/247/242 221/294/242
f 291/246/242 223/317/242 312/247/242
f 186/318/290 296/319/290 213/320/290
f 222/291/291 291/246/242 290/248/242
f 296/319/292 220/321/292 311/322/292
f 296/319/290 311/322/290 213/320/290
f 213/320/293 311/322/293 184/323/293
f 310/324/294 202/325/295 249/260/287 313/315/286
f 228/326/296 310/324/294 313/315/286 303/301/297
f 303/301/297 313/315/286 309/316/289 229/302/298
f 309/316/299 203/259/299 250/264/299 314/314/299
f 229/302/300 309/316/300 314/314/300 308/313/300
f 308/313/301 314/314/301 237/213/301 192/212/301
f 302/303/302 229/302/302 308/313/284 315/312/284
f 227/298/302 302/303/302 315/312/284 307/311/284
f 307/311/284 315/312/284 238/217/284 193/216/284
f 299/299/303 227/298/303 307/311/283 316/310/283
f 225/306/303 299/299/303 316/310/283 306/309/283
f 306/309/283 316/310/283 239/221/283 194/220/283
f 305/307/304 225/306/304 306/309/304 317/308/304
f 198/327/305 305/307/305 317/308/305 245/328/305
f 245/328/306 317/308/306 240/225/306 185/224/306
f 304/329/307 224/330/307 297/305/279 318/304/278
f 199/331/308 304/329/308 318/304/308 246/332/308
f 246/332/309 318/304/278 305/307/281 198/327/309
f 301/333/310 228/326/311 303/301/275 319/300/274
f 226/334/312 301/333/310 319/300/274 300/297/313
f 300/297/313 319/300/274 302/303/277 227/298/314
f 298/335/315 226/334/316 300/297/271 320/296/270
f 224/330/317 298/335/315 320/296/270 297/305/318
f 297/305/318 320/296/270 299/299/273 225/306/319
f 230/336/320 187/337/320 295/293/320 321/292/320
f 186/318/321 230/336/321 321/292/321 296/319/321
f 296/319/322 321/292/322 289/295/322 220/321/322
f 231/338/323 188/339/323 294/290/323 322/289/323
f 187/337/324 231/338/324 322/289/324 295/293/324
f 295/293/325 322/289/325 290/248/325 221/294/325
f 232/340/326 182/341/326 247/286/326 323/285/326
f 188/339/327 232/340/327 323/285/327 294/290/327
f 294/290/328 323/285/328 293/288/328 222/291/328
f 293/288/329 200/287/330 248/282/264 324/281/263
f 222/291/331 293/288/329 324/281/263 291/246/332
f 291/246/332 324/281/263 292/284/266 223/317/333
f 248/282/334 200/287/335 287/278/260 325/277/259
f 201/283/336 248/282/334 325/277/259 288/342/337
f 288/342/337 325/277/259 277/280/262 214/343/338
f 247/286/339 182/341/339 233/274/339 326/273/339
f 200/287/340 247/286/340 326/273/340 287/278/340
f 287/278/341 326/273/341 286/276/341 217/279/341
f 286/276/257 189/275/257 234/270/257 327/269/257
f 217/279/257 286/276/257 327/269/257 280/250/257
f 280/250/257 327/269/257 285/272/257 218/251/257
f 285/272/256 190/271/256 235/266/256 328/265/256
f 218/251/256 285/272/256 328/265/256 281/254/256
f 281/254/256 328/265/256 284/268/256 219/255/256
f 284/268/342 191/267/342 236/262/342 329/261/342
f 219/255/343 284/268/343 329/261/343 283/258/343
f 283/258/344 329/261/344 250/264/344 203/259/344
f 279/256/345 219/255/346 283/258/252 330/257/251
f 216/344/347 279/256/345 330/257/251 282/345/348
f 282/345/348 330/257/251 249/260/254 202/325/349
f 278/252/350 218/251/351 281/254/248 331/253/247
f 215/346/352 278/252/350 331/253/247 276/347/353
f 276/347/353 331/253/247 279/256/250 216/344/354
f 277/280/355 217/279/356 280/250/244 332/249/243
f 214/343/357 277/280/355 332/249/243 275/348/358
f 275/348/358 332/249/243 278/252/246 215/346/359
f 231/338/240 187/337/241 273/243/241 333/242/240
f 188/339/240 231/338/240 333/242/240 274/199/240
f 274/199/240 333/242/240 253/245/240 204/200/240
f 230/336/360 186/318/360 272/239/360 334/238/360
f 187/337/361 230/336/361 334/238/361 273/243/361
f 273/243/362 334/238/362 258/241/362 207/244/362
f 213/320/363 184/323/363 244/235/363 335/234/363
f 186/318/364 213/320/364 335/234/364 272/239/364
f 272/239/365 335/234/365 271/237/365 210/240/365
f 271/237/366 197/236/367 243/231/367 336/230/368
f 210/240/369 271/237/366 336/230/368 261/191/370
f 261/191/370 336/230/368 270/233/371 211/192/371
f 270/233/372 196/232/372 242/227/372 337/226/372
f 211/192/373 270/233/373 337/226/373 262/195/373
f 262/195/374 337/226/374 269/229/374 212/196/374
f 269/229/375 195/228/375 241/223/375 338/222/375
f 212/196/376 269/229/376 338/222/376 268/219/376
f 268/219/377 338/222/377 240/225/377 194/220/377
f 260/197/234 212/196/234 268/219/234 339/218/234
f 209/188/378 260/197/234 339/218/234 267/215/378
f 267/215/378 339/218/234 239/221/234 193/216/378
f 255/189/232 209/188/233 267/215/233 340/214/232
f 206/208/232 255/189/232 340/214/232 266/211/232
f 266/211/232 340/214/232 238/217/232 192/212/232
f 265/209/379 206/208/379 266/211/379 341/210/379
f 191/267/380 265/209/380 341/210/380 236/262/380
f 236/262/381 341/210/381 237/213/381 183/263/381
f 264/205/230 205/204/230 252/207/230 342/206/230
f 190/271/230 264/205/230 342/206/230 235/266/230
f 235/266/230 342/206/230 265/209/230 191/267/230
f 263/201/229 204/200/229 251/203/229 343/202/229
f 189/275/229 263/201/229 343/202/229 234/270/229
f 234/270/229 343/202/229 264/205/229 190/271/229
f 232/340/382 188/339/382 274/199/382 344/198/382
f 182/341/383 232/340/383 344/198/383 233/274/383
f 233/274/384 344/198/384 263/201/384 189/275/384
f 259/193/385 211/192/386 262/195/225 345/194/224
f 208/184/387 259/193/385 345/194/224 257/187/388
f 257/187/388 345/194/224 260/197/227 209/188/389
f 258/241/390 210/240/391 261/191/221 346/190/220
f 207/244/392 258/241/390 346/190/220 256/183/393
f 256/183/393 346/190/220 259/193/223 208/184/394
f 254/185/395 208/184/396 257/187/217 347/186/216
f 205/204/397 254/185/395 347/186/216 252/207/398
f 252/207/398 347/186/216 255/189/219 206/208/399
f 253/245/400 207/244/401 256/183/213 348/182/212
f 204/200/402 253/245/400 348/182/212 251/203/403
f 251/203/403 348/182/212 254/185/215 205/204/404
f 199/331/405 246/332/405 349/349/405
f 246/332/406 198/327/406 350/350/406
f 198/327/407 245/328/407 351/351/407
f 241/223/408 352/352/408 185/224/408
f 195/228/409 353/353/409 241/223/409
f 242/227/410 354/354/410 195/228/410
f 196/232/411 355/355/411 242/227/411
f 243/231/412 356/356/412 196/232/412
f 197/236/413 357/357/413 243/231/413
f 244/235/414 358/358/414 197/236/414
f 289/295/208 359/359/208 220/321/208
f 221/294/209 360/360/209 289/295/209
f 312/247/415 361/361/415 221/294/415
f 223/317/416 362/362/416 312/247/416
f 62/363/417 243/231/417 357/357/417 176/364/417
f 169/365/418 350/350/418 198/327/418 17/366/418
f 111/367/419 292/284/419 201/283/419 20/368/419
f 176/364/420 357/357/420 197/236/420 16/369/420
f 17/366/421 198/327/421 351/351/421 170/370/421
f 16/369/422 197/236/422 358/358/422 177/371/422
f 35/372/423 216/344/424 282/345/425 101/373/425
f 170/370/426 351/351/426 245/328/426 64/374/426
f 63/375/427 244/235/427 184/323/427 3/376/427
f 177/371/428 358/358/428 244/235/428 63/375/428
f 4/377/429 185/224/429 352/352/429 171/378/429
f 129/379/430 310/324/430 228/326/431 47/380/432
f 39/381/433 178/382/433 359/359/433 220/321/433
f 101/373/425 282/345/425 202/325/434 21/383/435
f 171/378/436 352/352/436 241/223/436 60/384/436
f 178/382/437 108/385/437 289/295/437 359/359/437
f 45/386/438 226/334/438 298/335/438 117/387/438
f 21/383/435 202/325/434 310/324/430 129/379/430
f 60/384/439 241/223/439 353/353/439 172/388/439
f 108/385/440 179/389/440 360/360/440 289/295/440
f 3/376/441 184/323/441 311/322/441 130/390/441
f 172/388/442 353/353/442 195/228/442 14/391/442
f 117/387/438 298/335/438 224/330/443 43/392/444
f 130/390/445 311/322/445 220/321/445 39/381/445
f 179/389/446 40/393/446 221/294/446 360/360/446
f 64/374/447 245/328/447 185/224/447 4/377/447
f 14/391/448 195/228/448 354/354/448 173/394/448
f 40/393/449 221/294/449 361/361/449 180/395/449
f 47/380/432 228/326/431 301/333/450 120/396/450
f 173/394/451 354/354/451 242/227/451 61/397/451
f 107/398/452 288/342/452 214/343/453 33/399/454
f 94/400/455 275/348/455 215/346/456 34/401/457
f 180/395/458 361/361/458 312/247/458 131/402/458
f 61/397/459 242/227/459 355/355/459 174/403/459
f 120/396/460 301/333/460 226/334/460 45/386/460
f 95/404/461 276/347/461 216/344/424 35/372/423
f 131/402/462 312/247/462 362/362/462 181/405/462
f 20/368/452 201/283/452 288/342/452 107/398/452
f 174/403/463 355/355/463 196/232/463 15/406/463
f 33/399/454 214/343/453 275/348/464 94/400/464
f 18/407/465 199/331/465 349/349/465 168/408/465
f 181/405/466 362/362/466 223/317/466 42/409/466
f 43/392/444 224/330/443 304/329/467 123/410/468
f 15/406/469 196/232/469 356/356/469 175/411/469
f 34/401/457 215/346/456 276/347/461 95/404/461
f 168/408/470 349/349/470 246/332/470 65/412/470
f 175/411/471 356/356/471 243/231/471 62/363/471
f 42/409/419 223/317/419 292/284/419 111/367/419
f 123/410/468 304/329/467 199/331/472 18/407/472
f 65/412/473 246/332/473 350/350/473 169/365/473
f 510/413/224 427/414/388 386/415/387 425/416/385
f 509/417/220 428/418/393 387/419/392 426/420/390
f 508/421/216 432/422/398 389/423/397 430/424/395
f 507/425/212 433/426/403 390/427/402 431/428/400
f 506/429/376 445/430/376 382/431/376 434/432/376
f 505/433/474 422/434/474 383/435/474 435/436/474
f 504/437/475 423/438/475 384/439/475 436/440/475
f 503/441/476 437/442/476 373/443/476 408/444/476
f 410/445/477 706/446/477 711/447/477 501/448/477
f 501/448/478 439/449/478 375/450/478 410/445/478
f 500/451/479 412/452/479 366/453/479 411/454/479
f 499/455/480 413/456/480 376/457/480 440/458/480
f 498/459/481 414/460/481 377/461/481 441/462/481
f 497/463/482 415/464/482 378/465/482 442/466/482
f 496/467/483 443/468/483 388/469/483 429/470/483
f 495/471/234 444/472/378 385/473/378 424/474/234
f 458/475/484 474/476/484 457/477/484
f 494/478/485 449/479/485 393/480/486 447/481/486
f 493/482/487 450/483/487 394/484/488 448/485/488
f 492/486/489 451/487/489 381/488/490 420/489/490
f 491/490/491 407/491/491 364/492/491 421/493/491
f 490/494/492 406/495/492 372/496/492 452/497/492
f 489/498/493 405/499/493 371/500/493 453/501/493
f 488/502/494 404/503/494 370/504/494 454/505/494
f 487/506/495 455/507/496 392/508/497 446/509/498
f 486/510/499 419/511/500 20/512/501 111/513/502
f 485/514/503 418/515/503 380/516/503 459/517/503
f 484/518/504 460/519/504 397/520/504 457/477/504
f 483/521/505 461/522/505 396/523/505 456/524/505
f 482/525/506 465/526/507 399/527/508 464/528/509
f 481/529/510 467/530/511 400/531/511 466/532/510
f 480/533/512 463/534/332 398/535/331 468/536/329
f 479/537/327 469/538/327 375/450/327 411/454/327
f 502/539/513 712/540/513 374/541/513 409/542/513
f 477/543/514 471/544/514 373/443/514 409/542/514
f 476/545/515 421/493/515 364/492/515 408/444/515
f 475/546/516 420/489/517 381/488/517 472/547/516
f 457/477/484 474/476/484 396/523/484
f 458/475/484 42/548/484 474/476/484
f 367/549/518 462/550/518 391/551/518
f 397/520/484 458/475/484 457/477/484
f 462/550/519 395/552/519 473/553/519
f 462/550/518 473/553/518 391/551/518
f 391/551/520 473/553/520 365/554/520
f 129/555/521 21/556/522 420/489/522 475/546/523
f 47/557/524 129/555/521 475/546/523 467/530/524
f 467/530/525 475/546/516 472/547/516 400/531/525
f 472/547/526 381/488/526 421/493/526 476/545/526
f 400/531/527 472/547/527 476/545/527 471/544/527
f 471/544/528 476/545/528 408/444/528 373/443/528
f 466/532/529 400/531/529 471/544/529 477/543/529
f 399/527/530 466/532/530 477/543/530 470/558/530
f 501/448/531 711/447/531 707/559/531 438/560/531
f 464/528/532 399/527/532 470/558/532 478/561/532
f 398/535/533 464/528/533 478/561/533 469/538/533
f 469/538/534 478/561/534 410/445/534 375/450/534
f 468/536/328 398/535/328 469/538/328 479/537/328
f 379/562/535 468/536/535 479/537/535 416/563/535
f 416/563/536 479/537/536 411/454/536 366/453/536
f 123/564/333 43/565/333 463/534/332 480/533/512
f 18/566/537 123/564/537 480/533/537 417/567/537
f 417/567/330 480/533/512 468/536/329 379/562/330
f 120/568/538 47/557/538 467/530/538 481/529/538
f 45/569/539 120/568/539 481/529/539 465/526/539
f 465/526/540 481/529/510 466/532/510 399/527/540
f 117/570/541 45/569/542 465/526/507 482/525/506
f 43/565/543 117/570/541 482/525/506 463/534/544
f 463/534/544 482/525/506 464/528/509 398/535/545
f 401/571/546 368/572/546 461/522/546 483/521/546
f 367/549/547 401/571/547 483/521/547 462/550/547
f 462/550/548 483/521/548 456/524/548 395/552/548
f 402/573/549 369/574/549 460/519/549 484/518/549
f 368/572/550 402/573/550 484/518/550 461/522/550
f 461/522/551 484/518/551 457/477/551 396/523/551
f 403/575/552 363/576/552 418/515/552 485/514/552
f 369/574/282 403/575/282 485/514/282 460/519/282
f 460/519/304 485/514/304 459/517/304 397/520/304
f 459/517/281 380/516/309 419/511/500 486/510/499
f 397/520/280 459/517/281 486/510/499 458/475/279
f 458/475/279 486/510/499 111/513/502 42/548/307
f 419/511/553 380/516/554 455/507/496 487/506/495
f 20/512/555 419/511/553 487/506/495 107/577/556
f 107/577/556 487/506/495 446/509/498 33/578/557
f 418/515/558 363/576/558 404/503/558 488/502/558
f 380/516/559 418/515/559 488/502/559 455/507/559
f 455/507/560 488/502/560 454/505/560 392/508/560
f 454/505/493 370/504/493 405/499/493 489/498/493
f 392/508/493 454/505/493 489/498/493 449/479/493
f 449/479/493 489/498/493 453/501/493 393/480/493
f 453/501/492 371/500/492 406/495/492 490/494/492
f 393/480/492 453/501/492 490/494/492 450/483/492
f 450/483/492 490/494/492 452/497/492 394/484/492
f 452/497/561 372/496/561 407/491/561 491/490/561
f 394/484/562 452/497/562 491/490/562 451/487/562
f 451/487/563 491/490/563 421/493/563 381/488/563
f 448/485/564 394/484/564 451/487/489 492/486/489
f 35/579/565 448/485/565 492/486/566 101/580/567
f 101/580/567 492/486/566 420/489/568 21/556/568
f 447/481/569 393/480/569 450/483/487 493/482/487
f 34/581/570 447/481/570 493/482/571 95/582/572
f 95/582/572 493/482/571 448/485/573 35/579/573
f 446/509/574 392/508/574 449/479/485 494/478/485
f 33/578/575 446/509/575 494/478/575 94/583/575
f 94/583/576 494/478/576 447/481/576 34/581/576
f 402/573/234 368/572/378 444/472/378 495/471/234
f 369/574/234 402/573/234 495/471/234 445/430/234
f 445/430/234 495/471/234 424/474/234 382/431/234
f 401/571/577 367/549/577 443/468/577 496/467/577
f 368/572/578 401/571/578 496/467/578 444/472/578
f 444/472/579 496/467/579 429/470/579 385/473/579
f 391/551/580 365/554/580 415/464/580 497/463/580
f 367/549/581 391/551/581 497/463/581 443/468/581
f 443/468/582 497/463/582 442/466/582 388/469/582
f 442/466/583 378/465/584 414/460/584 498/459/585
f 388/469/586 442/466/583 498/459/585 432/422/587
f 432/422/587 498/459/585 441/462/588 389/423/588
f 441/462/589 377/461/589 413/456/589 499/455/589
f 389/423/590 441/462/590 499/455/590 433/426/590
f 433/426/591 499/455/591 440/458/591 390/427/591
f 440/458/592 376/457/592 412/452/592 500/451/592
f 390/427/228 440/458/228 500/451/228 439/449/228
f 439/449/382 500/451/382 411/454/382 375/450/382
f 431/428/593 390/427/593 439/449/593 501/448/593
f 387/419/594 431/428/594 501/448/594 438/560/594
f 470/558/595 708/584/595 710/585/595 478/561/595
f 426/420/596 387/419/596 438/560/596 502/539/596
f 384/439/597 426/420/597 502/539/597 437/442/597
f 437/442/598 502/539/598 409/542/598 373/443/598
f 436/440/599 384/439/599 437/442/599 503/441/599
f 372/496/600 436/440/600 503/441/600 407/491/600
f 407/491/601 503/441/601 408/444/601 364/492/601
f 435/436/475 383/435/475 423/438/475 504/437/475
f 371/500/475 435/436/475 504/437/475 406/495/475
f 406/495/475 504/437/475 436/440/475 372/496/475
f 434/432/474 382/431/474 422/434/474 505/433/474
f 370/504/474 434/432/474 505/433/474 405/499/474
f 405/499/474 505/433/474 435/436/474 371/500/474
f 403/575/377 369/574/377 445/430/377 506/429/377
f 363/576/602 403/575/602 506/429/602 404/503/602
f 404/503/603 506/429/603 434/432/603 370/504/603
f 430/424/215 389/423/404 433/426/403 507/425/212
f 386/415/214 430/424/215 507/425/212 428/418/213
f 428/418/213 507/425/212 431/428/400 387/419/401
f 429/470/219 388/469/399 432/422/398 508/421/216
f 385/473/218 429/470/219 508/421/216 427/414/217
f 427/414/217 508/421/216 430/424/395 386/415/396
f 425/416/223 386/415/394 428/418/393 509/417/220
f 383/435/222 425/416/223 509/417/220 423/438/221
f 423/438/221 509/417/220 426/420/390 384/439/391
f 424/474/227 385/473/389 427/414/388 510/413/224
f 382/431/226 424/474/227 510/413/224 422/434/225
f 422/434/225 510/413/224 425/416/385 383/435/386
f 18/566/604 417/567/604 511/586/604
f 417/567/605 379/562/605 512/587/605
f 379/562/606 416/563/606 513/588/606
f 412/452/607 514/589/607 366/453/607
f 376/457/608 515/590/608 412/452/608
f 413/456/609 516/591/609 376/457/609
f 377/461/610 517/592/610 413/456/610
f 414/460/611 518/593/611 377/461/611
f 378/465/612 519/594/612 414/460/612
f 415/464/613 520/595/613 378/465/613
f 456/524/614 395/552/614 521/596/614
f 396/523/615 456/524/615 522/597/615
f 474/476/616 523/598/616 396/523/616
f 42/548/617 524/599/617 474/476/617
f 691/600/11 597/601/180 551/602/182 599/603/183
f 690/604/7 598/605/185 552/606/187 600/607/188
f 689/608/618 602/609/619 554/610/620 604/611/621
f 688/612/1 603/613/193 555/614/195 605/615/196
f 687/616/164 606/617/164 547/618/164 617/619/164
f 686/620/622 607/621/622 548/622/622 594/623/622
f 685/624/623 608/625/623 549/626/623 595/627/623
f 684/628/624 580/629/624 535/630/624 609/631/624
f 683/632/625 581/633/625 536/634/626 610/635/626
f 682/636/26 582/637/26 537/638/26 611/639/26
f 681/640/627 583/641/627 528/642/627 584/643/627
f 680/644/628 612/645/628 538/646/628 585/647/628
f 679/648/629 613/649/629 539/650/629 586/651/629
f 678/652/630 614/653/630 540/654/630 587/655/630
f 677/656/631 601/657/631 553/658/631 615/659/631
f 676/660/20 596/661/20 550/662/166 616/663/166
f 634/664/632 633/665/632 655/666/632
f 675/667/633 621/668/634 561/669/635 623/670/636
f 674/671/637 622/672/638 562/673/639 624/674/640
f 673/675/641 592/676/642 546/677/643 626/678/644
f 672/679/645 593/680/645 526/681/645 579/682/645
f 671/683/646 627/684/646 534/685/646 578/686/646
f 670/687/647 628/688/647 533/689/647 577/690/647
f 669/691/648 629/692/648 532/693/648 576/694/648
f 668/695/649 620/696/650 560/697/651 630/698/652
f 667/699/653 635/700/654 544/701/655 591/702/656
f 666/703/657 636/704/657 543/705/657 590/706/657
f 665/707/658 633/665/658 565/708/658 637/709/658
f 664/710/659 632/711/659 564/712/659 638/713/659
f 663/714/660 642/715/661 570/716/662 643/717/663
f 662/718/664 645/719/665 572/720/666 646/721/667
f 661/722/668 648/723/113 568/724/115 640/725/116
f 660/726/111 583/641/111 537/638/111 649/727/111
f 659/728/669 582/637/669 536/634/669 650/729/669
f 658/730/670 581/633/670 535/630/670 651/731/670
f 657/732/671 580/629/671 526/681/671 593/680/671
f 656/733/672 652/734/673 546/677/674 592/676/675
f 633/665/632 564/712/632 655/666/632
f 634/664/632 655/666/632 566/735/632
f 529/736/676 556/737/676 639/738/676
f 565/708/677 633/665/632 634/664/632
f 639/738/678 654/739/678 563/740/678
f 639/738/676 556/737/676 654/739/676
f 556/737/679 527/741/679 654/739/679
f 653/742/680 656/733/672 592/676/675 545/743/681
f 571/744/682 646/721/683 656/733/672 653/742/680
f 646/721/683 572/720/684 652/734/673 656/733/672
f 652/734/685 657/732/685 593/680/685 546/677/685
f 572/720/686 651/731/686 657/732/686 652/734/686
f 651/731/687 535/630/687 580/629/687 657/732/687
f 645/719/688 658/730/670 651/731/670 572/720/688
f 570/716/688 650/729/670 658/730/670 645/719/688
f 650/729/670 536/634/670 581/633/670 658/730/670
f 642/715/689 659/728/669 650/729/669 570/716/689
f 568/724/689 649/727/669 659/728/669 642/715/689
f 649/727/669 537/638/669 582/637/669 659/728/669
f 648/723/112 660/726/112 649/727/112 568/724/112
f 541/745/690 588/746/690 660/726/690 648/723/690
f 588/746/691 528/642/691 583/641/691 660/726/691
f 647/747/117 661/722/668 640/725/116 567/748/117
f 542/749/692 589/750/692 661/722/692 647/747/692
f 589/750/114 541/745/114 648/723/113 661/722/668
f 644/751/693 662/718/664 646/721/667 571/744/694
f 569/752/695 643/717/696 662/718/664 644/751/693
f 643/717/696 570/716/697 645/719/665 662/718/664
f 641/753/698 663/714/660 643/717/663 569/752/699
f 567/748/700 640/725/701 663/714/660 641/753/698
f 640/725/701 568/724/702 642/715/661 663/714/660
f 573/754/703 664/710/703 638/713/703 530/755/703
f 529/736/704 639/738/704 664/710/704 573/754/704
f 639/738/705 563/740/705 632/711/705 664/710/705
f 574/756/706 665/707/706 637/709/706 531/757/706
f 530/755/707 638/713/707 665/707/707 574/756/707
f 638/713/708 564/712/708 633/665/708 665/707/708
f 575/758/709 666/703/709 590/706/709 525/759/709
f 531/757/64 637/709/64 666/703/64 575/758/64
f 637/709/90 565/708/90 636/704/90 666/703/90
f 636/704/61 667/699/653 591/702/656 543/705/95
f 565/708/62 634/664/63 667/699/653 636/704/61
f 634/664/63 566/735/93 635/700/654 667/699/653
f 591/702/710 668/695/649 630/698/652 543/705/711
f 544/701/712 631/760/713 668/695/649 591/702/710
f 631/760/713 557/761/714 620/696/650 668/695/649
f 590/706/715 669/691/715 576/694/715 525/759/715
f 543/705/716 630/698/716 669/691/716 590/706/716
f 630/698/717 560/697/717 629/692/717 669/691/717
f 629/692/647 670/687/647 577/690/647 532/693/647
f 560/697/647 623/670/647 670/687/647 629/692/647
f 623/670/647 561/669/647 628/688/647 670/687/647
f 628/688/646 671/683/646 578/686/646 533/689/646
f 561/669/646 624/674/646 671/683/646 628/688/646
f 624/674/646 562/673/646 627/684/646 671/683/646
f 627/684/718 672/679/718 579/682/718 534/685/718
f 562/673/719 626/678/719 672/679/719 627/684/719
f 626/678/720 546/677/720 593/680/720 672/679/720
f 622/672/721 673/675/641 626/678/644 562/673/722
f 559/762/723 625/763/724 673/675/641 622/672/721
f 625/763/724 545/743/725 592/676/642 673/675/641
f 621/668/726 674/671/637 624/674/640 561/669/727
f 558/764/728 619/765/729 674/671/637 621/668/726
f 619/765/729 559/762/730 622/672/638 674/671/637
f 620/696/731 675/667/633 623/670/636 560/697/732
f 557/761/733 618/766/734 675/667/633 620/696/731
f 618/766/734 558/764/735 621/668/634 675/667/633
f 574/756/20 676/660/20 616/663/166 530/755/166
f 531/757/20 617/619/20 676/660/20 574/756/20
f 617/619/20 547/618/20 596/661/20 676/660/20
f 573/754/736 677/656/736 615/659/736 529/736/736
f 530/755/737 616/663/737 677/656/737 573/754/737
f 616/663/738 550/662/738 601/657/738 677/656/738
f 556/737/739 678/652/739 587/655/739 527/741/739
f 529/736/740 615/659/740 678/652/740 556/737/740
f 615/659/741 553/658/741 614/653/741 678/652/741
f 614/653/742 679/648/743 586/651/744 540/654/744
f 553/658/745 604/611/746 679/648/743 614/653/742
f 604/611/746 554/610/747 613/649/747 679/648/743
f 613/649/748 680/644/748 585/647/748 539/650/748
f 554/610/749 605/615/749 680/644/749 613/649/749
f 605/615/750 555/614/750 612/645/750 680/644/750
f 612/645/751 681/640/751 584/643/751 538/646/751
f 555/614/15 611/639/15 681/640/15 612/645/15
f 611/639/177 537/638/177 583/641/177 681/640/177
f 603/613/26 682/636/26 611/639/26 555/614/26
f 552/606/27 610/635/27 682/636/26 603/613/26
f 610/635/27 536/634/27 582/637/26 682/636/26
f 598/605/625 683/632/625 610/635/626 552/606/626
f 549/626/625 609/631/625 683/632/625 598/605/625
f 609/631/625 535/630/625 581/633/625 683/632/625
f 608/625/752 684/628/752 609/631/752 549/626/752
f 534/685/753 579/682/753 684/628/753 608/625/753
f 579/682/754 526/681/754 580/629/754 684/628/754
f 607/621/623 685/624/623 595/627/623 548/622/623
f 533/689/623 578/686/623 685/624/623 607/621/623
f 578/686/623 534/685/623 608/625/623 685/624/623
f 606/617/622 686/620/622 594/623/622 547/618/622
f 532/693/622 577/690/622 686/620/622 606/617/622
f 577/690/622 533/689/622 607/621/622 686/620/622
f 575/758/165 687/616/165 617/619/165 531/757/165
f 525/759/755 576/694/755 687/616/755 575/758/755
f 576/694/756 532/693/756 606/617/756 687/616/756
f 602/609/2 688/612/1 605/615/196 554/610/197
f 551/602/3 600/607/4 688/612/1 602/609/2
f 600/607/4 552/606/194 603/613/193 688/612/1
f 601/657/757 689/608/618 604/611/621 553/658/758
f 550/662/6 599/603/5 689/608/618 601/657/757
f 599/603/5 551/602/190 602/609/619 689/608/618
f 597/601/8 690/604/7 600/607/188 551/602/189
f 548/622/9 595/627/10 690/604/7 597/601/8
f 595/627/10 549/626/186 598/605/185 690/604/7
f 596/661/12 691/600/11 599/603/183 550/662/184
f 547/618/13 594/623/14 691/600/11 596/661/12
f 594/623/14 548/622/181 597/601/180 691/600/11
f 542/749/759 692/767/759 589/750/759
f 589/750/760 693/768/760 541/745/760
f 541/745/761 694/769/761 588/746/761
f 584/643/762 528/642/762 695/770/762
f 538/646/763 584/643/763 696/771/763
f 585/647/764 538/646/764 697/772/764
f 539/650/765 585/647/765 698/773/765
f 586/651/766 539/650/766 699/774/766
f 540/654/767 586/651/767 700/775/767
f 587/655/768 540/654/768 701/776/768
f 632/711/614 563/740/614 702/777/614
f 564/712/615 632/711/615 703/778/615
f 655/666/769 564/712/769 704/779/769
f 566/735/770 655/666/770 705/780/770
f 414/781/771 519/782/771 700/775/771 586/651/771
f 512/783/772 379/784/772 541/745/772 693/768/772
f 111/785/773 20/786/773 544/701/773 635/700/773
f 519/782/774 378/787/774 540/654/774 700/775/774
f 379/784/775 513/788/775 694/769/775 541/745/775
f 378/787/776 520/789/776 701/776/776 540/654/776
f 35/790/777 101/791/777 625/763/777 559/762/777
f 513/788/778 416/792/778 588/746/778 694/769/778
f 415/793/779 365/794/779 527/741/779 587/655/779
f 520/789/780 415/793/780 587/655/780 701/776/780
f 366/795/781 514/796/781 695/770/781 528/642/781
f 129/797/782 47/798/782 571/744/782 653/742/782
f 395/799/783 563/740/783 702/777/783 521/800/783
f 101/791/777 21/801/777 545/743/777 625/763/777
f 514/796/784 412/802/784 584/643/784 695/770/784
f 521/800/785 702/777/785 632/711/785 456/803/785
f 45/804/786 117/805/786 641/753/786 569/752/786
f 21/801/782 129/797/782 653/742/782 545/743/782
f 412/802/787 515/806/787 696/771/787 584/643/787
f 456/803/788 632/711/788 703/778/788 522/807/788
f 365/794/789 473/808/789 654/739/789 527/741/789
f 515/806/790 376/809/790 538/646/790 696/771/790
f 117/805/786 43/810/791 567/748/792 641/753/786
f 473/808/793 395/799/793 563/740/793 654/739/793
f 522/807/794 703/778/794 564/712/794 396/811/794
f 416/792/795 366/795/795 528/642/795 588/746/795
f 376/809/796 516/812/796 697/772/796 538/646/796
f 396/811/797 523/813/797 704/779/797 564/712/797
f 47/798/798 120/814/799 644/751/800 571/744/798
f 516/812/801 413/815/801 585/647/801 697/772/801
f 107/816/802 33/817/802 557/761/802 631/760/802
f 94/818/803 34/819/803 558/764/803 618/766/803
f 523/813/804 474/820/804 655/666/804 704/779/804
f 413/815/805 517/821/805 698/773/805 585/647/805
f 120/814/799 45/804/806 569/752/806 644/751/800
f 95/822/807 35/790/807 559/762/807 619/765/807
f 474/820/808 524/823/808 705/780/808 655/666/808
f 20/786/802 107/816/802 631/760/802 544/701/802
f 517/821/809 377/824/809 539/650/809 698/773/809
f 33/817/810 94/818/810 618/766/810 557/761/810
f 18/825/811 511/826/811 692/767/811 542/749/811
f 524/823/812 42/827/812 566/735/812 705/780/812
f 43/810/791 123/828/813 647/747/814 567/748/792
f 377/824/815 518/829/815 699/774/815 539/650/815
f 34/819/807 95/822/807 619/765/807 558/764/807
f 511/826/816 417/830/816 589/750/816 692/767/816
f 518/829/817 414/781/817 586/651/817 699/774/817
f 42/827/773 111/785/773 635/700/773 566/735/773
f 123/828/813 18/825/818 542/749/818 647/747/814
f 417/830/819 512/783/819 693/768/819 589/750/819
f 478/561/820 710/585/820 706/446/820 410/445/820
f 409/542/821 374/541/821 709/831/821 477/543/821
f 438/560/822 707/559/822 712/540/822 502/539/822
f 477/543/823 709/831/823 708/584/823 470/558/823
f 374/832/824 713/833/824 717/834/824 709/835/824
f 712/836/825 720/837/825 713/833/825 374/832/825
f 706/838/826 714/839/826 719/840/826 711/841/826
f 708/842/827 716/843/827 718/844/827 710/845/827
f 709/835/828 717/834/828 716/843/828 708/842/828
f 707/846/829 715/847/829 720/837/829 712/836/829
f 711/841/830 719/840/830 715/847/830 707/846/830
f 710/845/831 718/844/831 714/839/831 706/838/831
f 719/848/832 727/849/832 723/850/832 715/851/832
f 713/852/833 721/853/833 725/854/833 717/855/833
f 718/856/834 726/857/834 722/858/834 714/859/834
f 720/860/835 728/861/835 721/853/835 713/852/835
f 714/859/836 722/858/836 727/849/836 719/848/836
f 717/855/837 725/854/837 724/862/837 716/863/837
f 716/863/838 724/862/838 726/857/838 718/856/838
f 715/851/839 723/850/839 728/861/839 720/860/839
f 723/850/840 731/864/840 736/865/840 728/861/840
f 727/849/841 735/866/841 731/864/841 723/850/841
f 721/853/842 729/867/842 733/868/842 725/854/842
f 726/857/843 734/869/843 730/870/843 722/858/843
f 728/861/844 736/865/844 729/867/844 721/853/844
f 722/858/845 730/870/845 735/866/845 727/849/845
f 725/854/846 733/868/846 732/871/846 724/862/846
f 724/862/847 732/871/847 734/869/847 726/857/847
f 730/870/848 738/872/848 743/873/848 735/866/848
f 733/868/849 741/874/849 740/875/849 732/871/849
f 732/871/850 740/875/850 742/876/850 734/869/850
f 731/864/851 739/877/851 744/878/851 736/865/851
f 735/866/852 743/873/852 739/877/852 731/864/852
f 729/867/853 737/879/853 741/874/853 733/868/853
f 734/869/854 742/876/854 738/872/854 730/870/854
f 736/865/855 744/878/855 737/879/855 729/867/855
f 742/876/856 750/880/856 746/881/856 738/872/856
f 744/878/857 752/882/857 745/883/857 737/879/857
f 738/872/858 746/881/858 751/884/858 743/873/858
f 741/874/859 749/885/859 748/886/859 740/875/859
f 740/875/860 748/886/860 750/880/860 742/876/860
f 739/877/861 747/887/861 752/882/861 744/878/861
f 743/873/862 751/884/862 747/887/862 739/877/862
f 737/879/863 745/883/863 749/885/863 741/874/863
f 747/887/864 755/888/864 760/889/864 752/882/864
f 751/884/865 759/890/865 755/888/865 747/887/865
f 745/883/866 753/891/866 757/892/866 749/885/866
f 750/880/867 758/893/867 754/894/867 746/881/867
f 752/882/868 760/889/868 753/891/868 745/883/868
f 746/881/869 754/894/869 759/890/869 751/884/869
f 749/885/870 757/892/870 756/895/870 748/886/870
f 748/886/871 756/895/871 758/893/871 750/880/871
f 756/895/872 764/896/872 766/897/872 758/893/872
f 755/888/873 763/898/873 768/899/873 760/889/873
f 759/890/874 767/900/874 763/898/874 755/888/874
f 753/891/875 761/901/875 765/902/875 757/892/875
f 758/893/876 766/897/876 762/903/876 754/894/876
f 760/889/877 768/899/877 761/901/877 753/891/877
f 754/894/878 762/903/878 767/900/878 759/890/878
f 757/892/879 765/902/880 764/896/881 756/895/879
f 768/899/877 769/904/882 761/901/877
f 762/903/883 769/904/883 767/900/883
f 765/902/880 769/904/884 764/896/881
f 764/896/885 769/904/885 766/897/885
f 763/898/886 769/904/886 768/899/886
f 767/900/887 769/904/887 763/898/887
f 761/901/888 769/904/888 765/902/888
f 766/897/889 769/904/889 762/903/889
